stable_id	name	aliases	country	lat	lon	precision	reactor_type	status	purpose	thermal_power_mw	operator	first_criticality	shutdown_date	source_url	source_role	retrieved	license	verification_notes
wikidata-q6716310	MIT Nuclear Research Reactor						heavy-water-reflected research reactor	operational		6	Massachusetts Institute of Technology			https://www.nrc.gov/facilities-safety/facility-finder/nonpower/mit-ma-hwr-reflected	national regulator facility record	2026-09-27	U.S. Government work; public domain	Exact identity match. NRC lists the Massachusetts Institute of Technology facility among operating research and test reactors and gives reactor type HWR Reflected and licensed power level 6,000 kW. Power converted exactly from kW to MW.
wikidata-q7261000	Purdue University Reactor Number One						Lockheed research reactor	operational		0.012	Purdue University			https://www.nrc.gov/facilities-safety/facility-finder/nonpower/pu-in-lockheed	national regulator facility record	2026-09-27	U.S. Government work; public domain	Exact identity match to PUR-1/Purdue University Reactor Number One. NRC lists Purdue among operating research and test reactors and gives reactor type Lockheed and licensed power level 12 kW. Power converted exactly from kW to MW.
wikidata-q7306688	Reed Research Reactor						TRIGA Mark I	operational		0.25	Reed College			https://www.nrc.gov/facilities-safety/facility-finder/nonpower/rc-or-triga	national regulator facility record	2026-09-27	U.S. Government work; public domain	Exact identity match. NRC lists Reed College among operating research and test reactors and gives reactor type TRIGA Mark I and licensed power level 250 kW. Power converted exactly from kW to MW.
wikidata-q7864599	UF Training Reactor						Argonaut	operational		0.1	University of Florida			https://www.nrc.gov/facilities-safety/facility-finder/nonpower/ufl-fl-argonaut	national regulator facility record	2026-09-27	U.S. Government work; public domain	Exact identity match to the University of Florida Training Reactor. NRC lists the university among operating research and test reactors and gives reactor type Argonaut and licensed power level 100 kW. Power converted exactly from kW to MW.
wikidata-q2075888	University of Massachusetts Lowell Radiation Laboratory						GE pool-type research reactor	operational		1	University of Massachusetts Lowell			https://www.nrc.gov/facilities-safety/facility-finder/nonpower/uma-lowell-ma-ge-pool	national regulator facility record	2026-09-27	U.S. Government work; public domain	Exact facility match. NRC lists University of Massachusetts Lowell among operating research and test reactors and gives reactor type GE Pool and licensed power level 1,000 kW. Power converted exactly from kW to MW.
wikidata-q7895838	University of Missouri Research Reactor Center						tank-type research reactor	operational		10	University of Missouri			https://www.nrc.gov/facilities-safety/facility-finder/nonpower/umo-columbia-mo-tank	national regulator facility record	2026-09-27	U.S. Government work; public domain	Exact facility match to the University of Missouri Columbia research reactor. NRC lists the university among operating research and test reactors and gives reactor type Tank and licensed power level 10,000 kW. Power converted exactly from kW to MW.
cnsc-ca-mcmaster-nuclear-reactor	McMaster Nuclear Reactor			43.2611427307	-79.9214782715	CNSC published facility point; reactor-level positional accuracy not independently surveyed	open-pool materials test reactor	operational	research|materials testing|teaching|isotope production	5	McMaster University			https://www.cnsc-ccsn.gc.ca/eng/reactors/research-reactors/mcmaster/	national regulator facility record	2026-09-27	Open Government Licence - Canada 2.0	Exact named-facility match. CNSC states that McMaster University owns and is licensed to operate this 5 MW open-pool materials test reactor and reports status Operating. Coordinates are the exact McMaster Nuclear Reactor point in the separately registered CNSC open geospatial layer; they are a published facility point, not a surveyed core coordinate.
cnsc-ca-polytechnique-slowpoke-2	Polytechnique Montréal SLOWPOKE-2						SLOWPOKE-2 sealed-container in-pool reactor	operational	research|neutron analysis|teaching|isotope production	0.02	École Polytechnique de Montréal			https://www.cnsc-ccsn.gc.ca/eng/reactors/research-reactors/ecole-polytechnique/	national regulator facility record	2026-09-27	Open Government Licence - Canada 2.0	Exact named-facility match. CNSC states that École Polytechnique owns and is licensed to operate the reactor, reports status Operating, identifies a sealed-container in-pool SLOWPOKE-2 design and gives 20 kW thermal capacity. Power converted exactly from kW to MW; purposes come from the linked CNSC oversight material.
cnsc-ca-rmc-slowpoke-2	Royal Military College of Canada SLOWPOKE-2						SLOWPOKE-2 sealed-container in-pool reactor	operational	neutron activation analysis|fissile-material analysis|neutron radiography and radioscopy|postgraduate radiation-protection education	0.02	Royal Military College of Canada			https://www.cnsc-ccsn.gc.ca/eng/reactors/research-reactors/royal-military-college/	national regulator facility record	2026-09-27	Open Government Licence - Canada 2.0	Exact named-facility match. CNSC states that RMC owns and is licensed to operate the reactor, reports status Operating, identifies a sealed-container in-pool SLOWPOKE-2 design and gives 20 kW thermal capacity. Power converted exactly from kW to MW; purposes come from the linked CNSC oversight material.
wikidata-q8063012	ZED-2						tank-type heavy-water-moderated low-power research reactor	operational	reactor physics measurements|prototype fuel testing	0.0002	Canadian Nuclear Laboratories			https://www.cnsc-ccsn.gc.ca/eng/resources/publications/reports/jointconvention/seventh-report/seventh-report-joint-convention/	national regulator report	2026-09-27	Open Government Licence - Canada 2.0	Exact named-reactor match. CNSC identifies ZED-2 as an operating pool-type 200 W reactor used occasionally for prototype-fuel testing; the more specific tank-type heavy-water-moderated description and current operator name are corroborated by the primary operator but the patch does not redistribute operator prose. Power converted exactly from W to MW.
