record_id	source_catalog	source_row	organization	country	identity_class	normalized_status	approach_configuration	named_devices_projects	fuel_cycle	highest_independently_supported_milestone	unsupported_or_ambiguous_claims	official_url	independent_sources	source_dates	confidence	evidence_tier	status_completeness	identity_completeness	approach_completeness	device_completeness	fuel_cycle_completeness	milestone_completeness	unsupported_claims_completeness	official_url_completeness	independent_source_completeness	source_date_completeness	country_completeness	confidence_completeness	gap_count	priority_score	priority_band	gap_fields
AUD-001	core_audit	1	Commonwealth Fusion Systems	United States	fusion reactor/device developer	active	magnetic confinement | high-field compact tokamak | D-T	SPARC; ARC	D-T	peer-reviewed 20 T-class large-bore HTS magnet demonstration; SPARC construction independently documented	commercial dates, plant economics and any Q/net-electricity implication beyond the independently supported milestone remain company projections	https://cfs.energy/	https://www.energy.gov/articles/us-department-energy-announces-selectees-107-million-fusion-innovation-research-engine; https://doi.org/10.1109/TASC.2023.3332613	official page accessed 2026-09-26; independent sources 2023-2026; FIA register 2025-07; UKAEA guide 2026-04 where used	medium	C	complete	complete	complete	complete	complete	complete	complete	complete	complete	partial: review	complete	complete	1	4	medium	source_date
AUD-002	core_audit	2	TAE Technologies	United States	fusion reactor/device developer	active	magnetic confinement | beam-driven FRC | H-B11 long-term	C-2; C-2U; Norman; Copernicus; Da Vinci	p-B11	operated Norman/C-2 series with peer-reviewed FRC plasma results	commercial dates, plant economics and any Q/net-electricity implication beyond the independently supported milestone remain company projections	https://tae.com/	https://www.frontiersin.org/articles/10.3389/fenrg.2023.1157394/full	official page accessed 2026-09-26; independent sources 2023-2026; FIA register 2025-07; UKAEA guide 2026-04 where used	high	B	complete	complete	complete	complete	complete	complete	complete	complete	complete	partial: review	complete	complete	1	4	medium	source_date
AUD-003	core_audit	3	Helion Energy	United States	fusion reactor/device developer	active	pulsed magneto-inertial | colliding FRC | direct electricity recovery	Trenta; Polaris; proposed Orion plant	not publicly specified in audited record	multiple pulsed FRC prototypes operated; no independent net-electricity result	commercial dates, plant economics and any Q/net-electricity implication beyond the independently supported milestone remain company projections	https://www.helionenergy.com/	https://www.frontiersin.org/articles/10.3389/fenrg.2023.1157394/full	official page accessed 2026-09-26; independent sources 2023-2026; FIA register 2025-07; UKAEA guide 2026-04 where used	medium	C	complete	complete	complete	complete	missing: review	complete	complete	complete	complete	partial: review	complete	complete	2	5	medium	fuel_cycle;source_date
AUD-004	core_audit	4	General Fusion	Canada	fusion reactor/device developer	active; publicly listed as General Fusion Group (Nasdaq: GFUZ since 2026-07)	magnetized-target fusion | liquid-metal liner compression	LM26; Magnetized Target Fusion Demonstration Plant concepts	not publicly specified in audited record	LM26 constructed and operating per company/public-company disclosures; earlier subsystems independently documented	commercial dates, plant economics and any Q/net-electricity implication beyond the independently supported milestone remain company projections	https://generalfusion.com/	https://www.ukaea.org/news/ukaea-supports-diverse-paths-to-fusion-energy/	official page accessed 2026-09-26; independent sources 2023-2026; FIA register 2025-07; UKAEA guide 2026-04 where used	medium	C	complete	complete	complete	complete	missing: review	complete	complete	complete	complete	partial: review	complete	complete	2	5	medium	fuel_cycle;source_date
AUD-005	core_audit	5	Tokamak Energy	United Kingdom	fusion reactor/device developer	active	magnetic confinement | spherical tokamak | HTS magnets	ST25; ST40; Demo4 magnet; ST-E1 pilot design	not publicly specified in audited record	ST40 operated with peer-reviewed high-temperature plasma results; HTS magnet hardware tested	commercial dates, plant economics and any Q/net-electricity implication beyond the independently supported milestone remain company projections	https://tokamakenergy.com/	https://www.energy.gov/articles/doe-announces-new-decadal-fusion-energy-strategy	official page accessed 2026-09-26; independent sources 2023-2026; FIA register 2025-07; UKAEA guide 2026-04 where used	medium	C	complete	complete	complete	complete	missing: review	complete	complete	complete	complete	partial: review	complete	complete	2	5	medium	fuel_cycle;source_date
AUD-006	core_audit	6	Zap Energy	United States	fusion reactor/device developer	active	pulsed magnetic confinement | sheared-flow-stabilized Z pinch	FuZE; FuZE-Q; Century	not publicly specified in audited record	FuZE/FuZE-Q plasma results peer reviewed; Century operation reported by US ARPA-E	commercial dates, plant economics and any Q/net-electricity implication beyond the independently supported milestone remain company projections	https://www.zapenergy.com/	https://arpa-e.energy.gov/news-and-events/news-and-insights/arpa-e-investor-update-vol-23-zap-energys-fusion-power-plant-demo; https://www.energy.gov/articles/us-department-energy-announces-selectees-107-million-fusion-innovation-research-engine	official page accessed 2026-09-26; independent sources 2023-2026; FIA register 2025-07; UKAEA guide 2026-04 where used	high	B	complete	complete	complete	complete	missing: review	complete	complete	complete	complete	partial: review	complete	complete	2	5	medium	fuel_cycle;source_date
AUD-007	core_audit	7	Type One Energy	United States	fusion reactor/device developer	active	magnetic confinement | optimized stellarator | HTS magnets	Infinity One; Fusion Pilot Plant	not publicly specified in audited record	DOE-selected design program; component/design work, no operating company fusion device	commercial dates, plant economics and any Q/net-electricity implication beyond the independently supported milestone remain company projections	https://typeoneenergy.com/	https://www.energy.gov/articles/doe-announces-new-decadal-fusion-energy-strategy	official page accessed 2026-09-26; independent sources 2023-2026; FIA register 2025-07; UKAEA guide 2026-04 where used	medium	C	complete	complete	complete	complete	missing: review	complete	complete	complete	complete	partial: review	complete	complete	2	5	medium	fuel_cycle;source_date
AUD-008	core_audit	8	Thea Energy	United States	fusion reactor/device developer	active	magnetic confinement | planar-coil stellarator	Eos; pilot-plant studies	not publicly specified in audited record	DOE independently reviewed completion of equilibrium-selection and planar HTS-coil milestones	commercial dates, plant economics and any Q/net-electricity implication beyond the independently supported milestone remain company projections	https://thea.energy/	https://www.energy.gov/articles/us-department-energy-announces-selectees-107-million-fusion-innovation-research-engine	official page accessed 2026-09-26; independent sources 2023-2026; FIA register 2025-07; UKAEA guide 2026-04 where used	high	B	complete	complete	complete	complete	missing: review	complete	complete	complete	complete	partial: review	complete	complete	2	5	medium	fuel_cycle;source_date
AUD-009	core_audit	9	Realta Fusion	United States	fusion reactor/device developer	active	magnetic confinement | axisymmetric mirror | HTS magnets	WHAM partnership; Anvil	not publicly specified in audited record	DOE independently reviewed whole-device mirror-model milestone; WHAM platform exists at UW-Madison	commercial dates, plant economics and any Q/net-electricity implication beyond the independently supported milestone remain company projections	https://realtafusion.com/	https://www.energy.gov/articles/us-department-energy-announces-selectees-107-million-fusion-innovation-research-engine	official page accessed 2026-09-26; independent sources 2023-2026; FIA register 2025-07; UKAEA guide 2026-04 where used	high	B	complete	complete	complete	complete	missing: review	complete	complete	complete	complete	partial: review	complete	complete	2	5	medium	fuel_cycle;source_date
AUD-010	core_audit	10	Pacific Fusion	United States	fusion reactor/device developer	active	pulsed magnetic inertial fusion | pulsed-power driver	Demonstration system concept	not publicly specified in audited record	conceptual design and pulsed-power component development	commercial dates, plant economics and any Q/net-electricity implication beyond the independently supported milestone remain company projections	https://pacificfusion.com/	https://www.ukaea.org/wp-content/uploads/2026/04/ukaea-global-fusion-guide-smes.pdf	official page accessed 2026-09-26; independent sources 2023-2026; FIA register 2025-07; UKAEA guide 2026-04 where used	medium	C	complete	complete	complete	complete	missing: review	complete	complete	complete	complete	partial: review	complete	complete	2	5	medium	fuel_cycle;source_date
AUD-011	core_audit	11	Xcimer Energy	United States	fusion reactor/device developer	active	laser inertial fusion | KrF excimer driver	Phoenix laser architecture; pilot-plant design	not publicly specified in audited record	design and laser-development program; no integrated fusion device	commercial dates, plant economics and any Q/net-electricity implication beyond the independently supported milestone remain company projections	https://xcimer.energy/	https://www.energy.gov/articles/doe-announces-new-decadal-fusion-energy-strategy	official page accessed 2026-09-26; independent sources 2023-2026; FIA register 2025-07; UKAEA guide 2026-04 where used	medium	C	complete	complete	complete	complete	missing: review	complete	complete	complete	complete	partial: review	complete	complete	2	5	medium	fuel_cycle;source_date
AUD-012	core_audit	12	Focused Energy	United States / Germany	fusion reactor/device developer	active	laser inertial fusion | proton fast ignition/direct drive	Laser Fusion Pilot Plant studies	not publicly specified in audited record	DOE independently reviewed high-gain target-model and ion-beam-focusing milestones	commercial dates, plant economics and any Q/net-electricity implication beyond the independently supported milestone remain company projections	https://focused-energy.world/	https://www.energy.gov/articles/us-department-energy-announces-selectees-107-million-fusion-innovation-research-engine; https://www.energy.gov/nepa/articles/cx-030451-inertial-fusion-energy-high-gain-proton-fast-ignition	official page accessed 2026-09-26; independent sources 2023-2026; FIA register 2025-07; UKAEA guide 2026-04 where used	high	B	complete	complete	complete	complete	missing: review	complete	complete	complete	complete	partial: review	complete	complete	2	5	medium	fuel_cycle;source_date
AUD-013	core_audit	13	Marvel Fusion	Germany	fusion reactor/device developer	active	laser inertial fusion | short-pulse laser/nanostructured target	Laser-fusion demonstrator plans	not publicly specified in audited record	laser-target experiments and partnerships; no reactor-scale gain	commercial dates, plant economics and any Q/net-electricity implication beyond the independently supported milestone remain company projections	https://marvelfusion.com/	https://www.ukaea.org/wp-content/uploads/2026/04/ukaea-global-fusion-guide-smes.pdf	official page accessed 2026-09-26; independent sources 2023-2026; FIA register 2025-07; UKAEA guide 2026-04 where used	medium	C	complete	complete	complete	complete	missing: review	complete	complete	complete	complete	partial: review	complete	complete	2	5	medium	fuel_cycle;source_date
AUD-014	core_audit	14	Renaissance Fusion	France	fusion reactor/device developer	active	magnetic confinement | stellarator | HTS/liquid-metal wall	stellarator demonstrator and reactor studies	not publicly specified in audited record	materials and magnet development; no integrated fusion device	commercial dates, plant economics and any Q/net-electricity implication beyond the independently supported milestone remain company projections	https://renfusion.eu/	https://www.frontiersin.org/articles/10.3389/fenrg.2023.1157394/full	official page accessed 2026-09-26; independent sources 2023-2026; FIA register 2025-07; UKAEA guide 2026-04 where used	medium	C	complete	complete	complete	complete	missing: review	complete	complete	complete	complete	partial: review	complete	complete	2	5	medium	fuel_cycle;source_date
AUD-015	core_audit	15	Proxima Fusion	Germany	fusion reactor/device developer	active	magnetic confinement | quasi-isodynamic stellarator	Alpha demonstrator; Stellaris power-plant concept	not publicly specified in audited record	peer-reviewed design work; experimental device planned	commercial dates, plant economics and any Q/net-electricity implication beyond the independently supported milestone remain company projections	https://www.proximafusion.com/	https://www.ukaea.org/wp-content/uploads/2026/04/ukaea-global-fusion-guide-smes.pdf	official page accessed 2026-09-26; independent sources 2023-2026; FIA register 2025-07; UKAEA guide 2026-04 where used	high	B	complete	complete	complete	complete	missing: review	complete	complete	complete	complete	partial: review	complete	complete	2	5	medium	fuel_cycle;source_date
AUD-016	core_audit	16	Gauss Fusion	Germany	power-plant engineering consortium/developer	active	magnetic confinement plant concept | tokamak engineering	GIGA fusion power plant concept	not publicly specified in audited record	integrated conceptual design; no company fusion device	commercial dates, plant economics and any Q/net-electricity implication beyond the independently supported milestone remain company projections	https://gauss-fusion.com/	https://www.ukaea.org/wp-content/uploads/2026/04/ukaea-global-fusion-guide-smes.pdf	official page accessed 2026-09-26; independent sources 2023-2026; FIA register 2025-07; UKAEA guide 2026-04 where used	medium	C	complete	complete	complete	complete	missing: review	complete	complete	complete	complete	partial: review	complete	complete	2	5	medium	fuel_cycle;source_date
AUD-017	core_audit	17	First Light Fusion	United Kingdom	fusion reactor/device developer	active; strategy changed in 2025 and FLARE architecture launched	inertial fusion | pulsed-power compression/fast ignition (FLARE)	Machine 3; Machine 4 partnership; amplifier technology	not publicly specified in audited record	laboratory projectile/target experiments and published papers; no net-energy result	commercial dates, plant economics and any Q/net-electricity implication beyond the independently supported milestone remain company projections	https://firstlightfusion.com/	https://www.gov.uk/government/publications/uk-fusion-investment-prospectus/uk-fusion-investment-prospectus-directory-html	official page accessed 2026-09-26; independent sources 2023-2026; FIA register 2025-07; UKAEA guide 2026-04 where used	medium	C	complete	complete	complete	complete	missing: review	complete	complete	complete	complete	partial: review	complete	complete	2	5	medium	fuel_cycle;source_date
AUD-018	core_audit	18	HB11 Energy	Australia	fusion reactor/device developer	active	laser fusion | proton-boron	HB11 experimental program	p-B11	laboratory fusion-reaction experiments; no net-energy system	commercial dates, plant economics and any Q/net-electricity implication beyond the independently supported milestone remain company projections	https://hb11.energy/	https://www.frontiersin.org/articles/10.3389/fenrg.2023.1157394/full	official page accessed 2026-09-26; independent sources 2023-2026; FIA register 2025-07; UKAEA guide 2026-04 where used	medium	C	complete	complete	complete	complete	complete	complete	complete	complete	complete	partial: review	complete	complete	1	4	medium	source_date
AUD-019	core_audit	19	OpenStar Technologies	New Zealand	fusion reactor/device developer	active	magnetic confinement | levitated dipole	Junior experimental device	not publicly specified in audited record	early experimental device; no fusion-performance demonstration	commercial dates, plant economics and any Q/net-electricity implication beyond the independently supported milestone remain company projections	https://www.openstar.tech/	https://www.ukaea.org/wp-content/uploads/2026/04/ukaea-global-fusion-guide-smes.pdf	official page accessed 2026-09-26; independent sources 2023-2026; FIA register 2025-07; UKAEA guide 2026-04 where used	medium	C	complete	complete	complete	complete	missing: review	complete	complete	complete	complete	partial: review	complete	complete	2	5	medium	fuel_cycle;source_date
AUD-020	core_audit	20	Avalanche Energy	United States	fusion reactor/device developer	active	electrostatic/beam-target fusion | Orbitron neutron source	Orbitron prototypes	not publicly specified in audited record	prototype neutron-source experiments; no net energy	commercial dates, plant economics and any Q/net-electricity implication beyond the independently supported milestone remain company projections	https://www.avalanche.energy/	https://www.frontiersin.org/articles/10.3389/fenrg.2023.1157394/full	official page accessed 2026-09-26; independent sources 2023-2026; FIA register 2025-07; UKAEA guide 2026-04 where used	medium	C	complete	complete	complete	complete	missing: review	complete	complete	complete	complete	partial: review	complete	complete	2	5	medium	fuel_cycle;source_date
AUD-021	core_audit	21	LPPFusion	United States	fusion reactor/device developer	active	dense plasma focus | proton-boron aspiration	FF-1; FF-2B	p-B11	experimental DPF neutron production; no net energy	commercial dates, plant economics and any Q/net-electricity implication beyond the independently supported milestone remain company projections	https://lppfusion.com/	https://www.frontiersin.org/articles/10.3389/fenrg.2023.1157394/full	official page accessed 2026-09-26; independent sources 2023-2026; FIA register 2025-07; UKAEA guide 2026-04 where used	medium	C	complete	complete	complete	complete	complete	complete	complete	complete	complete	partial: review	complete	complete	1	4	medium	source_date
AUD-022	core_audit	22	Princeton Fusion Systems	United States	fusion reactor/device developer	active	magnetic confinement | RF-heated FRC/PFRC	PFRC-2; Princeton Field-Reversed Configuration Reactor	not publicly specified in audited record	university-linked experimental device and published models	commercial dates, plant economics and any Q/net-electricity implication beyond the independently supported milestone remain company projections	https://www.princetonfusionsystems.com/	https://www.frontiersin.org/articles/10.3389/fenrg.2023.1157394/full	official page accessed 2026-09-26; independent sources 2023-2026; FIA register 2025-07; UKAEA guide 2026-04 where used	medium	C	complete	complete	complete	complete	missing: review	complete	complete	complete	complete	partial: review	complete	complete	2	5	medium	fuel_cycle;source_date
AUD-023	core_audit	23	SHINE Technologies	United States	commercial fusion-neutron/isotope company; power aspirant	active	accelerator beam-target D-T neutron generation	commercial neutron generators; isotope production facilities	D-T	commercial accelerator D-T neutron generation and regulated isotope activity; no fusion-power reactor	do not interpret component, neutron-source, isotope, or enabling-system progress as fusion-power gain or a power-reactor demonstration	https://www.shinefusion.com/	https://www.ukaea.org/wp-content/uploads/2026/04/ukaea-global-fusion-guide-smes.pdf	official page accessed 2026-09-26; independent sources 2023-2026; FIA register 2025-07; UKAEA guide 2026-04 where used	high	B	complete	complete	complete	complete	complete	complete	complete	complete	complete	partial: review	complete	complete	1	1	low	source_date
AUD-024	core_audit	24	NearStar Fusion	United States	fusion reactor/device developer	active	projectile-driven magneto-inertial fusion	Hypervelocity Gradient Field Fusion concept	not publicly specified in audited record	concept and component R&D	commercial dates, plant economics and any Q/net-electricity implication beyond the independently supported milestone remain company projections	https://nearstarfusion.com/	https://www.fusionindustryassociation.org/wp-content/uploads/2025/07/2025-Global-Fusion-Industry-Report.pdf	official page accessed 2026-09-26; independent sources 2023-2026; FIA register 2025-07; UKAEA guide 2026-04 where used	medium	C	complete	complete	complete	complete	missing: review	complete	complete	complete	complete	partial: review	complete	complete	2	5	medium	fuel_cycle;source_date
AUD-025	core_audit	25	Longview Fusion Energy Systems	United States	fusion reactor/device developer	active	laser inertial fusion | direct drive	Longview power-plant concept	not publicly specified in audited record	design studies; no company fusion device	commercial dates, plant economics and any Q/net-electricity implication beyond the independently supported milestone remain company projections	https://www.longviewfusion.com/	https://www.fusionindustryassociation.org/wp-content/uploads/2025/07/2025-Global-Fusion-Industry-Report.pdf	official page accessed 2026-09-26; independent sources 2023-2026; FIA register 2025-07; UKAEA guide 2026-04 where used	medium	C	complete	complete	complete	complete	missing: review	complete	complete	complete	complete	partial: review	complete	complete	2	5	medium	fuel_cycle;source_date
AUD-026	core_audit	26	Blue Laser Fusion	United States / Japan	fusion reactor/device developer	active	laser inertial fusion | blue-laser driver	prototype laser and target program	not publicly specified in audited record	laser component development; concept stage	commercial dates, plant economics and any Q/net-electricity implication beyond the independently supported milestone remain company projections	https://bluelaserfusion.com/	https://www.fusionindustryassociation.org/wp-content/uploads/2025/07/2025-Global-Fusion-Industry-Report.pdf	official page accessed 2026-09-26; independent sources 2023-2026; FIA register 2025-07; UKAEA guide 2026-04 where used	medium	C	complete	complete	complete	complete	missing: review	complete	complete	complete	complete	partial: review	complete	complete	2	5	medium	fuel_cycle;source_date
AUD-027	core_audit	27	EX-Fusion	Japan	inertial-fusion enabling-technology developer	active	laser inertial fusion enabling systems | target tracking/control	laser-target engagement systems	not publicly specified in audited record	enabling technology development; no integrated reactor	do not interpret component, neutron-source, isotope, or enabling-system progress as fusion-power gain or a power-reactor demonstration	https://ex-fusion.com/	https://www.ukaea.org/wp-content/uploads/2026/04/ukaea-global-fusion-guide-smes.pdf	official page accessed 2026-09-26; independent sources 2023-2026; FIA register 2025-07; UKAEA guide 2026-04 where used	medium	C	complete	complete	complete	complete	missing: review	complete	complete	complete	complete	partial: review	complete	complete	2	5	medium	fuel_cycle;source_date
AUD-028	core_audit	28	Helical Fusion	Japan	fusion reactor/device developer	active	magnetic confinement | helical/heliotron stellarator	Helix Program; commercial helical reactor concept	not publicly specified in audited record	design and component R&D	commercial dates, plant economics and any Q/net-electricity implication beyond the independently supported milestone remain company projections	https://www.helicalfusion.com/en/	https://www.ukaea.org/wp-content/uploads/2026/04/ukaea-global-fusion-guide-smes.pdf	official page accessed 2026-09-26; independent sources 2023-2026; FIA register 2025-07; UKAEA guide 2026-04 where used	medium	C	complete	complete	complete	complete	missing: review	complete	complete	complete	complete	partial: review	complete	complete	2	5	medium	fuel_cycle;source_date
AUD-029	core_audit	29	Kyoto Fusioneering	Japan	fusion-plant technology integrator/supplier	active	blanket/tritium/thermal cycle and fusion plant engineering	UNITY-1; UNITY-2; integrated plant engineering	not publicly specified in audited record	public component-test facilities and peer-reviewed blanket/tritium/thermal engineering work; not a confinement device	do not interpret component, neutron-source, isotope, or enabling-system progress as fusion-power gain or a power-reactor demonstration	https://kyotofusioneering.com/en/	https://www.ukaea.org/wp-content/uploads/2026/04/ukaea-global-fusion-guide-smes.pdf	official page accessed 2026-09-26; independent sources 2023-2026; FIA register 2025-07; UKAEA guide 2026-04 where used	high	B	complete	complete	complete	complete	missing: review	complete	complete	complete	complete	partial: review	complete	complete	2	2	low	fuel_cycle;source_date
AUD-030	core_audit	30	Energy Singularity	China	fusion reactor/device developer	active; HH70 operating	magnetic confinement | all-HTS compact tokamak	HH70; HH170 plans	not publicly specified in audited record	HH70 first plasma corroborated by Shanghai government; magnet system described in peer-reviewed literature	commercial dates, plant economics and any Q/net-electricity implication beyond the independently supported milestone remain company projections	https://energysingularity.cn/en/	https://english.shanghai.gov.cn/en-Latest-WhatsNew/20240621/282f58e13a1c4b9797beaa31c2309f41.html; https://doi.org/10.1016/j.supcon.2024.100112	official page accessed 2026-09-26; independent sources 2023-2026; FIA register 2025-07; UKAEA guide 2026-04 where used	high	B	complete	complete	complete	complete	missing: review	complete	complete	complete	complete	partial: review	complete	complete	2	5	medium	fuel_cycle;source_date
AUD-031	core_audit	31	ENN Fusion	China	fusion reactor/device developer	active; experimental program and Helong-2 construction	magnetic confinement | spherical torus/FRC | H-B11 goal	HeLong series; EXL devices	p-B11	operated XuanLong/EXL-class experimental devices with scholarly publications	commercial dates, plant economics and any Q/net-electricity implication beyond the independently supported milestone remain company projections	https://www.ennresearch.com/	https://www.ukaea.org/wp-content/uploads/2026/04/ukaea-global-fusion-guide-smes.pdf	official page accessed 2026-09-26; independent sources 2023-2026; FIA register 2025-07; UKAEA guide 2026-04 where used	medium	C	complete	complete	complete	complete	complete	complete	complete	complete	complete	partial: review	complete	complete	1	4	medium	source_date
AUD-032	core_audit	32	Neo Fusion	China	fusion reactor/device developer	active; state-backed commercialization company	magnetic confinement | tokamak engineering/BEST commercialization	Hefei fusion projects; device details evolving	not publicly specified in audited record	company/program and BEST commercialization role independently documented; no standalone device result attributed	specific architecture, company-attributable hardware results, performance and schedule remain insufficiently public		https://fusionforenergy.europa.eu/wp-content/uploads/2025/11/F4E_Observatory_2025_digital.pdf	official page accessed 2026-09-26; independent sources 2023-2026; FIA register 2025-07; UKAEA guide 2026-04 where used	high	B	complete	complete	complete	partial: review	missing: review	complete	complete	missing: review	complete	partial: review	complete	complete	4	9	high	device;fuel_cycle;official_url;source_date
AUD-033	core_audit	33	China Fusion Energy Corporation	China	state-controlled fusion developer	active; state-controlled company established 2025	state fusion engineering/pilot-plant development; approach not yet fully disclosed	program details not yet stable	not publicly specified in audited record	company formation and state capitalization independently documented; no attributable reactor milestone	specific architecture, company-attributable hardware results, performance and schedule remain insufficiently public		https://fusionforenergy.europa.eu/wp-content/uploads/2025/11/F4E_Observatory_2025_digital.pdf	official page accessed 2026-09-26; independent sources 2023-2026; FIA register 2025-07; UKAEA guide 2026-04 where used	medium	C	complete	complete	partial: review	complete	missing: review	partial: review	complete	missing: review	complete	partial: review	complete	complete	5	12	high	approach;fuel_cycle;milestone;official_url;source_date
AUD-034	core_audit	34	nT-Tao	Israel	fusion reactor/device developer	active	compact pulsed magnetic confinement | proprietary topology	prototype devices	not publicly specified in audited record	early experimental R&D; independent validation limited	commercial dates, plant economics and any Q/net-electricity implication beyond the independently supported milestone remain company projections	https://www.nt-tao.com/	https://www.fusionindustryassociation.org/wp-content/uploads/2025/07/2025-Global-Fusion-Industry-Report.pdf	official page accessed 2026-09-26; independent sources 2023-2026; FIA register 2025-07; UKAEA guide 2026-04 where used	medium	C	complete	complete	complete	complete	missing: review	complete	complete	complete	complete	partial: review	complete	complete	2	5	medium	fuel_cycle;source_date
AUD-035	core_audit	35	Alpha Ring	Taiwan / United States	fusion reactor/device developer	current activity plausible but status/performance not independently confirmed	proprietary electrostatic/beam-fusion concept	Alpha Ring prototype	not publicly specified in audited record	prototype claims; evidence immature	commercial dates, plant economics and any Q/net-electricity implication beyond the independently supported milestone remain company projections	https://www.alpharing.com/	https://www.fusionindustryassociation.org/wp-content/uploads/2025/07/2025-Global-Fusion-Industry-Report.pdf	official page accessed 2026-09-26; independent sources 2023-2026; FIA register 2025-07; UKAEA guide 2026-04 where used	low	C	partial: review	complete	complete	complete	missing: review	complete	complete	complete	complete	partial: review	complete	complete	3	7	high	status;fuel_cycle;source_date
AUD-036	core_audit	36	Acceleron Fusion	United States	fusion reactor/device developer	active	muon-catalyzed fusion | accelerator muon source	muon source and target experiments	not publicly specified in audited record	component experiments and established underlying physics; no net-energy system	commercial dates, plant economics and any Q/net-electricity implication beyond the independently supported milestone remain company projections	https://www.acceleronfusion.com/	https://www.ukaea.org/wp-content/uploads/2026/04/ukaea-global-fusion-guide-smes.pdf	official page accessed 2026-09-26; independent sources 2023-2026; FIA register 2025-07; UKAEA guide 2026-04 where used	medium	C	complete	complete	complete	complete	missing: review	complete	complete	complete	complete	partial: review	complete	complete	2	5	medium	fuel_cycle;source_date
AUD-037	core_audit	37	Fuse Energy Technologies	United States	fusion reactor/device developer	active	pulsed-power Z pinch/neutron and radiation platforms	Titan; Z-Star; Apeiron I concepts	not publicly specified in audited record	experimental pulsed-power/neutron platforms; no fusion-power gain	commercial dates, plant economics and any Q/net-electricity implication beyond the independently supported milestone remain company projections	https://www.f.energy/	https://www.fusionindustryassociation.org/wp-content/uploads/2025/07/2025-Global-Fusion-Industry-Report.pdf	official page accessed 2026-09-26; independent sources 2023-2026; FIA register 2025-07; UKAEA guide 2026-04 where used	medium	C	complete	complete	complete	complete	missing: review	complete	complete	complete	complete	partial: review	complete	complete	2	5	medium	fuel_cycle;source_date
AUD-038	core_audit	38	MIFTI	United States	fusion reactor/device developer	current activity plausible but status/performance not independently confirmed	staged Z pinch | magneto-inertial fusion	Staged Z-pinch experiments; MIFTEC neutron-source affiliate	not publicly specified in audited record	experimental neutron production; no net energy	commercial dates, plant economics and any Q/net-electricity implication beyond the independently supported milestone remain company projections	https://mifti.com/	https://www.fusionindustryassociation.org/wp-content/uploads/2025/07/2025-Global-Fusion-Industry-Report.pdf	official page accessed 2026-09-26; independent sources 2023-2026; FIA register 2025-07; UKAEA guide 2026-04 where used	low	C	partial: review	complete	complete	complete	missing: review	complete	complete	complete	complete	partial: review	complete	complete	3	7	high	status;fuel_cycle;source_date
AUD-039	core_audit	39	Electric Fusion Systems	United States	fusion reactor/device developer	current activity plausible but status/performance not independently confirmed	proprietary magneto-electric confinement	compact fusion generator concept	not publicly specified in audited record	concept/prototype claims; evidence immature	commercial dates, plant economics and any Q/net-electricity implication beyond the independently supported milestone remain company projections	https://electricfusionsystems.com/	https://www.fusionindustryassociation.org/wp-content/uploads/2025/07/2025-Global-Fusion-Industry-Report.pdf	official page accessed 2026-09-26; independent sources 2023-2026; FIA register 2025-07; UKAEA guide 2026-04 where used	low	C	partial: review	complete	complete	complete	missing: review	complete	complete	complete	complete	partial: review	complete	complete	3	7	high	status;fuel_cycle;source_date
AUD-040	core_audit	40	Crossfield Fusion	United Kingdom	fusion reactor/device developer	current activity plausible but status/performance not independently confirmed	proprietary compact cross-field magnetic confinement	prototype program	not publicly specified in audited record	early-stage concept/prototype; independent evidence limited	commercial dates, plant economics and any Q/net-electricity implication beyond the independently supported milestone remain company projections	https://crossfieldfusion.com/	https://www.gov.uk/government/publications/uk-fusion-investment-prospectus/uk-fusion-investment-prospectus-directory-html	official page accessed 2026-09-26; independent sources 2023-2026; FIA register 2025-07; UKAEA guide 2026-04 where used	low	C	partial: review	complete	complete	complete	missing: review	complete	complete	complete	complete	partial: review	complete	complete	3	7	high	status;fuel_cycle;source_date
AUD-041	core_audit	41	Astral Systems	United Kingdom	fusion-neutron/isotope platform developer; not a power developer	active	lattice-confinement-fusion claimed DT neutron platform	multi-state fusion reactor; isotope-production systems	D-T	NASA-established LCF research basis and public UK ecosystem recognition; company performance claims not independently validated	do not interpret component, neutron-source, isotope, or enabling-system progress as fusion-power gain or a power-reactor demonstration	https://www.astralsystems.com/	https://www.nasa.gov/glenn/glenn-expertise-space-exploration/lattice-confinement-fusion/; https://www.ukaea.org/about-ukaea/publications/global-fusion-guide-for-smes/	official page accessed 2026-09-26; independent sources 2023-2026; FIA register 2025-07; UKAEA guide 2026-04 where used	medium	C	complete	complete	complete	complete	complete	partial: review	complete	complete	complete	partial: review	complete	complete	2	7	high	milestone;source_date
AUD-042	core_audit	42	Brillouin Energy	United States	speculative non-mainstream nuclear claim	active	LENR claim | nickel-hydrogen excess heat	HHT and WET reactor test systems	not publicly specified in audited record	experimental claims; not validated as nuclear reactor or net-energy source	claimed excess heat/transmutation or commercial energy output lacks broadly accepted independent replication and complete nuclear-product/energy accounting	https://brillouinenergy.com/	https://callisto.report/	official page accessed 2026-09-26; independent sources 2023-2026; FIA register 2025-07; UKAEA guide 2026-04 where used	low	D	complete	complete	complete	complete	missing: review	complete	complete	complete	complete	partial: review	complete	complete	2	2	low	fuel_cycle;source_date
AUD-043	core_audit	43	Clean Planet	Japan	speculative non-mainstream nuclear claim	active	LENR claim | metal-hydride anomalous heat	QHe reactor/material systems	not publicly specified in audited record	experimental claims; not validated as nuclear reactor or net-energy source	claimed excess heat/transmutation or commercial energy output lacks broadly accepted independent replication and complete nuclear-product/energy accounting	https://www.cleanplanet.co.jp/en/	https://callisto.report/	official page accessed 2026-09-26; independent sources 2023-2026; FIA register 2025-07; UKAEA guide 2026-04 where used	low	D	complete	complete	complete	complete	missing: review	complete	complete	complete	complete	partial: review	complete	complete	2	2	low	fuel_cycle;source_date
AUD-044	core_audit	44	ENG8 International	United Kingdom / Gibraltar	speculative non-mainstream nuclear claim	active	LENR/plasma-electrolysis claimed catalyzed fusion	EnergiCell	not publicly specified in audited record	company demonstrations and reports; evidence insufficient	claimed excess heat/transmutation or commercial energy output lacks broadly accepted independent replication and complete nuclear-product/energy accounting	https://eng8.energy/	https://callisto.report/	official page accessed 2026-09-26; independent sources 2023-2026; FIA register 2025-07; UKAEA guide 2026-04 where used	low	D	complete	complete	complete	complete	missing: review	partial: review	complete	complete	complete	partial: review	complete	complete	3	5	medium	fuel_cycle;milestone;source_date
AUD-045	core_audit	45	Aureon Energy	Canada	speculative non-mainstream nuclear claim	active	plasma-discharge transmutation/excess-energy claim	SAFIRE reactor	not publicly specified in audited record	company-controlled experiments; evidence insufficient	claimed excess heat/transmutation or commercial energy output lacks broadly accepted independent replication and complete nuclear-product/energy accounting	https://aureon.ca/	https://callisto.report/	official page accessed 2026-09-26; independent sources 2023-2026; FIA register 2025-07; UKAEA guide 2026-04 where used	low	D	complete	complete	complete	complete	missing: review	partial: review	complete	complete	complete	partial: review	complete	complete	3	5	medium	fuel_cycle;milestone;source_date
AUD-046	core_audit	46	CTFusion	United States	historical/inactive fusion developer	closed (reported 2023); historical developer	magnetic confinement | spheromak/dynomak	Dynomak reactor concept	not publicly specified in audited record	historical Dynomak concept and university studies; company reported closed in 2023	current operating status and any reactor-scale performance; historical power timelines were not demonstrated		https://www.fusionindustryassociation.org/wp-content/uploads/2025/07/2025-Global-Fusion-Industry-Report.pdf	official page accessed 2026-09-26; independent sources 2023-2026; FIA register 2025-07; UKAEA guide 2026-04 where used	low	C-H	complete	complete	complete	complete	missing: review	complete	complete	missing: review	complete	partial: review	complete	complete	3	4	medium	fuel_cycle;official_url;source_date
AUD-047	core_audit	47	HyperJet Fusion	United States	historical/inactive fusion developer	acquired by General Fusion (2023); no longer standalone	plasma-jet magneto-inertial fusion	PLX plasma-jet work	not publicly specified in audited record	PLX/plasma-jet hardware and peer-reviewed research; acquired, no standalone power result	current operating status and any reactor-scale performance; historical power timelines were not demonstrated		https://generalfusion.com/	official page accessed 2026-09-26; independent sources 2023-2026; FIA register 2025-07; UKAEA guide 2026-04 where used	low	C-H	complete	complete	complete	complete	missing: review	complete	complete	missing: review	complete	partial: review	complete	complete	3	4	medium	fuel_cycle;official_url;source_date
AUD-048	core_audit	48	EMC2 Fusion Development Corporation	United States	historical/inactive fusion developer	dormant/status unverified; historical developer	electrostatic confinement | Polywell	WB-series devices	not publicly specified in audited record	experimental plasma devices; no demonstrated net energy	current operating status and any reactor-scale performance; historical power timelines were not demonstrated		https://www.osti.gov/	official page accessed 2026-09-26; independent sources 2023-2026; FIA register 2025-07; UKAEA guide 2026-04 where used	low	C-H	partial: review	complete	complete	complete	missing: review	complete	complete	missing: review	complete	partial: review	complete	complete	4	6	medium	status;fuel_cycle;official_url;source_date
AUD-049	core_audit	49	Lockheed Martin Compact Fusion Reactor program	United States	historical/inactive fusion developer	dormant/no current public program found	high-beta magnetic mirror/cusp concept	T4 and proposed T5 concepts	not publicly specified in audited record	concept and limited patent/publication trail; no public integrated result	current operating status and any reactor-scale performance; historical power timelines were not demonstrated		https://www.frontiersin.org/articles/10.3389/fenrg.2023.1157394/full	official page accessed 2026-09-26; independent sources 2023-2026; FIA register 2025-07; UKAEA guide 2026-04 where used	low	C-H	partial: review	complete	complete	complete	missing: review	complete	complete	missing: review	complete	partial: review	complete	complete	4	6	medium	status;fuel_cycle;official_url;source_date
AUD-050	core_audit	50	Deutelio	Croatia	historical/inactive fusion developer	status unverified; no current public program found	magnetic confinement | D-T tokamak concept	DEMO-oriented concept studies	D-T	conceptual engineering; no known company device	current operating status and any reactor-scale performance; historical power timelines were not demonstrated		https://www.fusionindustryassociation.org/wp-content/uploads/2025/07/2025-Global-Fusion-Industry-Report.pdf	official page accessed 2026-09-26; independent sources 2023-2026; FIA register 2025-07; UKAEA guide 2026-04 where used	low	C-H	partial: review	complete	complete	complete	complete	partial: review	complete	missing: review	complete	partial: review	complete	complete	4	8	high	status;milestone;official_url;source_date
AUD-051	core_audit	51	Stellarex	United States	fusion reactor/device developer	current activity plausible but status/performance not independently confirmed	stellarator-related concept; undisclosed	undisclosed	not publicly specified in audited record	publicly named lead only; no maturity inference	specific architecture, company-attributable hardware results, performance and schedule remain insufficiently public		https://www.fusionindustryassociation.org/wp-content/uploads/2025/07/2025-Global-Fusion-Industry-Report.pdf	official page accessed 2026-09-26; independent sources 2023-2026; FIA register 2025-07; UKAEA guide 2026-04 where used	low	C	partial: review	complete	partial: review	partial: review	missing: review	partial: review	complete	missing: review	complete	partial: review	complete	complete	7	16	high	status;approach;device;fuel_cycle;milestone;official_url;source_date
FCX-001	expansion_round1	1	Anubal Fusion	India	fusion reactor/device developer	active; early stage	laser inertial fusion | direct-drive p-B11	proposed petawatt-laser experiment and interim plant	p-B11	FIA 2025 records the company and its self-reported program; no independently replicated reactor milestone located.	Neutron yield, gain, pilot date and economics remain company claims.	https://anubalfusion.com/	https://www.fusionindustryassociation.org/wp-content/uploads/2025/07/2025-Global-Fusion-Industry-Report.pdf	official material accessed 2026-09-27; FIA report 2025-07	low	C	complete	complete	complete	complete	complete	complete	complete	complete	complete	complete	complete	complete	0	3	low	
FCX-002	expansion_round1	2	Helicity Space	United States	fusion propulsion/device developer	active	pulsed magneto-inertial fusion | plectoneme plasma	prototype propulsion/power experiments	not publicly specified in audited record	Company existence, team and laboratory program are documented; no independently verified fusion gain.	Plasma performance, propulsion performance and 300 MWe extrapolation remain unverified.	https://www.helicityspace.com/	https://www.fusionindustryassociation.org/wp-content/uploads/2025/07/2025-Global-Fusion-Industry-Report.pdf	official material accessed 2026-09-27; FIA report 2025-07	medium	C	complete	complete	complete	complete	missing: review	complete	complete	complete	complete	complete	complete	complete	1	4	medium	fuel_cycle
FCX-003	expansion_round1	3	Horne Technologies	United States	fusion reactor/device developer	active	hybrid magnetic/electrostatic confinement | spindle cusp and shielded-grid IEC	Horne Hybrid Reactor; Generation 2; Icarus	not publicly specified in audited record	IAEA 2022 device survey listed the Horne Hybrid Reactor as under construction; public evidence supports prototype activity, not reactor gain.	First-plasma quality, fusion rate, continuous-operation capability and commercial schedule lack independent technical validation.	https://www.hornetechnologies.com/	https://www-pub.iaea.org/MTCD/publications/PDF/CRCP-FUS-001webRev.pdf; https://www.fusionindustryassociation.org/wp-content/uploads/2025/07/2025-Global-Fusion-Industry-Report.pdf	IAEA device survey 2022; FIA report 2025-07; official site accessed 2026-09-27	medium	B/C	complete	complete	complete	complete	missing: review	complete	complete	complete	complete	complete	complete	complete	1	4	medium	fuel_cycle
FCX-004	expansion_round1	4	LaserFusionX	United States	fusion reactor/device developer	active; early stage	laser inertial fusion | ArF deep-UV direct drive	proposed 30 kJ ArF beamline; prototype plant	not publicly specified in audited record	Peer-reviewed NRL-origin ArF/direct-drive studies support the physics research basis; the company itself has not demonstrated an integrated fusion device.	Projected target gain, laser efficiency, repetition rate, tritium breeding and plant economics are simulations/design claims.	https://laserfusionx.net/	https://www.fusionindustryassociation.org/wp-content/uploads/2025/07/2025-Global-Fusion-Industry-Report.pdf	official site accessed 2026-09-27; FIA report 2025-07	medium	B/C	complete	complete	complete	complete	missing: review	complete	complete	complete	complete	complete	complete	complete	1	4	medium	fuel_cycle
FCX-005	expansion_round1	5	Maritime Fusion	United States	fusion reactor/device developer	active; early stage	magnetic confinement | low-power-density HTS tokamak	Yinsen marine/off-grid reactor study	not publicly specified in audited record	FIA 2025 documents the venture; a public Yinsen preprint supports that a design study exists, not that hardware operates.	Breakeven, lifetime blanket, maritime licensing, cost and deployment dates are prospective.	https://www.maritimefusion.com	https://www.fusionindustryassociation.org/wp-content/uploads/2025/07/2025-Global-Fusion-Industry-Report.pdf	official material accessed 2026-09-27; FIA report 2025-07	medium	C	complete	complete	complete	complete	missing: review	complete	complete	complete	complete	complete	complete	complete	1	4	medium	fuel_cycle
FCX-006	expansion_round1	6	Novatron Fusion Group	Sweden	fusion reactor/device developer	active	magnetic confinement | open magnetic mirror	Novatron 1; proposed Novatron 2/3/4	not publicly specified in audited record	Independent ecosystem and industry sources document Novatron 1 and the company program; no fusion gain milestone is established.	Confinement scaling, stability, 1.5 GWe commercial design and 2034 pilot timing remain projections.	https://novatronfusion.com/	https://www.fusionindustryassociation.org/wp-content/uploads/2025/07/2025-Global-Fusion-Industry-Report.pdf	official site accessed 2026-09-27; FIA report 2025-07	medium	C	complete	complete	complete	complete	missing: review	complete	complete	complete	complete	complete	complete	complete	1	4	medium	fuel_cycle
FCX-007	expansion_round1	7	Pranos Fusion	India	fusion reactor/device developer	active; early stage	magnetic confinement | spherical tokamak	planned modular 50 MW reactor; coil and vacuum R&D	not publicly specified in audited record	FIA 2025 supports company identity and an engineering-stage program; no operating company tokamak was independently located.	50 MW module, timelines, plasma performance and economics are prospective.	https://pranosfusion.energy/	https://www.fusionindustryassociation.org/wp-content/uploads/2025/07/2025-Global-Fusion-Industry-Report.pdf	official material accessed 2026-09-27; FIA report 2025-07	low	C	complete	complete	complete	complete	missing: review	complete	complete	complete	complete	complete	complete	complete	1	4	medium	fuel_cycle
FCX-008	expansion_round1	8	Pulsar Fusion	United Kingdom	fusion propulsion/device developer	active	pulsed magnetic confinement | direct fusion drive/space propulsion	Duel direct fusion drive experimental program	not publicly specified in audited record	Independent reporting corroborates a first-plasma event in 2026; it does not establish fusion reactions, thrust or energy gain.	Fusion yield, net thrust, flight readiness and power performance remain unverified.	https://pulsarfusion.com/	https://www.techradar.com/pro/the-future-of-space-will-look-less-like-single-use-expeditionary-missions-and-more-like-a-transport-network-pulsar-fusions-quest-to-build-a-nuclear-fusion-exhaust-system-for-deep-space-travel-hits-first-plasma-milestone; https://www.fusionindustryassociation.org/wp-content/uploads/2025/07/2025-Global-Fusion-Industry-Report.pdf	first-plasma report 2026-04-22; FIA report 2025-07; official site accessed 2026-09-27	medium	C	complete	complete	complete	complete	missing: review	complete	complete	complete	complete	complete	complete	complete	1	4	medium	fuel_cycle
FCX-009	expansion_round1	9	Startorus Fusion	China	fusion reactor/device developer	active	magnetic confinement | pulsed HTS spherical tokamak and magnetic-reconnection heating	SUNIST-linked research; H850 magnet; planned next-step device	not publicly specified in audited record	IEA 2026 independently identifies Startorus and its negative-triangularity/HTS work; public evidence supports magnet engineering and SUNIST lineage, not reactor gain.	Company-attributable plasma performance, target gain, schedule and economics remain prospective.	https://startorus.com/	https://www.iea.org/reports/the-state-of-energy-innovation-2026; https://www.fusionindustryassociation.org/wp-content/uploads/2025/07/2025-Global-Fusion-Industry-Report.pdf	FIA report 2025-07; IEA report 2026-02-17; official site accessed 2026-09-27	high	B/C	complete	complete	complete	complete	missing: review	complete	complete	complete	complete	complete	complete	complete	1	4	medium	fuel_cycle
FCX-010	expansion_round1	10	Terra Fusion Energy Corporation	United States	fusion reactor/device developer	active; early stage	magnetic confinement | centrifugal magnetic mirror	CMFX-derived commercial concept	not publicly specified in audited record	The ARPA-E-supported CMFX research platform establishes the technical lineage; no company net-energy device exists.	Commercial scale-up, 5–100 MWe units and 2032 pilot timing are projections.	https://tf.energy/	https://www.fusionindustryassociation.org/wp-content/uploads/2025/07/2025-Global-Fusion-Industry-Report.pdf	official material accessed 2026-09-27; FIA report 2025-07	medium	B/C	complete	complete	complete	complete	missing: review	complete	complete	complete	complete	complete	complete	complete	1	4	medium	fuel_cycle
FCX-011	expansion_round1	11	Tibbar Plasma Technologies	United States	fusion reactor/device developer	active status not independently confirmed	hybrid electrostatic/magnetic confinement | p-B11 aspiration	tabletop prototypes; proposed pilot	p-B11	FIA 2025 documents the organization and self-reported program; no independently validated reactor milestone located.	Fusion yield, confinement performance, direct conversion and 2030 pilot claim remain unverified.	https://tibbartech.com/	https://www.fusionindustryassociation.org/wp-content/uploads/2025/07/2025-Global-Fusion-Industry-Report.pdf	official/registry material accessed 2026-09-27; FIA report 2025-07	low	C	complete	complete	complete	complete	complete	complete	complete	complete	complete	complete	complete	complete	0	3	low	
FCX-012	expansion_round1	12	GenF	France	fusion reactor/device developer	active	laser inertial fusion | DT direct drive	laser and target modelling; planned experiments at CEA/CNRS facilities	D-T	CNRS/Thales material confirms company formation and institutional collaboration; no integrated company device or gain result exists.	Pilot schedule, repetition rate, target cost, net electricity and 1 GWe plant claim remain prospective.	https://genf-systems.com/	https://www.cnrs.fr/sites/default/files/press_info/2025-05/Communiqu%C3%A9%20de%20presse_GenF_15mai_VDef.pdf; https://www.fusionindustryassociation.org/wp-content/uploads/2025/07/2025-Global-Fusion-Industry-Report.pdf	CNRS/Thales release 2025-05; FIA report 2025-07; official site accessed 2026-09-27	high	B/C	complete	complete	complete	complete	complete	complete	complete	complete	complete	complete	complete	complete	0	3	low	
FCX-013	expansion_round1	13	Inertia	United States	fusion reactor/device developer	active	laser inertial fusion | indirect drive	commercial target/laser design; LLNL LIFT collaboration	not publicly specified in audited record	LLNL confirms a 2026 partnership on laser technology, targets and designs; NIF ignition is a government-lab milestone, not an Inertia device milestone.	Claimed >25 target gain is simulation-based; 10 Hz operation, target cost and plant output are not demonstrated.	https://inertia.com/	https://www.llnl.gov/article/54261/llnl-partners-inertia-develop-fusion-energy-technology	LLNL release 2026-04-14; official site accessed 2026-09-27	high	B/C	complete	complete	complete	complete	missing: review	complete	complete	complete	complete	complete	complete	complete	1	4	medium	fuel_cycle
FCX-014	expansion_round1	14	NovaFusionX	China	fusion reactor/device developer	active; device under assembly	pulsed magneto-inertial fusion | colliding FRC | small modular reactor concept	Nova 1	not publicly specified in audited record	Shanghai Lin-gang government reporting confirms Nova 1 final assembly and component prototypes as of 2026; first plasma is still a target.	100 million °C in 2027, Q>1 in 2029 and 50–100 MW plant in 2030–35 are company projections.	https://www.novafusionx.com/	https://www.lingang.gov.cn/html/website/lg/English/News1630758253379031042/Updates/2097854259582238722.html; https://www.ukaea.org/wp-content/uploads/2026/04/ukaea-global-fusion-guide-smes.pdf	Lin-gang government update 2026; UKAEA guide 2026-04; official material accessed 2026-09-27	high	B/C	complete	complete	complete	complete	missing: review	complete	complete	complete	complete	complete	complete	complete	1	4	medium	fuel_cycle
FCX-015	expansion_round1	15	Fusion Power Corporation	United States	historical/dormant fusion developer	dormant or inactive; website retained	heavy-ion inertial fusion | RF accelerator driver	heavy-ion fusion power-plant concept	not publicly specified in audited record	A historical website and industry lists establish the venture; no recent operating program or integrated result was located.	Claimed near-term delivery was not achieved; current corporate status and all performance claims are unverified.	https://fusionpowercorporation.com/	https://en.wikipedia.org/wiki/List_of_nuclear_fusion_companies	official website copyright 2011 and accessed 2026-09-27; secondary list accessed 2026-09-27	low	C-H	complete	complete	complete	complete	missing: review	complete	complete	complete	complete	complete	complete	complete	1	1	low	fuel_cycle
FCX-016	expansion_round1	16	Leonardo Corporation	United States / Italy	speculative non-mainstream nuclear claim	active claims; scientific validation absent	LENR/cold-fusion-like nickel-hydrogen energy claim	E-Cat SKLep; claimed industrial thermoelectric plant	not publicly specified in audited record	No convincing independent, reproducible nuclear-energy demonstration located; published critiques identify measurement and independence problems.	Self-sustain, excess energy, nuclear mechanism, product availability and grid-scale operation remain unsupported.	https://ecatthenewfire.com/	https://arxiv.org/abs/1306.6364	company update 2026-05; critical analysis 2013; audited 2026-09-27	low	D	complete	complete	complete	complete	missing: review	complete	complete	complete	complete	complete	complete	complete	1	1	low	fuel_cycle
FCX-017	expansion_round1	17	General Atomics Magnetic Fusion Energy	United States	public-program operator and fusion technology supplier; not a standalone private power-plant developer	active	magnetic confinement research/engineering | tokamak	DIII-D National Fusion Facility; ITER central solenoid and diagnostics	not publicly specified in audited record	DOE confirms GA operates DIII-D under a 2025–2028 cooperative agreement; GA's role is research/operator/supplier, not a claimed private commercial reactor demonstration.	Do not classify DIII-D research results or ITER component delivery as a GA commercial fusion-power plant.	https://ga.com/magnetic-fusion/	https://www.energy.gov/nepa/articles/cx-034320-funding-extension-diii-d-national-fusion-facility-research-and-operations	DOE extension dated 2025-07-24; official site accessed 2026-09-27	high	A	complete	complete	complete	complete	missing: review	complete	complete	complete	complete	complete	complete	complete	1	4	medium	fuel_cycle
FCX-018	expansion_round1	18	Oxford Sigma	United Kingdom	fusion materials supplier/integrator; not a reactor developer	active	fusion materials engineering, testing and qualification	advanced materials manufacturing and qualification programs	not publicly specified in audited record	UKAEA program material documents Oxford Sigma participation in fusion shielding/materials activity; no confinement reactor is claimed.	Do not count supplier contracts or materials facilities as reactor or fusion-gain milestones.	https://oxfordsigma.com/	https://indico.ukaea.uk/event/720/page/339-agenda	UKAEA event 2026-04-29; official site accessed 2026-09-27	high	B	complete	complete	complete	complete	missing: review	complete	complete	complete	complete	complete	complete	complete	1	4	medium	fuel_cycle
FC2-001	expansion_round2	1	Dongsheng Fusion	China	fusion reactor/device developer	active; first device announced	magnetic confinement | high-field compact tokamak | D-He3 goal	Chenguang project	D-He3	Investor and independent reporting corroborate formation, university lineage, financing and Chenguang project start.	No independently verified plasma, temperature, confinement, fusion-yield or gain milestone; D-He3 fuel-cycle feasibility and schedule are prospective.	https://www.qimingvc.com/en/node/7639	https://finance.sina.com.cn/stock/csjzbj/2026-06-11/doc-iniazyek2244561.shtml	Qiming 2026-08; Sina 2026-06-11	medium	C	complete	complete	complete	complete	complete	complete	complete	complete	complete	complete	complete	complete	0	3	low	
FC2-002	expansion_round2	2	Xeonova	China	fusion reactor/device developer	active; prototype program	linear magnetic confinement | FRC plus tandem mirror/electrostatic plugs	Xeonova-1	D-T	Official material and independent industry reporting support the existence of Xeonova-1 and an early discharge program.	Plasma parameters, confinement quality, fusion reactions, gain, direct conversion and 2035 plant targets are not independently validated.	https://xeonova.cn/	https://www.ocn.com.cn/industry/latest/202609/tjrja2092030.shtml	official site accessed 2026-09-27; industry analysis 2026-09	medium	B/C	complete	complete	complete	complete	complete	complete	complete	complete	complete	complete	complete	complete	0	3	low	
FC2-003	expansion_round2	3	Hanhai Energy	China	fusion reactor/device developer	active; experimental device operating at plasma-formation stage	pulsed magneto-inertial fusion | colliding/compressed FRC	HHMAX-901	not publicly specified in audited record	Multiple public sources support construction of HHMAX-901 and a plasma-lighting event; this establishes an operating plasma apparatus only.	Temperature, density, confinement, collision/compression performance, fusion yield, recovery and net energy remain unsupported.	https://www.hhmax-energy.com/xiangmujinzhan.html	https://www.energystartups.org/startup/hhmax-energy/	official chronology 2025-2026; directory updated 2026-09-11	medium	B/C	complete	complete	complete	complete	missing: review	complete	complete	complete	complete	complete	complete	complete	1	4	medium	fuel_cycle
FC2-004	expansion_round2	4	Chaoci Xineng	China	fusion magnet supplier/integrator; not a reactor developer	active	high-temperature-superconducting high-field magnets	25 T-class toroidal-field model magnet program	not publicly specified in audited record	A named REBCO supplier confirms pancake-coil batch production and low-resistance joint sample testing.	Full 25 T magnet assembly, structural endurance, irradiation tolerance and reactor deployment are not yet independently demonstrated.	https://www.shsctec.com/zh/news/chaocixineng25T/	https://www.chinabaogao.com/baogao/202607/807250.html	partner release 2026-08-21; industry report 2026-07	medium	B/C	complete	complete	complete	complete	missing: review	complete	complete	complete	complete	complete	complete	complete	1	4	medium	fuel_cycle
FC2-005	expansion_round2	5	Zhongke Qingneng	China	fusion cryogenic-system supplier; not a reactor developer	active	large helium cryogenic refrigeration systems	3 kW at 4.5 K refrigerator; CRAFT cryogenic work	not publicly specified in audited record	Independent industry research reports commissioning of a 3 kW at 4.5 K refrigerator for CRAFT-related use.	Broader delivery record, long-duration reliability and any implication of reactor performance remain outside the evidence.	https://pdf.dfcfw.com/pdf/H3_AP202511201784737698_1.pdf?1763627718000.pdf=	https://www.ocn.com.cn/industry/latest/202609/tjrja2092030.shtml	industry reports 2025-11 and 2026-09	low	B/C	complete	complete	complete	complete	missing: review	complete	complete	complete	complete	complete	complete	complete	1	4	medium	fuel_cycle
FC2-006	expansion_round2	6	LINEA Innovations	Japan	fusion reactor/device developer	active; design and component R&D	magnetic confinement | FRC/mirror hybrid | p-B11 long-term	beam-assisted FRC demonstration program	p-B11	Japanese government/patent-landscape sources and company releases establish the program and conditional 2026 demonstration-program selection.	Plasma performance, p-B11 feasibility, gain and 2030s electricity targets remain prospective.	https://linea-innovations.com/en/	https://www.jpo.go.jp/resources/report/gidou-houkoku/tokkyo/document/index/2025_01.pdf	official site accessed 2026-09-27; JPO report 2026-03	high	B/C	complete	complete	complete	complete	complete	complete	complete	complete	complete	complete	complete	complete	0	3	low	
FC2-007	expansion_round2	7	Starlight Engine	Japan	fusion project company/developer	active; conceptual design completed	magnetic confinement | HTS tokamak integrated power demonstration	FAST	D-T	Parent and independent industrial-partner releases confirm establishment, project leadership, financing participation and completion of a conceptual design.	D-T plasma performance, tritium self-sufficiency, heat extraction, net electricity and schedule are not demonstrated.	https://kyotofusioneering.com/en/news/2025/04/16/3006	https://www.furukawaelectric.com/en/release/2026/metal_20260715.html	entity launch 2025-04-16; partner investment 2026-07-15	high	B	complete	complete	complete	complete	complete	complete	complete	complete	complete	complete	complete	complete	0	3	low	
FC2-008	expansion_round2	8	MiRESSO	Japan	fusion materials supplier; not a reactor developer	active; pilot plant development	low-temperature beryllium refining and recycling	BETA pilot plant	not publicly specified in audited record	QST confirms spin-out certification, scope and founding; Japanese government material documents the FY2023-2027 refining demonstration.	Commercial-scale output, cost, purity and blanket qualification remain future milestones; this is not a fusion reactor program.	https://miresso.co.jp/en/	https://www.qst.go.jp/site/venture-support-english/	official site accessed 2026-09-27; QST listing current 2026	high	A/B	complete	complete	complete	complete	missing: review	complete	complete	complete	complete	complete	complete	complete	1	4	medium	fuel_cycle
FC2-009	expansion_round2	9	Eterna Fusion	South Korea	fusion reactor/device developer	active; proof-of-concept stage	magnetic confinement | tokamak current-drive injection	COSMOS concept; Tokamak Injection proof of concept	not publicly specified in audited record	Independent Korean sources corroborate March 2026 incorporation, seed funding and a planned proof-of-concept program.	Continuous plasma sustainment, device construction, fusion performance and commercial power claims remain untested.	https://www.mk.co.kr/en/it/12091002	https://thevc.kr/eternafusion	Maeil 2026-07-06; registry profile accessed 2026-09-27	high	C	complete	complete	complete	complete	missing: review	complete	complete	complete	complete	complete	complete	complete	1	4	medium	fuel_cycle
FC2-010	expansion_round2	10	EnableFusion	South Korea	fusion engineering platform/supplier; not a reactor developer	active	fusion engineering platform | HTS, precision manufacturing and AI integration	Fusion Engineering Platform	not publicly specified in audited record	Official materials establish the platform scope; Korean government policy confirms the relevant private-sector ecosystem.	No independent evidence found for a company fusion device or specific delivered reactor milestone; do not count it as a reactor developer.	https://www.enablefusion.com/	https://www.msit.go.kr/eng/bbs/view.do?bbsSeqNo=42&mId=4&mPid=2&nttSeqNo=1028&pageIndex=&sCode=eng&searchOpt=ALL&searchTxt=	official site accessed 2026-09-27; MSIT strategy 2024	medium	C	complete	complete	complete	complete	missing: review	complete	complete	complete	complete	complete	complete	complete	1	4	medium	fuel_cycle
FC2-011	expansion_round2	11	Quasarus	India	fusion R&D organization; pre-hardware	active; newly incorporated	fusion modelling and engineering constraints; approach not yet fixed	simulation workflows; subsystem studies	not publicly specified in audited record	Public company materials establish a 2026 Indian R&D entrant; independent reporting establishes the surrounding Indian fusion-startup ecosystem only.	Confinement approach, device, funding, performance and schedule are not yet sufficiently public.	https://quasarus.in/	https://www.livemint.com/companies/start-ups/nuclear-fusion-startups-seek-regulatory-clarity-more-patient-capital-11784795623284.html	official site accessed 2026-09-27; Mint report 2026-07	low	C	complete	complete	partial: review	complete	missing: review	complete	complete	complete	complete	complete	complete	complete	2	3	low	approach;fuel_cycle
FC2-012	expansion_round2	12	Hylenr Technologies	India	speculative non-mainstream nuclear claim	active claims; independent physics validation absent	LENR/lattice-confinement excess-heat and transmutation claims	BRT-NiUCS reactors; HYTHERM concepts	not publicly specified in audited record	Independent business reporting confirms the company and funding, but no transparent peer-reviewed replication establishes nuclear energy production.	COP 1.8, fusion mechanism, transmutation, scaling to MW systems and absence of radiation/waste remain unsupported.	https://www.hylenr.com/about	https://www.livemint.com/companies/start-ups/nuclear-fusion-startups-seek-regulatory-clarity-more-patient-capital-11784795623284.html	official site accessed 2026-09-27; Mint report 2026-07	low	D	complete	complete	complete	complete	missing: review	complete	complete	complete	complete	complete	complete	complete	1	1	low	fuel_cycle
FC2-013	expansion_round2	13	ASPL Fusion	India	applied plasma/neutron systems company; fusion is long-term	active; early engineering stage	accelerator/plasma neutron systems; advanced magnetic mirror long-term	medical-isotope and BNCT systems; future mirror program	not publicly specified in audited record	Official positioning and an independent specialist profile corroborate legal identity, incubation and staged non-power work.	No fusion reactor, plasma-performance or energy milestone is claimed or independently demonstrated.	https://asplfusion.com/about/positioning.html	https://fusionxinvest.com/company-profile/10276/aspl-fusion/	official pages and specialist profile accessed 2026-09-27	medium	C	complete	complete	complete	complete	missing: review	complete	complete	complete	complete	complete	complete	complete	1	1	low	fuel_cycle
FC2-014	expansion_round2	14	SMART Fusion Energy	Spain	fusion reactor/device developer	active; university spin-out	magnetic confinement | compact negative-triangularity spherical tokamak | HTS	SMART research platform; HTSMART; proposed BRIGHT pilot	not publicly specified in audited record	University records confirm formation, founders, transferred IP and an operating university SMART research platform.	SMART results belong to the university program; company-attributable HTS device, neutron source, gain and grid schedule remain prospective.	https://www.us.es/actualidad-de-la-us/smart-fusion-energy-nace-para-acelerar-la-llegada-de-la-fusion-nuclear	https://cincodias.elpais.com/companias/2026-06-16/el-fondo-beable-inyecta-15-millones-en-el-spin-off-de-energia-de-fusion-de-la-universidad-de-sevilla.html	University and Cinco Dias reports 2026-06-16	high	B	complete	complete	complete	complete	missing: review	complete	complete	complete	complete	complete	complete	complete	1	4	medium	fuel_cycle
FC2-015	expansion_round2	15	JSC SRC RF TRINITI	Russia	state research operator; not a private commercial reactor developer	active state research institute	magnetic and inertial fusion research; plasma and high-energy-density physics	T-11M tokamak and institutional laser/plasma facilities	not publicly specified in audited record	Official institute and Rosatom records establish active fusion/plasma R&D and state-program role.	Do not classify institutional experiments or national plans as a private commercial reactor claim; current facility-by-facility performance was not re-audited here.	https://www.triniti.ru/en/company/	https://fusion.rosatom.ru/upload/iblock/0e6/0e61e9f3e42871096bb6628f5ed1d472.pdf	official institute site accessed 2026-09-27; Rosatom overview 2024	high	A/B	complete	complete	complete	complete	missing: review	complete	complete	complete	complete	complete	complete	complete	1	4	medium	fuel_cycle
FC3-001	expansion_round3	1	Brazilian National Fusion Programme and National Fusion Laboratory	Brazil	national public fusion research programme; not a company	proposed programme; existing research devices active or being upgraded	magnetic confinement | spherical and conventional tokamak research	LFN at Ipero (proposed); ETE; TCABR; NOVA-UFES	not publicly specified in audited record	CNEN documentation and IAEA regional synthesis support an established Brazilian fusion-research base, an ETE facility and formal LFN/PNFN planning.	Permanent Ipero laboratory completion, device transfer, new plasma milestones, fusion gain and electricity generation are not established.	https://www.gov.br/cnen/pt-br/assunto/ultimas-noticias/presidente-da-cnen-e-diretor-da-dpd-visitam-o-experimento-tokamak-esferico-ete-no-inpe-1	https://www-pub.iaea.org/MTCD/Publications/PDF/p15777-24-02766E_WFO_web.pdf	CNEN 2022-02-04; IAEA 2024	high	B	complete	complete	complete	complete	missing: review	complete	complete	complete	complete	complete	complete	complete	1	1	low	fuel_cycle
FC3-002	expansion_round3	2	CNEA Controlled Fusion Research Programme	Argentina	national laboratory research programme; not a company	active research programme; no power demonstrator	plasma focus | magnetic confinement theory and materials research	controlled-fusion activity programme; CNEA-CONICET projects	not publicly specified in audited record	CNEA records and an IAEA conference overview establish a durable Argentine fusion research programme and active CNEA-CONICET community.	No Argentine fusion power reactor, gain result or electricity milestone is supported; programme scope and funding after 2025 remain incompletely public.	https://nuclea.cnea.gob.ar/items/75717225-7583-4b0a-af74-a3bd4c708a65	https://conferences.iaea.org/event/392/contributions/35641/attachments/19715/36105/Gervasoni-OV.pdf	CNEA 2013; IAEA FEC 2025	medium	B	complete	complete	complete	complete	missing: review	complete	complete	complete	complete	complete	complete	complete	1	1	low	fuel_cycle
FC3-003	expansion_round3	3	Huemul Project	Argentina	historical state-backed speculative fusion claim; terminated	terminated in 1952 after negative technical review	claimed thermonuclear reactions using shock/acoustic heating; poorly specified	Huemul Island pilot plant; Thermotron	not publicly specified in audited record	Balseiro's inspection found no support for the claimed reactions; the government ended and dismantled the project in 1952.	No validated fusion reaction or usable energy was produced; the original technical claims lacked reproducible evidence.	https://nuclea.cnea.gob.ar/entities/publication/5aedabc4-3322-4543-b11d-269deadd1365/full	https://nuclea.cnea.gob.ar/server/api/core/bitstreams/9cc4fe70-4ec9-4f7e-8c48-235b9b16c9eb/content	inspection 1952 / edition 1988; INAP 2023	high	D	complete	complete	complete	complete	missing: review	complete	complete	complete	complete	complete	complete	complete	1	1	low	fuel_cycle
FC3-004	expansion_round3	4	UNAM Controlled Nuclear Fusion and Plasma Physics Programme	Mexico	public academic research programme; not a company	active conceptual-design and theory programme	magnetic confinement | spherical tokamak theory and engineering	conceptual spherical tokamak design	not publicly specified in audited record	UNAM pages and the regional conference record support an identifiable controlled-fusion research group and conceptual-design activity.	Construction, first plasma, fusion reactions, gain and power generation are not claimed or demonstrated.	https://www.siass.unam.mx/consulta/1860565	https://www.fusionlatam.cl/documents/Agenda%20CICT-FN%202025%20English.pdf	UNAM programme 2023; conference 2025	high	B/C	complete	complete	complete	complete	missing: review	complete	complete	complete	complete	complete	complete	complete	1	1	low	fuel_cycle
FC3-005	expansion_round3	5	CCHEN Plasma Physics and Nuclear Fusion Laboratory	Chile	government fusion research laboratory; not a company	active research laboratory	dense plasma focus | z-pinch | pulsed power | fusion-material exposures	miniaturized plasma-focus devices; P2mc projects	not publicly specified in audited record	CCHEN programme records and IAEA proceedings support operating small-scale pulsed-plasma research, training and peer-reviewed fusion-relevant work.	Research-device neutron production must not be equated with energy gain, sustained confinement or a power-reactor programme.	https://www.cchen.cl/?page_id=1716	https://conferences.iaea.org/event/449/contributions/40739/	CCHEN current page; IAEA 2026-04-27	high	A/B	complete	complete	complete	complete	missing: review	complete	complete	complete	complete	complete	complete	complete	1	1	low	fuel_cycle
FC3-006	expansion_round3	6	TEC Laboratory for Plasma for Fusion Energy and Applications	Costa Rica	public academic fusion laboratory; not a company	active research laboratory	magnetic confinement | modular stellarator and spherical tokamak	SCR-1; MEDUSA-CR	not publicly specified in audited record	TEC and the IAEA device survey corroborate SCR-1 operation, MEDUSA-CR possession and a sustained laboratory programme.	Neither device is an energy-producing reactor; fuel-fusion yield, gain and electricity are not demonstrated.	https://www.tec.ac.cr/laboratorio-plasmas-energia-fusion-aplicaciones	https://www-pub.iaea.org/MTCD/publications/PDF/CRCP-FUS-001webRev.pdf	TEC accessed 2026-09-28; IAEA survey 2022/current edition	high	A/B	complete	complete	complete	complete	missing: review	complete	complete	complete	complete	complete	complete	complete	1	1	low	fuel_cycle
FC3-007	expansion_round3	7	CLAF Nuclear Fusion Unit	Latin America and Caribbean	regional fusion coordination network; not a reactor developer	active coordination and capacity-building network	cross-approach research coordination and workforce development	regional network across Argentina, Bolivia, Brazil, Chile, Costa Rica, Honduras, Mexico and Uruguay	not publicly specified in audited record	An IAEA conference synopsis states that NFU-CLAF was established in October 2024 and names its initial eight-country network.	No device, reactor performance, financing pool or construction milestone belongs to the network itself.	https://claffisica.org.br/page/el-claf	https://conferences.iaea.org/event/392/contributions/35871/attachments/19844/33898/Synopses%20L%20Soto%20et%20al%20FEC%202025%20v2.pdf	CLAF accessed 2026-09-28; IAEA FEC 2025	high	B	complete	complete	complete	complete	missing: review	complete	complete	complete	complete	complete	complete	complete	1	4	medium	fuel_cycle
FC3-008	expansion_round3	8	Arab Fusion Energy Initiative	Lebanon / Arab region	regional public-academic fusion initiative; planned device	active initiative; fundraising and pre-construction planning	magnetic confinement | proposed medium-sized tokamak	proposed Arab regional fusion centre and medium-sized tokamak	not publicly specified in audited record	AUB and an IAEA workforce meeting corroborate the initiative, Arab programme coordination and proposed regional centre/device.	Host country, committed construction budget, final design, procurement, build start and plasma milestones remain unconfirmed.	https://www.aub.edu/fas/AFEI_Initiative/Pages/default.aspx	https://conferences.iaea.org/event/449/contributions/40767/attachments/22491/39054/Building%20Fusion%20Workforce%20Capacity%20in%20Jordan%20and%20the%20Arab%20World%20-%20Final.pdf	AUB accessed 2026-09-28; IAEA 2026-04	high	B/C	complete	complete	complete	complete	missing: review	complete	complete	complete	complete	complete	complete	complete	1	1	low	fuel_cycle
FC3-009	expansion_round3	9	Indimaj Group	United Kingdom / MENA focus	fusion advisory and ecosystem consultancy; not a reactor developer	active consultancy	fusion policy, investment, programme and supply-chain advisory	MENA fusion advisory services	not publicly specified in audited record	UK Companies House confirms the active legal entity and incorporation; the company site establishes its declared fusion-advisory scope.	No independently disclosed clients, contracts, reactor hardware or technical-performance milestone was found; do not count as a developer.	https://www.indimajgroup.com/services	https://find-and-update.company-information.service.gov.uk/company/16892813	company site accessed 2026-09-28; Companies House incorporated 2025-12-05	medium	C	complete	complete	complete	complete	missing: review	complete	complete	complete	complete	complete	complete	complete	1	4	medium	fuel_cycle
FC3-010	expansion_round3	10	AEOI Plasma and Nuclear Fusion Research School	Iran	national public fusion research programme; not a company	active research programme	magnetic confinement | conventional tokamak	DAMAVAND tokamak	D-T	The IAEA device survey lists DAMAVAND as operating, while 2024 IAEA proceedings document recent control-system experiments by AEOI/NSTRI researchers.	Research-scale operation does not establish fusion gain, D-T power production or a commercial reactor programme.	https://conferences.iaea.org/event/377/contributions/31627/	https://www-pub.iaea.org/MTCD/publications/PDF/CRCP-FUS-001webRev.pdf	IAEA meeting 2024-07; IAEA survey 2022/current edition	high	A/B	complete	complete	complete	complete	complete	complete	complete	complete	complete	complete	complete	complete	0	0	low	
FC3-011	expansion_round3	11	Egyptian Atomic Energy Authority Plasma and Nuclear Fusion Programme	Egypt	national public fusion research programme; not a company	research programme; device status reported operating in IAEA 2022 survey	magnetic confinement | conventional tokamak | plasma focus	EGYPTOR tokamak; plasma-focus facilities	not publicly specified in audited record	EAEA confirms its nuclear/plasma research remit; the IAEA survey documents EGYPTOR as a public research tokamak and the World Fusion Outlook identifies Egypt as one of Africa's tokamak hosts.	Current post-2022 operating cadence, upgraded parameters, fusion reactions, gain and any power programme are not established.	https://eaea.org.eg/	https://www-pub.iaea.org/MTCD/publications/PDF/CRCP-FUS-001webRev.pdf; https://www-pub.iaea.org/MTCD/Publications/PDF/p15777-24-02766E_WFO_web.pdf	EAEA accessed 2026-09-28; IAEA survey 2022; Outlook 2024	medium	B	complete	complete	complete	complete	missing: review	complete	complete	complete	complete	complete	complete	complete	1	1	low	fuel_cycle
FC3-012	expansion_round3	12	Yan Fusion	China	fusion reactor/device developer and magnet supplier	active; coil production line claimed; device planned	magnetic confinement | superconducting stellarator | AI-assisted design	four proposed LTS/HTS 3D stellarator coils; planned private stellarator	not publicly specified in audited record	Nature independently identifies the 2025 Shanghai stellarator company and reported funding; the official site shows a specific manufacturing programme.	Production-line throughput, completed qualified coils, device construction, plasma and energy milestones are not independently validated.	https://www.yanfusion.com/about	https://www.nature.com/immersive/d41586-026-02513-5/index.html	official site accessed 2026-09-28; Nature 2026-08	high	B/C	complete	complete	complete	complete	missing: review	complete	complete	complete	complete	complete	complete	complete	1	4	medium	fuel_cycle
FC3-013	expansion_round3	13	Firefly Fusion	France / Switzerland	fusion reactor/device developer	active; design and research-collaboration stage	magnetic confinement | compact negative-triangularity copper-magnet tokamak	LUCIOLE	not publicly specified in audited record	DIII-D independently confirms Firefly's collaboration, LUCIOLE concept, location and negative-triangularity research programme.	Prototype construction, burning plasma, Q=10 ambitions, costs and commercialization schedule are not demonstrated.	https://fireflyfusion.energy/	https://d3dfusion.org/fireflyfusion/	official and DIII-D pages accessed 2026-09-28	high	B/C	complete	complete	complete	complete	missing: review	complete	complete	complete	complete	complete	complete	complete	1	4	medium	fuel_cycle
FC3-014	expansion_round3	14	Kronos Fusion Energy	United States	speculative fusion reactor/device developer; pre-hardware	active claims; simulation and design stage	magnetic confinement | tandem mirror / linear device | D-T breeder and D-He3 concepts	HYPERION; advanced-fuel tandem-mirror generator concepts	D-T; D-He3	A specialist directory corroborates the company's identity and declared concept, but no independent physical-device milestone was found.	All plasma, breeding, D-He3, net-energy, weapons-effects and deployment claims remain unvalidated without hardware or independent experiments.	https://www.kronosfusionenergy.com/	https://fusionxinvest.com/company-profile/4394/kronos-fusion-energy/	official and directory pages accessed 2026-09-28	low	D	complete	complete	complete	complete	complete	complete	complete	complete	complete	complete	complete	complete	0	3	low	
