country	records	complete_records	records_with_gaps	high_priority	medium_priority	low_priority	missing_fuel_cycle	missing_official_url
Argentina	2	0	2	0	0	2	2	0
Australia	1	0	1	0	1	0	0	0
Brazil	1	0	1	0	0	1	1	0
Canada	2	0	2	0	2	0	2	0
Chile	1	0	1	0	0	1	1	0
China	12	2	10	2	8	2	9	2
Costa Rica	1	0	1	0	0	1	1	0
Croatia	1	0	1	1	0	0	0	1
Egypt	1	0	1	0	0	1	1	0
France	2	1	1	0	1	1	1	0
France / Switzerland	1	0	1	0	1	0	1	0
Germany	3	0	3	0	3	0	3	0
India	5	1	4	0	1	4	4	0
Iran	1	1	0	0	0	1	0	0
Israel	1	0	1	0	1	0	1	0
Japan	7	2	5	0	3	4	5	0
Latin America and Caribbean	1	0	1	0	1	0	1	0
Lebanon / Arab region	1	0	1	0	0	1	1	0
Mexico	1	0	1	0	0	1	1	0
New Zealand	1	0	1	0	1	0	1	0
Russia	1	0	1	0	1	0	1	0
South Korea	2	0	2	0	2	0	2	0
Spain	1	0	1	0	1	0	1	0
Sweden	1	0	1	0	1	0	1	0
Taiwan / United States	1	0	1	1	0	0	1	0
United Kingdom	6	0	6	2	4	0	5	0
United Kingdom / Gibraltar	1	0	1	0	1	0	1	0
United Kingdom / MENA focus	1	0	1	0	1	0	1	0
United States	35	2	33	3	27	5	29	5
United States / Germany	1	0	1	0	1	0	1	0
United States / Italy	1	0	1	0	0	1	1	0
United States / Japan	1	0	1	0	1	0	1	0
