source_id	process_theme	jurisdiction	official_source	official_url	scope	coordinate_availability	technology_or_process_fields	rights_status	access_mechanism	systematic_selection	import_decision	rationale	retrieved
br-epe-ethanol	ethanol / biochemical production	Brazil	EPE Webmap — Plantas de etanol	https://gisepeprd2.epe.gov.br/arcgis/rest/services/SMA/Webmap_EPE_Biocombustiveis/MapServer/0	National mapped ethanol-plant layer, including operating, construction and expansion source records	Latitude/longitude attributes and point geometry published for every row	Explicit plant type, source situation and ethanol/cane/corn capacity fields	EPE site content is CC BY 4.0	Public ArcGIS REST query and EPE Webmap download interface	All rows in layer 0; no name, size, status or route filter	IMPORT — 431 source rows	Material new South American geographic coverage; fermentation and equipment are not inferred from the ethanol product label.	2026-09-28
br-epe-biodiesel	biodiesel / chemical conversion	Brazil	EPE Webmap — Plantas de biodiesel	https://gisepeprd2.epe.gov.br/arcgis/rest/services/SMA/Webmap_EPE_Biocombustiveis/MapServer/1	National mapped biodiesel-plant layer with commercial-authorization/status and capacity fields	Latitude/longitude attributes and point geometry published for every row	Explicit biodiesel plant classification, ANP commercial-authorization field and capacity	EPE site content is CC BY 4.0	Public ArcGIS REST query and EPE Webmap download interface	All rows in layer 1; no name, size or status filter	IMPORT — 88 source rows	Material new national process coverage; the source does not publish reactor design.	2026-09-28
br-epe-biomethane	biomethane / biogas	Brazil	EPE Webmap — Plantas de biometano	https://gisepeprd2.epe.gov.br/arcgis/rest/services/SMA/Webmap_EPE_Biocombustiveis/MapServer/2	National mapped biomethane-plant layer with source condition, authorization, capacity and feedstock	Latitude/longitude attributes and point geometry published for every row	Explicit biomethane classification, feedstock, source condition, authorization and capacity	EPE site content is CC BY 4.0	Public ArcGIS REST query and EPE Webmap download interface	All rows in layer 2; no name, feedstock, size or status filter	IMPORT — 70 source rows	Material new South American biomethane coverage; digestion/upgrading equipment is not inferred.	2026-09-28
us-epa-lmop	landfill gas / methane energy	United States	EPA Landfill Methane Outreach Program operational projects map	https://www.epa.gov/lmop/lmop-national-map	Operational municipal-solid-waste landfill gas energy projects in the September 2024 map release	EPA-published latitude/longitude and point geometry; EPA cautions that a point may be a landfill centre or entrance	Explicit energy-use category, project technology, capacity, LFG flow, parties and start date	Data.gov catalogue assigns CC0 1.0; ArcGIS item states US EPA public-use data licence	Public ArcGIS FeatureServer and official EPA pages	All rows in the operational-project feature layer	IMPORT — 542 project rows	Process-depth complement to the existing livestock-digester layer; voluntary database is not exhaustive and landfill digestion is not represented as a vessel.	2026-09-28
ch-bfe-biogas	biogas / fermentation	Switzerland	Swiss Federal Office of Energy biogas plants geodata	https://www.bfe.admin.ch/en/biogas-plants	Biogas energy-production plants based on feed-in-remuneration recipients	Downloadable national geodata with plant points	Biogas production by fermentation is explicit in the dataset description	opendata.swiss terms indicate open use with attribution	Public CSV/GeoPackage services	Would require all published plant points and source plant categories	DEFER — strong future candidate	Round 4 already adds Swiss industrial geography; a later process layer should audit duplicate recipients, current-status semantics and stable identifiers before import.	2026-09-28
it-arpae-bioenergy	biogas / biomass energy	Italy — Emilia-Romagna	ARPAE bioenergy plants 2025	https://dati.arpae.it/it/dataset/arpa_ene_impianti_biomasse_biogas	Point locations of regional bioenergy plants	Published regional point geodata	Mixed biomass/biogas plant classifications	CC BY 4.0	Downloadable archive and REST service	Would require an explicit source classification rule separating biogas from other biomass	DEFER — regional classification audit required	Legally reusable and coordinate-bearing, but less geographic gain than the national imports and not yet audited for facility/phase duplicates.	2026-09-28
iea-hydrogen	hydrogen / ammonia / methanol	Global	IEA Hydrogen Production and Infrastructure Projects Database	https://www.iea.org/data-and-statistics/data-product/hydrogen-production-and-infrastructure-projects-database	Global announced and operating hydrogen projects with route, product, capacity and status	Interactive map exists; downloadable row-level coordinate provenance was not established	Route and downstream products can include ammonia and methanol	CC BY 4.0	Free account/IP-authenticated workbook and interactive tools	Would require all production records with source coordinates	BACKLOG — access and coordinate audit unresolved	Rights are clear, but a credential-free deterministic input and coordinate-bearing schema were not established.	2026-09-28
us-netl-gasification	gasification / ammonia / chemicals	Global	U.S. DOE NETL worldwide gasification plant database	https://www.netl.doe.gov/research/coal/energy-systems/gasification/gasification-plant-databases	Global gasification projects with process type, feedstock and products	Reviewed tables do not provide a reusable facility-coordinate field	Gasifier type, number, feedstock and product can be explicit	Government-hosted, but dataset-specific redistribution terms were not established	Web tables and reports	Would select chemical/ammonia/methanol products from explicit source fields	BACKLOG — no reusable coordinate-bearing bulk source	Process depth is high, but geocoding cities or assuming public-domain status would violate this round's rules.	2026-09-28
us-eia-refineries	refining	United States	EIA Refinery Capacity Report	https://www.eia.gov/petroleum/refinerycapacity/	Named refineries and detailed downstream process-unit capacities	Facility spreadsheet lacks a confirmed source latitude/longitude field	Atmospheric distillation, cracking, reforming, coking and hydrotreating capacities are explicit	U.S. federal public information	Official XLSX/PDF tables	All refinery rows if an official coordinate-bearing key becomes available	BACKLOG — no source coordinates	Joining addresses to geocoded points would infer coordinates.	2026-09-28
us-eia-biofuels	ethanol / fermentation	United States	EIA Biofuels Plant Production Capacity Report	https://www.eia.gov/biofuels/capacity/	Named fuel-ethanol, biodiesel and renewable-diesel plants with capacity	Facility spreadsheet lacks a confirmed source latitude/longitude field	Product category and capacity are explicit; fermentation technology is not	U.S. federal public information	Official XLSX	All named fuel-ethanol plants if official source coordinates become available	BACKLOG — no source coordinates	City/state locations are not converted to inferred points, and ethanol is not automatically labelled with a reactor design.	2026-09-28
