source_id	source_title	original_url	source_sha256	source_capture_date	rights	selected_fields	held_fields	no_fill_fields	related_citations	notes
aec-japan-research-reactors-white-paper-1969	Japan Atomic Energy Commission1969original whitepaper research reactor operations	https://www.aec.go.jp/kettei/hakusho/1969/sb801.html	ce915aba7d06714ed276f05f8a7e0e5f5a407dbc992f9f9fc0dfd10a032ee6cd	2026-10-03	Private source inspection; publisher rights retained; no redistribution grant inferred	2	0	0	2	Original source body is not distributed. Individual field scope, decision, date precision and source class remain in primary-fields.tsv; no publisher endorsement or independent scientific acceptance implied.
aec-materials-testing-reactor-original-irradiation-report	Original AEC MTR irradiation facility operator statement archived INL	https://inldigitallibrary.inl.gov/PRR/117207.pdf	48fca0f099de9b5c60bfbb5850515b5dc7a36a8b9a48c08e2bb427f4347f5553	2026-10-03	Private source inspection; publisher rights retained; no redistribution grant inferred	2	0	0	0	Original source body is not distributed. Individual field scope, decision, date precision and source class remain in primary-fields.tsv; no publisher endorsement or independent scientific acceptance implied.
aec-wtr-issued-licence-amendment-1959	AEC2July1959 published actual issued WTR TR2 licence, order19June1959	https://www.govinfo.gov/content/pkg/FR-1959-07-02/pdf/FR-1959-07-02.pdf	c2c6a6b95cf90665991de57218fe31a4aa4d1033999b507603d5363059e7c7d5	2026-10-04	Private source inspection; publisher rights retained; no redistribution grant inferred	1	0	0	2	Original source body is not distributed. Individual field scope, decision, date precision and source class remain in primary-fields.tsv; no publisher endorsement or independent scientific acceptance implied.
aec-wtr-original-authors-1962	AEC Captain A Nelson Tardiff, Some Aspects of the WTR and SL1 Accidents, prepared9April1962	https://www.osti.gov/servlets/purl/4828615	3b57b4c5f47d0c6f6313279153fa96ba70129605a9c0157e5c2ec9881a6c85d3	2026-10-04	Private source inspection; publisher rights retained; no redistribution grant inferred	1	0	1	0	Original source body is not distributed. Individual field scope, decision, date precision and source class remain in primary-fields.tsv; no publisher endorsement or independent scientific acceptance implied.
aec-wtr-original-operating-licence-1959	AEC18February1959 proposed WTR licence annex; not issued operating authority	https://www.govinfo.gov/content/pkg/FR-1959-02-18/pdf/FR-1959-02-18.pdf	4b5700e6c3a75b662eb75ac3418d3d3b4637de56349388b1abb2b0ac9bd0ed93	2026-10-04	Private source inspection; publisher rights retained; no redistribution grant inferred	0	0	0	3	Original source body is not distributed. Individual field scope, decision, date precision and source class remain in primary-fields.tsv; no publisher endorsement or independent scientific acceptance implied.
aecb-annual-report-1996-1997	AECB annual report 1996–1997	https://publications.gc.ca/collections/Collection/CC171-1997E.pdf	e48446dfe7ed6aa629094da2b1a528762459ebd9b789bffcf059d1a959a2a91e	2026-10-03	Private source inspection; original publisher/author rights retained; no redistribution grant inferred	1	0	0	0	Original source body is not distributed. Individual field scope, decision, date precision and source class remain in primary-fields.tsv; no publisher endorsement or independent scientific acceptance implied.
aecb-info-source-2000	Government Info Source 2000: AECB AECL licensing program records	https://publications.gc.ca/collections/Collection/BT51-3-1-2000E.pdf	6665009e6fc33622041b4b3974a87a79bff8e894a58fb611bf4187fe90e98ebb	2026-10-03	Private source inspection; original publisher/author rights retained; no redistribution grant inferred	1	0	0	0	Original source body is not distributed. Individual field scope, decision, date precision and source class remain in primary-fields.tsv; no publisher endorsement or independent scientific acceptance implied.
aecl-annual-report-2001-2002	AECL annual report 2001–2002	https://publications.gc.ca/collections/Collection/CC1-2002E.pdf	8df075422184170b703e5619388c7bd40673ddc51f187e346c558da1251c5c76	2026-10-03	Private source inspection; original publisher/author rights retained; no redistribution grant inferred	1	0	0	0	Original source body is not distributed. Individual field scope, decision, date precision and source class remain in primary-fields.tsv; no publisher endorsement or independent scientific acceptance implied.
aeoi-original-tehran-waste-contribution-2023	AEOI author Ramin Salartash original Tehran Research Reactor waste-treatment contribution 2023	https://conferences.iaea.org/event/330/contributions/28876/	cb3ccfa9a51c9280ea4e0bb512c70bf8753daf3356045916cc92e580a610b6e8	2026-10-04	Private source inspection; publisher rights retained; no redistribution grant inferred	1	0	0	0	Original source body is not distributed. Individual field scope, decision, date precision and source class remain in primary-fields.tsv; no publisher endorsement or independent scientific acceptance implied.
anl-early-reactors-official	Argonne early reactors history	https://www.ne.anl.gov/About/reactors/early-reactors.shtml	a7bdc62b385f023017d4213a7145e8bc34703e9406dbbc7d0853e83897a94152	2026-10-03	Private inspection only; publisher rights retained; no redistribution grant inferred	2	0	0	0	Original source body is not distributed. Individual field scope, decision, date precision and source class remain in primary-fields.tsv; no publisher endorsement or independent scientific acceptance implied.
anl-fast-reactor-technology-official	Argonne fast reactor facilities history	https://www.ne.anl.gov/About/reactors/frt.shtml	f403e389249fc8ede87bf62bba16f835a83b130a5ba6a6f3809e6635b5833bc4	2026-10-03	Private inspection only; publisher rights retained; no redistribution grant inferred	2	0	0	0	Original source body is not distributed. Individual field scope, decision, date precision and source class remain in primary-fields.tsv; no publisher endorsement or independent scientific acceptance implied.
ansto-hifar-moata-explainer	ansto-hifar-moata-explainer	https://www.ansto.gov.au/media/8250	6026b7d58d4c472314474dc069685ba4ec30040de7971e0c1bc2288c890c77b3	2026-10-03	Private source inspection; original publisher rights retained; no redistribution grant inferred	1	0	0	0	Original source body is not distributed. Individual field scope, decision, date precision and source class remain in primary-fields.tsv; no publisher endorsement or independent scientific acceptance implied.
ansto-moata-star-history	ansto-moata-star-history	https://apo.ansto.gov.au/server/api/core/bitstreams/32f0410b-9d77-4fb5-a164-e3855dc94289/content	e8bcebc20010d471b94f568f9dbcaa078fc7578e405f32ae143472573b6392ce	2026-10-03	Private source inspection; original publisher rights retained; no redistribution grant inferred	1	0	0	0	Original source body is not distributed. Individual field scope, decision, date precision and source class remain in primary-fields.tsv; no publisher endorsement or independent scientific acceptance implied.
ansto-opal-anniversary-2026	ansto-opal-anniversary-2026	https://www.ansto.gov.au/news/20-years-of-opal-reactor-powering-australian-science-medicine-and-innovation	0afd208a4320d0ed1236e91ace1fb7d09869fe9c8673e9a6cdf430b888daa0a4	2026-10-03	Private source inspection; original publisher rights retained; no redistribution grant inferred	1	0	0	0	Original source body is not distributed. Individual field scope, decision, date precision and source class remain in primary-fields.tsv; no publisher endorsement or independent scientific acceptance implied.
ansto-opal-dedicated-public-facility	ANSTO public dedicated OPAL multi-purpose reactor facility page	https://www.ansto.gov.au/facilities/opal-multi-purpose-reactor	d9284522fb6f87540fc05c863b01ca0fcae51273e3e9d257122387dcfe2ae6f4	2026-10-03	Private source inspection; publisher rights retained; no source-body redistribution grant inferred	1	0	0	0	Original source body is not distributed. Individual field scope, decision, date precision and source class remain in primary-fields.tsv; no publisher endorsement or independent scientific acceptance implied.
anvs-pallas-original-licence-transfer-2024	ANVS approved NRG PALLAS licence transfer 15August2024	https://english.autoriteitnvs.nl/latest/news/2024/08/15/anvs-approves-transfer-of-licences-of-nrg-and-pallas	e7b661b541b1406b4d2bd121be0a57d371717d4fe690ebd6d2dc5cbaf49693ae	2026-10-04	Private source inspection; publisher rights retained; no redistribution grant inferred	0	1	0	0	Original source body is not distributed. Individual field scope, decision, date precision and source class remain in primary-fields.tsv; no publisher endorsement or independent scientific acceptance implied.
argonne-afsr-original-physics-measurements	Original Argonne author AFSR reactor physics measurements archived DOE OSTI	https://www.osti.gov/servlets/purl/4764378/	72cfd73cf96d803d7f297f9f87b2a92fedeb762700b6913addd77e01033b99c3	2026-10-03	Private source inspection; publisher rights retained; no redistribution grant inferred	1	1	0	0	Original source body is not distributed. Individual field scope, decision, date precision and source class remain in primary-fields.tsv; no publisher endorsement or independent scientific acceptance implied.
argonne-kipt-original-medical-isotopes-2016	Argonne ANL16/03 KIPT medical isotope production original report	https://publications.anl.gov/anlpubs/2016/02/124805.pdf	a4d50d81bb7c465282fad8ec3e6fae4822ef1f6683161aa7b0f7663f4fe3febc	2026-10-04	Private source inspection; publisher rights retained; no redistribution grant inferred	1	0	1	0	Original source body is not distributed. Individual field scope, decision, date precision and source class remain in primary-fields.tsv; no publisher endorsement or independent scientific acceptance implied.
argonne-original-cp3-reactor-history	Argonne original institutional early reactor history CP3 and CP3prime	https://www.ne.anl.gov/About/reactors/early-reactors.shtml	003893a78e8e2416c48cec264ad80f7207a56fc4062b1229dbbe6982d298f6d6	2026-10-03	Private source inspection; publisher rights retained; no redistribution grant inferred	0	1	0	0	Original source body is not distributed. Individual field scope, decision, date precision and source class remain in primary-fields.tsv; no publisher endorsement or independent scientific acceptance implied.
asn-inb-list-2022	ASN official basic nuclear installation list at31May2022	https://reglementation-controle.asnr.fr/content/download/183774/file/CODEP-CLG-2022-026838.pdf	2a16cf88e64f414a85ecb60c0ebf5752be657619f149ec943438a5b9f71309b3	2026-10-03	Private original-source inspection; publisher/author rights retained, no bulk body redistribution grant inferred	14	0	0	0	Original source body is not distributed. Individual field scope, decision, date precision and source class remain in primary-fields.tsv; no publisher endorsement or independent scientific acceptance implied.
asnr-cabri-facility	ASNR official CABRI facility description	https://recherche-expertise.asnr.fr/recherche/reacteur-recherche-cabri	c2e634a411d71ad9ee030c8fc8d4c3e31f51392807faf65d3b4400d7ee69fba4	2026-10-03	Private source inspection; original publisher rights retained; no redistribution grant inferred	2	0	0	0	Original source body is not distributed. Individual field scope, decision, date precision and source class remain in primary-fields.tsv; no publisher endorsement or independent scientific acceptance implied.
asnr-research-reactors-chapter5	IRSN research-reactor safety book chapter hosted by ASNR	https://recherche-expertise.asnr.fr/sites/default/files/documents/larecherche/publications-documentation/collection-ouvrages-irsn/RR-ReacteursRecherche_web-NB-Chapitre-5.pdf	b76fddf0ff31a346ea45129d82d77088f20a5611d9c6b5bc9cef07bda1ee0144	2026-10-03	Private source inspection; original publisher rights retained; no redistribution grant inferred	16	0	0	0	Original source body is not distributed. Individual field scope, decision, date precision and source class remain in primary-fields.tsv; no publisher endorsement or independent scientific acceptance implied.
austria-original-cns-report-1999	Austrian national report under the Convention on Nuclear Safety, September1998	https://www.iaea.org/sites/default/files/austrian-report-1999.pdf	7401b50e3b8de38459ceb8114db672777738d5b1ea45e7ea19840e0191d975d4	2026-10-04	Private original source inspection only; no redistribution or training grant inferred	1	0	0	0	Original source body is not distributed. Individual field scope, decision, date precision and source class remain in primary-fields.tsv; no publisher endorsement or independent scientific acceptance implied.
barc-cirus-reactor-table	BARC CIRUS reactor characteristics and historical uses	https://www.barc.gov.in/reactor/index.html?tab=4	1928fb1410d7e5173c37ce344b72ab0b870d66f41cefd03c598727e9afb69203	2026-10-03	Private inspection only; publisher rights retained; no redistribution grant inferred	2	0	0	0	Original source body is not distributed. Individual field scope, decision, date precision and source class remain in primary-fields.tsv; no publisher endorsement or independent scientific acceptance implied.
base-statusbericht-2024	BASE status report as of 2024-12-31	https://doris.bfs.de/jspui/bitstream/urn:nbn:de:0221-2025072853653/1/BASE-N-01-2025.pdf	be35c24a896ff011e343d84750ec4c62406097bc9158d9070739f7a3f46ff2eb	2026-10-03	Private source inspection; original publisher rights retained; no redistribution grant inferred	45	1	0	1	Original source body is not distributed. Individual field scope, decision, date precision and source class remain in primary-fields.tsv; no publisher endorsement or independent scientific acceptance implied.
belgium-convention-nuclear-safety-7	Belgium seventh Convention on Nuclear Safety national report	https://www-ns.iaea.org/downloads/ni/safety_convention/7th-review-meeting/belgium-nr-7th-rm.pdf	6072e664ba9c5706a2a64762ac1e7e6d22437ade53ede039c988c96b6a4cfbfd	2026-10-03	Private inspection only; publisher rights retained; no redistribution grant inferred	1	0	0	0	Original source body is not distributed. Individual field scope, decision, date precision and source class remain in primary-fields.tsv; no publisher endorsement or independent scientific acceptance implied.
bulgaria-inrne-original-base-page	INRNE original Nuclear Scientific Experimental Base page	https://www.inrne.bas.bg/index.php/laboratories/nuclear-educational-and-experimental-base	240903f6521872b0d54640d2c687a2c3a62b7276c960cc99a1b2db4b4baf4522	2026-10-04	Private source inspection; publisher rights retained; no redistribution grant inferred	0	2	0	0	Original source body is not distributed. Individual field scope, decision, date precision and source class remain in primary-fields.tsv; no publisher endorsement or independent scientific acceptance implied.
bundestag-original-research-reactors-2004	German Bundestag original government research-reactor report 15/3650	https://dserver.bundestag.de/btd/15/036/1503650.pdf	15d02488910e058fdef75c2591840db9e1d7fc24c60baab7f4b216040b23fb9a	2026-10-04	Private source inspection; publisher rights retained; no redistribution grant inferred	0	0	3	0	Original source body is not distributed. Individual field scope, decision, date precision and source class remain in primary-fields.tsv; no publisher endorsement or independent scientific acceptance implied.
cea-french-research-reactors-annual-report-2017	Club of French research-reactor operators2017 annual report hosted by CEA	https://www.cea.fr/cad/Documents/Activit%C3%A9s/Fission/RA2017-FR-BD.pdf	52d01b935301a4aa4d67d9e8feb6cc4e2e313608fc4a50fe81457eed3821e686	2026-10-03	Private original-source inspection; publisher/author rights retained, no bulk body redistribution grant inferred	2	1	0	0	Original source body is not distributed. Individual field scope, decision, date precision and source class remain in primary-fields.tsv; no publisher endorsement or independent scientific acceptance implied.
cea-neutronics-original-history-2015	CEA neutronique 2015 historical critical mockups	https://www.cea.fr/multimedia/Documents/publications/monographie-nucleaire/CEA_Monographie4_Neutronique_2015_Fr.pdf	4af3dfc5e97c2f6d092547ef432891dee8511682e689ce5f90ae0cd1f792ade0	2026-10-04	Private inspection; native PDF2 reproduction requires editorial agreement and attribution; no agreement or redistribution grant obtained.	0	5	0	0	Original source body is not distributed. Individual field scope, decision, date precision and source class remain in primary-fields.tsv; no publisher endorsement or independent scientific acceptance implied.
cea-original-research-reactor-monograph-2012	CEA authored Research Nuclear Reactors monograph 2012	https://www.cea.fr/english/Documents/scientific-and-economic-publications/nuclear-energy-monographs/CEA_Monograph9_Research-nuclear-reactor_2012_GB.pdf	71aff9bb852fa465a1a7a4d908abf09492cedd1206d490767c5272150a56606c	2026-10-04	Private inspection only; CEA Saclay and Groupe Moniteur2012; reproduction subject to Editorial Board agreement and source acknowledgement; no redistribution grant inferred	0	4	0	0	Original source body is not distributed. Individual field scope, decision, date precision and source class remain in primary-fields.tsv; no publisher endorsement or independent scientific acceptance implied.
cea-propulsion-history-2025	CEA propulsion history published 2025-07-07	https://www.cea.fr/Pages/actualites/defense/propulsion-nucleaire-atout-France.aspx	dfb253bd45ec357bd49542f9522519dfd4831131a5c96988369a2b6a29ad903e	2026-10-03	Private source inspection; original publisher rights retained; no redistribution grant inferred	5	0	0	0	Original source body is not distributed. Individual field scope, decision, date precision and source class remain in primary-fields.tsv; no publisher endorsement or independent scientific acceptance implied.
cea-res-first-criticality-2018	CEA official RES divergence notice 2018	https://www.cea.fr/english/Pages/News/Test-Reactor-Divergence.aspx	3a616acf8a0671257606a98fcbd83d1a5c4c491a6b4426f863c15e832cd3549f	2026-10-03	Private source inspection; original publisher rights retained; no redistribution grant inferred	2	0	0	0	Original source body is not distributed. Individual field scope, decision, date precision and source class remain in primary-fields.tsv; no publisher endorsement or independent scientific acceptance implied.
cea-research-reactors-2012-en	CEA research-reactor monograph 2012	https://www.cea.fr/english/Documents/scientific-and-economic-publications/nuclear-energy-monographs/CEA_Monograph9_Research-nuclear-reactor_2012_GB.pdf	71aff9bb852fa465a1a7a4d908abf09492cedd1206d490767c5272150a56606c	2026-10-03	Private source inspection; original publisher rights retained; no redistribution grant inferred	0	6	0	10	Original source body is not distributed. Individual field scope, decision, date precision and source class remain in primary-fields.tsv; no publisher endorsement or independent scientific acceptance implied.
cea-research-reactors-2012-fr	CEA research-reactor monograph 2012	https://www.cea.fr/multimedia/Documents/publications/monographie-nucleaire/CEA_Monographie9_Reacteurs-nucleaires-experimentaux_2012_Fr.pdf	552da6332a943902ce69053a343064528d421406e8688c2a782004aa8a24779e	2026-10-03	Private source inspection; original publisher rights retained; no redistribution grant inferred	15	0	0	0	Original source body is not distributed. Individual field scope, decision, date precision and source class remain in primary-fields.tsv; no publisher endorsement or independent scientific acceptance implied.
cea-sodium-reactor-history	CEA sodium-reactor monograph	https://www.cea.fr/Documents/monographies/reacteurs-nucleaires-sodium-historique-bilan-fonctionnement.pdf	3c39db66d8a405c017bb57033980f80f0f1f10c9bb10a87e49429f4fb87df640	2026-10-03	Private source inspection; original publisher rights retained; no redistribution grant inferred	1	0	0	0	Original source body is not distributed. Individual field scope, decision, date precision and source class remain in primary-fields.tsv; no publisher endorsement or independent scientific acceptance implied.
cnl-nru-legacy-2018	CNL legacy of NRU reactor documentary announcement	https://www.cnl.ca/legacy-of-nru-reactor-to-be-explored-in-new-documentary-film/	ac61e543aa50d0063e8b7ff73fa56a4318662d6deac673ffbd4ec4697f029105	2026-10-03	Private source inspection; original publisher rights retained; no redistribution grant inferred	1	0	0	0	Original source body is not distributed. Individual field scope, decision, date precision and source class remain in primary-fields.tsv; no publisher endorsement or independent scientific acceptance implied.
cnl-slowpoke-presentation-2019	J.E. Atfield CNL RRFM/IGORR 2019 author presentation CW-123214-001-000	https://www.researchgate.net/publication/334195332_COMPARISON_OF_SLOWPOKE-2_BURNUP_SIMULATIONS_AGAINST_REACTOR_PERIOD_MEASUREMENTS	3cdda68dee514aa7ac2acba60ffc090540ff6f374bf0a9e4a1de5a21fc84f82e	2026-10-03	Private source inspection; original publisher/author rights retained; no redistribution grant inferred	0	2	0	5	Original source body is not distributed. Individual field scope, decision, date precision and source class remain in primary-fields.tsv; no publisher endorsement or independent scientific acceptance implied.
cnl-wr1-decommissioning	WR-1 reactor decommissioning, CNL	https://www.cnl.ca/environmental-stewardship/wr-1-reactor-decommissioning/	5db4c8a11c2b069fd3fe3a1fb2e3e84e5649ef0f4c78fce999bc0277517f2b15	2026-10-03	Private source inspection; original publisher/author rights retained; no redistribution grant inferred	2	0	0	0	Original source body is not distributed. Individual field scope, decision, date precision and source class remain in primary-fields.tsv; no publisher endorsement or independent scientific acceptance implied.
cnl-zed2-facility	cnl-zed2-facility	https://www.cnl.ca/facilities/zed-2-research-reactor-2/	05c0e98d2a596f5f2fef02a17fb4e6f1c02dcb2d176c982f4fab1df359231590	2026-10-03	Private source inspection; original publisher rights retained; no redistribution grant inferred	1	0	0	0	Original source body is not distributed. Individual field scope, decision, date precision and source class remain in primary-fields.tsv; no publisher endorsement or independent scientific acceptance implied.
cnl-zeep-physics-history-2023	CNL 3-D printed ZEEP reactor model: reactor physics history	https://www.cnl.ca/3-d-printed-zeep-reactor-model/	350895b4db786d588dee28accf14f3166c9323002a0c68033e8d2bca09aa0c61	2026-10-03	Private source inspection; original publisher rights retained; no redistribution grant inferred	4	0	0	0	Original source body is not distributed. Individual field scope, decision, date precision and source class remain in primary-fields.tsv; no publisher endorsement or independent scientific acceptance implied.
cns-ptr-commissioning-engineer-memoir-2011	J.T. Rogers, History Repeats: A Personal Reminiscence, CNS Bulletin32(3)	https://cns-snc.ca/wp-content/uploads/2022/01/CNS_Vol32No3_Final.pdf	621d408f6b441c90d119765b5494a355b5a7ce5106ac5c0afb598093023e9a76	2026-10-03	Private source inspection; original publisher/author rights retained; no redistribution grant inferred	1	0	0	0	Original source body is not distributed. Individual field scope, decision, date precision and source class remain in primary-fields.tsv; no publisher endorsement or independent scientific acceptance implied.
cnsc-annual-report-2002-2003	CNSC annual report 2002–2003	https://publications.gc.ca/collections/Collection/CC171-2003E.pdf	f28299939d6eabff979987bfe5f8f4a27b67329f68a32dd3e16ba84f7f669dac	2026-10-03	Private source inspection; original publisher/author rights retained; no redistribution grant inferred	2	0	0	0	Original source body is not distributed. Individual field scope, decision, date precision and source class remain in primary-fields.tsv; no publisher endorsement or independent scientific acceptance implied.
cnsc-joint-convention-2008-annex7	CNSC Canadian Joint Convention national report 2008 Annex7	https://www.cnsc-ccsn.gc.ca/eng/resources/publications/reports/jointconvention/oct2008/7/	21a3bbd81ed977b2ffe74a810080a092ffdf954a2441d103e7937e98c298f445	2026-10-03	Private source inspection; original publisher/author rights retained; no redistribution grant inferred	2	0	0	0	Original source body is not distributed. Individual field scope, decision, date precision and source class remain in primary-fields.tsv; no publisher endorsement or independent scientific acceptance implied.
cnsc-nru-licensing-background	CNSC NRU licensing lessons, section II background	https://www.cnsc-ccsn.gc.ca/eng/resources/publications/reports/lessonslearned/ii/	3959a68c3bb53ccb9e997ef26f1ee5f3297e2e05262b14ae74e5577e493fc735	2026-10-03	Private source inspection; original publisher/author rights retained; no redistribution grant inferred	1	0	0	0	Original source body is not distributed. Individual field scope, decision, date precision and source class remain in primary-fields.tsv; no publisher endorsement or independent scientific acceptance implied.
cnsc-nru-licensing-history-appendix-d	CNSC NRU licensing lessons: Appendix D timeline	https://www.cnsc-ccsn.gc.ca/eng/resources/publications/reports/lessonslearned/d/	dfb18161fe76bc899635ce3a8bc416d1753607da4af2dada1ff2e2741fed176b	2026-10-03	Private source inspection; original publisher rights retained; no redistribution grant inferred	1	0	0	0	Original source body is not distributed. Individual field scope, decision, date precision and source class remain in primary-fields.tsv; no publisher endorsement or independent scientific acceptance implied.
cnsc-original-decommissioned-slowpokes	CNSC original shutdown and decommissioned reactors listing	https://www.cnsc-ccsn.gc.ca/eng/reactors/regulating-nuclear-reactors-power-plants/decommissioning-of-nuclear-facilities/shut-down-decommissioned-reactors/	e5f2f0004ea6f857e20b9a2774112fb69c857a3a435070d58fc6059610bba78c	2026-10-04	Private source inspection; publisher rights retained; no redistribution grant inferred	0	1	0	0	Original source body is not distributed. Individual field scope, decision, date precision and source class remain in primary-fields.tsv; no publisher endorsement or independent scientific acceptance implied.
cnsc-pool-test-reactor-environmental-assessment	CNSC PTR environmental assessment 2004–2007	https://www.cnsc-ccsn.gc.ca/eng/resources/environmental-protection/environmental-assessments/ea-04-01-6315/	5502863f37cd35bb671f7435c26cc3dbc0d43750fdd6250a1f04671fae792e57	2026-10-03	Private source inspection; original publisher/author rights retained; no redistribution grant inferred	1	0	0	0	Original source body is not distributed. Individual field scope, decision, date precision and source class remain in primary-fields.tsv; no publisher endorsement or independent scientific acceptance implied.
dresden-original-akr-history-zlfr-brochure	TU Dresden original AKR2 teaching brochure with historic ZLFR	https://tu-dresden.de/ing/maschinenwesen/iet/wket/ressourcen/dateien/akr2/Lehrmaterialien/broschuere_akr-2.pdf	44e6f5c26d06a4b34d32156d9057f85dacbf75afd34bfa8c0a57f849061e5bba	2026-10-03	Private source inspection; publisher rights retained; no redistribution grant inferred	1	0	0	0	Original source body is not distributed. Individual field scope, decision, date precision and source class remain in primary-fields.tsv; no publisher endorsement or independent scientific acceptance implied.
eaea-original-role-author-2023	EAEA author contribution: Regulatory Framework and Planning for Decommissioning in Egypt	https://conferences.iaea.org/event/330/contributions/28262/	fa3f3561500b4c9c91a08e7d2772fb32913530cee794799db3092a35425d2c64	2026-10-04	Private original source inspection only; no redistribution or training grant inferred	1	0	1	0	Original source body is not distributed. Individual field scope, decision, date precision and source class remain in primary-fields.tsv; no publisher endorsement or independent scientific acceptance implied.
enea-alfred-original-programme-2026	ENEA EAGLES and newcleo LEANDREA programme 19February2026	https://www.media.enea.it/en/press-releases-and-news/years-archive/year-2026/nuclear-eagles-and-newcleo-join-forces-on-leandrea.html	ad253c250d7989dfdb1d7315d040fcf498774af3fed744fc7605ab47b9e1c191	2026-10-04	Private source inspection; publisher rights retained; no redistribution grant inferred	1	1	1	0	Original source body is not distributed. Individual field scope, decision, date precision and source class remain in primary-fields.tsv; no publisher endorsement or independent scientific acceptance implied.
enea-original-rb2-history	ENEA historical archive, Montecuccolino laboratory and RB2	https://archiviostoriconucleare.enea.it/centriricerca/l.r.%20montecuccolino%20%E2%80%93%20ingegneria%20nucleare	f80bcddc1bbdac51d073885473164114cf4957c1718fd84a099b59482e08140c	2026-10-04	Private original source inspection only; no redistribution or training grant inferred	1	1	0	0	Original source body is not distributed. Individual field scope, decision, date precision and source class remain in primary-fields.tsv; no publisher endorsement or independent scientific acceptance implied.
epfl-crocus-educational-experiments-author-paper	EPFL original authors Advanced educational experiments at the CROCUS reactor	https://nucleus.iaea.org/sites/connect/RRIHpublic/CompendiumDB/Shared%20Documents/Switzerland/Abstract/Paper.CROCUS.pdf	9135f133b92c1ea372f06b5f101c26e5a2fc70bcc95f991a29c933c64935b326	2026-10-03	Private original-source inspection; publisher rights retained; no redistribution grant inferred	1	0	0	0	Original source body is not distributed. Individual field scope, decision, date precision and source class remain in primary-fields.tsv; no publisher endorsement or independent scientific acceptance implied.
govuk-vulcan-stf-shutdown-2015	MOD shutdown of Shore Test Facility reactor at Vulcan	https://www.gov.uk/government/news/shutdown-of-shore-test-facility-reactor	578e18bba8c040fab6d3079164a225fc4cac0cf05c1d60831914be8c818deda2	2026-10-03	Private source inspection; publisher rights retained; no redistribution grant inferred	1	0	1	0	Original source body is not distributed. Individual field scope, decision, date precision and source class remain in primary-fields.tsv; no publisher endorsement or independent scientific acceptance implied.
highland-dounreay-vulcan-emergency-plan	Highland Council Dounreay and Vulcan offsite emergency plan	https://www.highland.gov.uk/downloads/file/1253/dounreay-and-vulcan-nrte-offsite-emergency-plan	fb22fa451dfe33af38b8110385ab4858213c59ef1d5362eac6c82e676f8a5d37	2026-10-03	Private source inspection; publisher rights retained; no redistribution grant inferred	1	0	0	0	Original source body is not distributed. Individual field scope, decision, date precision and source class remain in primary-fields.tsv; no publisher endorsement or independent scientific acceptance implied.
hitachi-htr-ozenji	hitachi-htr-ozenji	https://www.hitachi.com/en/products/energy/nuclear/activities/ozenji/	98463325dbe649f38553317a80ed98cd995c165e6c82864be7e818ddeaaae3ff	2026-10-03	Private source inspection; original publisher rights retained; no redistribution grant inferred	2	0	0	0	Original source body is not distributed. Individual field scope, decision, date precision and source class remain in primary-fields.tsv; no publisher endorsement or independent scientific acceptance implied.
hitachi-htr-ozenji-ja	hitachi-htr-ozenji-ja	https://www.hitachi.com/ja-jp/products/energy/nuclear/activities/ozenji/	11d25b04b4a0a8b112638837b645cfe1fa87671c043af0bae5a181ffa3883b39	2026-10-03	Private source inspection; original publisher rights retained; no redistribution grant inferred	1	0	0	0	Original source body is not distributed. Individual field scope, decision, date precision and source class remain in primary-fields.tsv; no publisher endorsement or independent scientific acceptance implied.
hszg-zlfr-original-teaching-cabinet-history	HSZG original museum teaching cabinet historical ZLFR equipment	https://f-m.hszg.de/fakultaet/labore/energietechnisches-kabinett	d60b99c3109bf57d8739d548a6dcbab3cf6d67c12657f93441faa6993abc2577	2026-10-03	Private source inspection; publisher rights retained; no redistribution grant inferred	0	0	0	1	Original source body is not distributed. Individual field scope, decision, date precision and source class remain in primary-fields.tsv; no publisher endorsement or independent scientific acceptance implied.
iaea-africa-original-research-reactors-2020	Research reactors in Africa,2020edition	https://www.iaea.org/sites/default/files/20/07/research-reactors-in-africa-2020.pdf	a3af0a5970f894ae9fa31ec5b93b0ffac159d22313e5640614fe3ba7e0588b69	2026-10-04	Private original source inspection only; no redistribution or training grant inferred	1	0	2	2	Original source body is not distributed. Individual field scope, decision, date precision and source class remain in primary-fields.tsv; no publisher endorsement or independent scientific acceptance implied.
iaea-fast-reactor-database-2007	IAEA TECDOC1531 fast reactor event and operating organisation descriptions	https://www-pub.iaea.org/MTCD/Publications/PDF/te_1531_web.pdf	062288b0d1e7e0ac51771f64b357417a608fc2c5d98112f00ba7a187c5950d7c	2026-10-03	Private inspection only; publisher rights retained; no redistribution grant inferred	2	0	0	2	Original source body is not distributed. Individual field scope, decision, date precision and source class remain in primary-fields.tsv; no publisher endorsement or independent scientific acceptance implied.
iaea-jason-original-decommissioning-trs420	IAEA TRS420 original JASON unit account	https://www-pub.iaea.org/MTCD/Publications/PDF/TRS420_web.pdf	8d353f35373aae75c4712c0155748b8f6066e9e6e5b63b1866b6fe0e81b0533a	2026-10-04	Private source inspection; publisher rights retained; no redistribution grant inferred	2	0	0	0	Original source body is not distributed. Individual field scope, decision, date precision and source class remain in primary-fields.tsv; no publisher endorsement or independent scientific acceptance implied.
iaea-nirr-original-author-km-2016	CERT author contribution: Knowledge Management Initiative at a Nuclear Facility Centre in Nigeria	https://conferences.iaea.org/event/83/contributions/11194/	9caabb9915a815177e9bc41c1cf49304d209ce9fd5ea0b3176cc743b3270330f	2026-10-04	Private original source inspection only; no redistribution or training grant inferred	1	0	0	0	Original source body is not distributed. Individual field scope, decision, date precision and source class remain in primary-fields.tsv; no publisher endorsement or independent scientific acceptance implied.
iaea-original-astra-decommissioning-tecdoc1602	Innovative and adaptive technologies in decommissioning of nuclear facilities, IAEA-TECDOC-1602	https://www-pub.iaea.org/MTCD/Publications/PDF/TE_1602_web.pdf	c16388a4eb73e1f6f27faf3b3d25fee4c6c8e6f18f39e93dfe92ccebbb844687	2026-10-04	Private original source inspection only; no redistribution or training grant inferred	1	1	0	1	Original source body is not distributed. Individual field scope, decision, date precision and source class remain in primary-fields.tsv; no publisher endorsement or independent scientific acceptance implied.
iaea-original-iran-report-gov2025-24	IAEA original verification and monitoring report GOV/2025/24	https://www.iaea.org/sites/default/files/25/06/gov2025-24.pdf	b2b158439b3e126594a78913c90b5cb5ba2407fe1d786224487721a3100b217a	2026-10-04	Private source inspection; publisher rights retained; no redistribution grant inferred	0	1	0	0	Original source body is not distributed. Individual field scope, decision, date precision and source class remain in primary-fields.tsv; no publisher endorsement or independent scientific acceptance implied.
iaea-original-tecdoc1748-national-decommissioning-papers	Project experiences in research reactor ageing management, modernization and refurbishment, IAEA-TECDOC-1748	https://www-pub.iaea.org/MTCD/publications/PDF/TE-1748_web.pdf	75c5f56f5a4f480cbc6fc3f01ce0eed53c9908849a3daf742cb4033dd04374cc	2026-10-04	IAEA copyright; native PDF5 permission requirement for reproduced text. Private inspection only, no redistribution/training grant inferred.	0	2	2	3	Original source body is not distributed. Individual field scope, decision, date precision and source class remain in primary-fields.tsv; no publisher endorsement or independent scientific acceptance implied.
iaea-pub1592-rez-original-reactor-papers	IAEA proceedings Pub1592 original NRI Rez reactor papers	https://www-pub.iaea.org/MTCD/Publications/PDF/Pub1592_web.pdf	c9708af5b89a69681f77889259ff0d6eed2e0f229f46524c2c7d9680d9254abb	2026-10-03	Private original-source inspection; publisher rights retained; no redistribution grant inferred	2	0	0	0	Original source body is not distributed. Individual field scope, decision, date precision and source class remain in primary-fields.tsv; no publisher endorsement or independent scientific acceptance implied.
iaea-research-reactor-status-pub1201	IAEA Status of the Decommissioning of Nuclear Facilities around the World Pub1201	https://www-pub.iaea.org/MTCD/Publications/PDF/Pub1201_web.pdf	beef788ca543861294d7e91ba29156d3ea630ed19eef763f26663e34082e85a2	2026-10-03	Private source inspection; publisher rights retained; no redistribution grant inferred	35	4	8	3	Original source body is not distributed. Individual field scope, decision, date precision and source class remain in primary-fields.tsv; no publisher endorsement or independent scientific acceptance implied.
iaea-russian-rg1m-decommissioning-2002	IAEA TECDOC1273 Russian RG-1M neutron activation and decommissioning experience	https://www-pub.iaea.org/MTCD/Publications/PDF/te_1273_prn.pdf	c0e60628a5c5483eb88e963e44219716c24054a1a8f7dfd2ca6490569c28a243	2026-10-03	Private inspection only; publisher rights retained; no redistribution grant inferred	1	2	0	0	Original source body is not distributed. Individual field scope, decision, date precision and source class remain in primary-fields.tsv; no publisher endorsement or independent scientific acceptance implied.
igcar-fbtr-director-2024	IGCAR director message, 39 years of FBTR operation, 2024-10-18	https://www.igcar.gov.in/document/FBTR40years.pdf	16e2a643b54c57b036425f4b4f8653e4fd0ea6377cd41440e59f73007d852598	2026-10-03	Private inspection only; publisher rights retained; no redistribution grant inferred	2	0	0	0	Original source body is not distributed. Individual field scope, decision, date precision and source class remain in primary-fields.tsv; no publisher endorsement or independent scientific acceptance implied.
ill-reactor-annual-report-2011	ILL annual report 2011	https://www.ill.eu/fileadmin/user_upload/ILL/1_About_ILL/Documentation/Annual_report/AR-11/AR-2011.pdf	c9dfd1bf77ea14adc722680ed6bfb8593d1efdc2e6203312f0832ac0b6f507d8	2026-10-03	Private source inspection; original publisher rights retained; no redistribution grant inferred	1	0	0	0	Original source body is not distributed. Individual field scope, decision, date precision and source class remain in primary-fields.tsv; no publisher endorsement or independent scientific acceptance implied.
iner-taiwan-original-digidecom2018-presentation	INER original Kuo DigiDecom2018 presentation describing Taiwan Research Reactor	https://ife.no/wp-content/uploads/2019/01/DigiDecom2018-S1-P2-Kuo.pdf	f9f8d1dee0e48e634f05ec647cefe24f87284159f8ea3a15311adc483512f423	2026-10-04	Private source inspection; publisher rights retained; no redistribution grant inferred	1	0	0	0	Original source body is not distributed. Individual field scope, decision, date precision and source class remain in primary-fields.tsv; no publisher endorsement or independent scientific acceptance implied.
inl-proving-principle-chapter8	INL Proving the Principle chapter 8	https://inl.gov/content/uploads/2024/05/Chapter-8_Low-1.pdf	7f38bbdabf99e29b665c1bb94c3a23dd84e145bf5d22a123e3e2f7bfc1c8dafd	2026-10-03	Private inspection only; publisher rights retained; no redistribution grant inferred	1	0	0	0	Original source body is not distributed. Individual field scope, decision, date precision and source class remain in primary-fields.tsv; no publisher endorsement or independent scientific acceptance implied.
intelgr-alpha-aerosol-original-monograph	Original alpha aerosol research monograph, IVV-2M description	https://publishing.intelgr.com/archive/alfa-izluchayushchie-aerozoli.pdf	238b82f428dceba92c3dcad90712b026dc5d25a0d5b6073481dc8e0517769992	2026-10-03	Private inspection only; publisher rights retained; no redistribution grant inferred	0	0	0	1	Original source body is not distributed. Individual field scope, decision, date precision and source class remain in primary-fields.tsv; no publisher endorsement or independent scientific acceptance implied.
irsn-eole-minerve-safety-review-2011	IRSN28September2011 EOLE/MINERVE second safety-review synthesis	https://recherche-expertise.asnr.fr/sites/default/files/documents/expertise/rapports_gp/IRSN_Synthese-Rapport-Eole-Minerve_28112011.pdf	04af13c1f89537229e07d54cc992b1b6c211de6b2dbf92ea96dd938802653d74	2026-10-03	Private original-source inspection; publisher/author rights retained, no bulk body redistribution grant inferred	2	0	0	0	Original source body is not distributed. Individual field scope, decision, date precision and source class remain in primary-fields.tsv; no publisher endorsement or independent scientific acceptance implied.
jaea-jpdr-decommissioning-encyclopedia	jaea-jpdr-decommissioning-encyclopedia	https://atomica.jaea.go.jp/data/detail/dat_detail_05-02-04-09.html	bcbbe468a2662de61a899827da7fcd529b9661e4b215579b1287e9d8180cfadd	2026-10-03	Private source inspection; original publisher rights retained; no redistribution grant inferred	0	1	0	0	Original source body is not distributed. Individual field scope, decision, date precision and source class remain in primary-fields.tsv; no publisher endorsement or independent scientific acceptance implied.
jaea-jpdr-history-encyclopedia	jaea-jpdr-history-encyclopedia	https://atomica.jaea.go.jp/data/detail/dat_detail_16-03-04-01.html	e0f22645091db73dfee607f64aeba0a4316f7533876b760c3e98dd549f7f4bb1	2026-10-03	Private source inspection; original publisher rights retained; no redistribution grant inferred	2	0	0	1	Original source body is not distributed. Individual field scope, decision, date precision and source class remain in primary-fields.tsv; no publisher endorsement or independent scientific acceptance implied.
jaea-jrr2-decommissioning	JAEA JRR-2 decommissioning description	https://www.jaea.go.jp/english/04/ntokai/decommissioning/01/decommissioning_02_01.html	0e20c8254c72c8ae16a5fd9279cfa10b5b10a3bb81ddcd93e8977183c404a396	2026-10-03	Private source inspection; original publisher rights retained; no redistribution grant inferred	2	0	0	0	Original source body is not distributed. Individual field scope, decision, date precision and source class remain in primary-fields.tsv; no publisher endorsement or independent scientific acceptance implied.
jaea-jrr4-decommissioning	jaea-jrr4-decommissioning	https://www.jaea.go.jp/english/04/ntokai/decommissioning/01/decommissioning_02_03.html	d3a92d48fe6ac86171c3761e1419c72e13beb8a682dae92d82c960fb55b89ee0	2026-10-03	Private source inspection; original publisher rights retained; no redistribution grant inferred	1	0	0	0	Original source body is not distributed. Individual field scope, decision, date precision and source class remain in primary-fields.tsv; no publisher endorsement or independent scientific acceptance implied.
jaea-nsrr-facility	jaea-nsrr-facility	https://www.jaea.go.jp/english/04/ntokai/kasokuki/kasokuki_03.html	bd80dec3c0cdbcf8030c8817955fa3f94348365efb013bddea9173353059ac1d	2026-10-03	Private source inspection; original publisher rights retained; no redistribution grant inferred	1	0	0	0	Original source body is not distributed. Individual field scope, decision, date precision and source class remain in primary-fields.tsv; no publisher endorsement or independent scientific acceptance implied.
jaea-nsrr-original-control-rod-report-2025	JAEAResearch2025-001 NSRR explicit operator and management	https://jopss.jaea.go.jp/pdfdata/JAEA-Research-2025-001.pdf	77ab7f07ddd7a1cc9890f7990240fcda4c47d68b855a6a241c0cd248cedc60e1	2026-10-03	Private source inspection; publisher rights retained; no redistribution grant inferred	1	0	0	0	Original source body is not distributed. Individual field scope, decision, date precision and source class remain in primary-fields.tsv; no publisher endorsement or independent scientific acceptance implied.
jaea-reactor-operation-annual-report-jfy2016	JAEAReview2020-072 JFY2016 original operation department report	https://jopss.jaea.go.jp/pdfdata/JAEA-Review-2020-072.pdf	8698ea18f8f08252c3681c12942d00489666e1666095ee4659f2f3b1d9b9302d	2026-10-03	Private source inspection; publisher rights retained; no redistribution grant inferred	1	0	0	0	Original source body is not distributed. Individual field scope, decision, date precision and source class remain in primary-fields.tsv; no publisher endorsement or independent scientific acceptance implied.
jaea-research-reactor-history	jaea-research-reactor-history	https://drrta.jaea.go.jp/drrtae/1/13.htm	4c2375ee5c44edbf9e80fb2715b77b05c4262ded084b7213fcec72ca2f7dd941	2026-10-03	Private source inspection; original publisher rights retained; no redistribution grant inferred	2	0	0	0	Original source body is not distributed. Individual field scope, decision, date precision and source class remain in primary-fields.tsv; no publisher endorsement or independent scientific acceptance implied.
jaec-jrtr-original-criticality-author-2017	JAEC author contribution: Status of the Jordanian research and training reactor	https://indico.frm2.tum.de/event/51/contributions/837/	64145df73b35ad1e88903e197f72dcd33986f94d90006a8410a8429a84ad8bbf	2026-10-04	Private original source inspection only; no redistribution or training grant inferred	1	0	0	0	Original source body is not distributed. Individual field scope, decision, date precision and source class remain in primary-fields.tsv; no publisher endorsement or independent scientific acceptance implied.
jaeri-jpdr-radiation-control-1973	jaeri-jpdr-radiation-control-1973	https://jopss.jaea.go.jp/pdfdata/JAERI-M-5084.pdf	f1d57c753826ca7a40d9096274ea8ad427a93dcbf3eafb39be17ecb6590b32f6	2026-10-03	Private source inspection; original publisher rights retained; no redistribution grant inferred	1	0	0	0	Original source body is not distributed. Individual field scope, decision, date precision and source class remain in primary-fields.tsv; no publisher endorsement or independent scientific acceptance implied.
jaeri-jrr1-radiation-monitoring-1958	jaeri-jrr1-radiation-monitoring-1958	https://jopss.jaea.go.jp/pdfdata/JAERI-1003-G.pdf	cfdab60107de6392f40c7d43d7df20a896bb3e400471b4518f60b892b8adaa25	2026-10-03	Private source inspection; original publisher rights retained; no redistribution grant inferred	1	0	0	0	Original source body is not distributed. Individual field scope, decision, date precision and source class remain in primary-fields.tsv; no publisher endorsement or independent scientific acceptance implied.
jcpoa-original-arak-agreement-2015	Dutch official treaty publication of original JCPOA Arak commitments	https://zoek.officielebekendmakingen.nl/trb-2015-143.html	6420e20817d550101ce103dfd342d9b1679c3835ce40f696569c26b145b2ba01	2026-10-04	Private source inspection; publisher rights retained; no redistribution grant inferred	0	1	0	0	Original source body is not distributed. Individual field scope, decision, date precision and source class remain in primary-fields.tsv; no publisher endorsement or independent scientific acceptance implied.
jinr-nuclear-facilities-2012-irm	Nuclear Research Facilities in Russia, Institute of Reactor Materials chapter	https://flnph-old.jinr.ru/images/content/Books/Nuclear_Research_Facilities_in_Russia/IRM.pdf	acf7d64aa636c6f88b73b3e152c5fcdf78183e6d5782c8aa659313d16c61b75c	2026-10-03	Private inspection only; publisher rights retained; no redistribution grant inferred	2	0	0	0	Original source body is not distributed. Individual field scope, decision, date precision and source class remain in primary-fields.tsv; no publisher endorsement or independent scientific acceptance implied.
jinr-nuclear-facilities-2012-jinr	Nuclear Research Facilities in Russia, JINR chapter	https://flnp.jinr.int/images/Books/NuclearResearchFacilities_Russia/15_JINR.pdf	2d49a4d7e041aea93dcf8b9e906e3a49166193eaae12efa4d62d18aa2ca572c9	2026-10-03	Private inspection only; publisher rights retained; no redistribution grant inferred	2	0	0	0	Original source body is not distributed. Individual field scope, decision, date precision and source class remain in primary-fields.tsv; no publisher endorsement or independent scientific acceptance implied.
jinr-nuclear-facilities-2012-kurchatov	Nuclear Research Facilities in Russia, Kurchatov Institute chapter	https://flnph-old.jinr.ru/images/content/Books/Nuclear_Research_Facilities_in_Russia/NRC_KI.pdf	36fd0f9db9584ccc3df2b9dc821ea499393d518ed579a7b392953b8dac2e1a90	2026-10-03	Private inspection only; publisher rights retained; no redistribution grant inferred	3	1	0	0	Original source body is not distributed. Individual field scope, decision, date precision and source class remain in primary-fields.tsv; no publisher endorsement or independent scientific acceptance implied.
jinr-nuclear-facilities-2012-riar	Nuclear Research Facilities in Russia, RIAR chapter	https://flnp.jinr.int/images/Books/NuclearResearchFacilities_Russia/7_RIAR.pdf	5b8cc9a901d944cc61ed71809873d3d18eae6ecfdfe12359ccb701bb0e6da836	2026-10-03	Private inspection only; publisher rights retained; no redistribution grant inferred	2	0	0	0	Original source body is not distributed. Individual field scope, decision, date precision and source class remain in primary-fields.tsv; no publisher endorsement or independent scientific acceptance implied.
jinr-original-ibr2-operating-licence-2025	JINR original Licence to launch IBR2 received27January2025	https://www.jinr.ru/posts/license-to-launch-ibr-2-received/	0737990bd107037174e6b3e4447ddf5447f48d37be0fd0f17afddfa6943b58b4	2026-10-04	Private source inspection; publisher rights retained; no redistribution grant inferred	1	0	0	0	Original source body is not distributed. Individual field scope, decision, date precision and source class remain in primary-fields.tsv; no publisher endorsement or independent scientific acceptance implied.
karlsruhe-original-integral-experiments-1970	Karlsruhe1970original authors integral experiments SUAK STARK SNEAK	https://publikationen.bibliothek.kit.edu/270004446/3810562	0e46a5f36ee57f04da03934bb3c88aa149c932e3a6c8b87c153c85c9a9786eba	2026-10-03	Private source inspection; publisher rights retained; no redistribution grant inferred	2	0	0	0	Original source body is not distributed. Individual field scope, decision, date precision and source class remain in primary-fields.tsv; no publisher endorsement or independent scientific acceptance implied.
karlsruhe-stark-original-neutron-measurements-1965	KFK303 original STARK pulsed source and noise experiments May1965	https://publikationen.bibliothek.kit.edu/270001267/3809604	c667205b9bfbf737b67728ead79124132218b7b2811cd22be05610d73662a4f7	2026-10-03	Private source inspection; publisher rights retained; no redistribution grant inferred	0	0	0	1	Original source body is not distributed. Individual field scope, decision, date precision and source class remain in primary-fields.tsv; no publisher endorsement or independent scientific acceptance implied.
kth-r1-reactor-hall-history	KTH original R1 reactor hall history	https://www.kth.se/en/2.77400/historik-om-kth-reaktorhallen-1.699973	247dc0592e4b25fbced4cdde484a574987f09a1d2744c124b3333342731724a9	2026-10-03	Private inspection only; publisher rights retained; no redistribution grant inferred	2	0	0	0	Original source body is not distributed. Individual field scope, decision, date precision and source class remain in primary-fields.tsv; no publisher endorsement or independent scientific acceptance implied.
kyoto-kuca-facility-ja	kyoto-kuca-facility-ja	https://www.rri.kyoto-u.ac.jp/CAD/facility.html	a790b6bd3d413a4aa344cce9c0d6c85d61e5af99f3c8e95141f56b72e26b86d8	2026-10-03	Private source inspection; original publisher rights retained; no redistribution grant inferred	1	1	0	0	Original source body is not distributed. Individual field scope, decision, date precision and source class remain in primary-fields.tsv; no publisher endorsement or independent scientific acceptance implied.
kyoto-kuca-overview-en	kyoto-kuca-overview-en	https://www.rri.kyoto-u.ac.jp/CAD/index-EN.html	7ad48b6863bd148d76aba27e3da3d6107ac44feb3d5671d1f9e3b4ed3e1a2490	2026-10-03	Private source inspection; original publisher rights retained; no redistribution grant inferred	1	0	0	0	Original source body is not distributed. Individual field scope, decision, date precision and source class remain in primary-fields.tsv; no publisher endorsement or independent scientific acceptance implied.
mcmaster-reactor-construction-history	Constructing the McMaster Nuclear Reactor	https://nuclear.mcmaster.ca/constructing-mnr/	2d76553353b817e634de9942e3b32a2ea6b35c5b66d625c32c75e61b640236c8	2026-10-03	Private source inspection; original publisher rights retained; no redistribution grant inferred	1	0	0	0	Original source body is not distributed. Individual field scope, decision, date precision and source class remain in primary-fields.tsv; no publisher endorsement or independent scientific acceptance implied.
mit-nrl-reactor-experiments-official	MIT NRL reactor experiments	https://nrl.mit.edu/research/reactor-experiments/	80a944266ea9c213c9c8424f9334d4b7e63c5429fc974cb28ca1a444e2eca998	2026-10-03	Private inspection only; publisher rights retained; no redistribution grant inferred	1	0	0	0	Original source body is not distributed. Individual field scope, decision, date precision and source class remain in primary-fields.tsv; no publisher endorsement or independent scientific acceptance implied.
mpg-gottow-original-archive-inventory	Max Planck archive Uranprojekt experiment inventory	https://www.archiv-berlin.mpg.de/83592/uranprojekt_uebersichten.pdf	c10c00577880dc31565091c72c17cd6808a09a75f0107ffcef690e4cd659525f	2026-10-04	Private source inspection; publisher rights retained; no redistribution grant inferred	1	0	1	0	Original source body is not distributed. Individual field scope, decision, date precision and source class remain in primary-fields.tsv; no publisher endorsement or independent scientific acceptance implied.
mpg-haigerloch-history	Max-Planck institutional historical chapter	https://www.ipp.mpg.de/59881/1_Forschungspoli_Umfeld.pdf	d1227d0ef92e7a65c9fbcee9bbce60333ba783d8fbd75f52ad613f11c7e0e615	2026-10-03	Private source inspection; original publisher rights retained; no redistribution grant inferred	1	1	1	0	Original source body is not distributed. Individual field scope, decision, date precision and source class remain in primary-fields.tsv; no publisher endorsement or independent scientific acceptance implied.
mpiwg-gottow-original-history-preprint203	MPIWG original preprint203 historical account of German atomic research	https://www.mpiwg-berlin.mpg.de/Preprints/P203.PDF	70d6472da07fbf9cb8203f43d50860112709e02d77771224a2f6e9769c18f504	2026-10-04	Private source inspection; publisher rights retained; no redistribution grant inferred	0	0	1	0	Original source body is not distributed. Individual field scope, decision, date precision and source class remain in primary-fields.tsv; no publisher endorsement or independent scientific acceptance implied.
murr-archives-reactor-chronology	University of Missouri Archives reactor construction chronology	https://muarchives.missouri.edu/reactor-chrono.html	25c6f781adf92f42dc9c0b954272260326d84693223f606aac672931eb3c76f7	2026-10-03	Private inspection only; publisher rights retained; no redistribution grant inferred	1	0	0	0	Original source body is not distributed. Individual field scope, decision, date precision and source class remain in primary-fields.tsv; no publisher endorsement or independent scientific acceptance implied.
murr-materials-science-official	MURR materials science research programme	https://www.murr.missouri.edu/research/materials-science/	84334a90eb2d4e399065b8922ca1bdce66bc44c16fec51a74facc31e66c0efae	2026-10-03	Private inspection only; publisher rights retained; no redistribution grant inferred	1	0	0	0	Original source body is not distributed. Individual field scope, decision, date precision and source class remain in primary-fields.tsv; no publisher endorsement or independent scientific acceptance implied.
myrrha-project-applications-official	MYRRHA project applications	https://www.myrrha.be/myrrha-applications	93732d1b3316fe40b10cf549b47aafcf34fb954626ae573fb25d546674a96fc8	2026-10-03	Private inspection only; publisher rights retained; no redistribution grant inferred	1	0	0	0	Original source body is not distributed. Individual field scope, decision, date precision and source class remain in primary-fields.tsv; no publisher endorsement or independent scientific acceptance implied.
myrrha-project-official-phases	MYRRHA official project phases	https://www.myrrha.be/about-myrrha	1c212173100c9cf32620bfef5668df98a2f06ed516609a164d448a14e2e921d9	2026-10-03	Private inspection only; publisher rights retained; no redistribution grant inferred	0	1	0	0	Original source body is not distributed. Individual field scope, decision, date precision and source class remain in primary-fields.tsv; no publisher endorsement or independent scientific acceptance implied.
myrrha-reactor-official-design	MYRRHA official reactor design	https://www.myrrha.be/about-myrrha/myrrha-reactor	a7a1dc8dcc2786eb0143eea9a10d0638484be4518f513ba70075e16f5476fa0e	2026-10-03	Private inspection only; publisher rights retained; no redistribution grant inferred	0	0	1	0	Original source body is not distributed. Individual field scope, decision, date precision and source class remain in primary-fields.tsv; no publisher endorsement or independent scientific acceptance implied.
nasa-plum-brook-facility-official	NASA Plum Brook Reactor Facility history	https://www.nasa.gov/plum-brook-reactor-facility/	53b8f2e2644166297da4d4316cffe2cbf9f92faad19482aeb50f48814f0cfe9f	2026-10-03	Private inspection only; publisher rights retained; no redistribution grant inferred	1	0	0	0	Original source body is not distributed. Individual field scope, decision, date precision and source class remain in primary-fields.tsv; no publisher endorsement or independent scientific acceptance implied.
nasa-plum-brook-original-status-memos	NASA Plum Brook original project status memorandum, July 1962	https://www.nasa.gov/wp-content/uploads/2025/06/c-site-status-reports-1963-68.pdf	fa57146af41381758df60afa83ea9f8b955033705c15083b3382c7e6e96567fa	2026-10-03	Private inspection only; publisher rights retained; no redistribution grant inferred	1	0	0	0	Original source body is not distributed. Individual field scope, decision, date precision and source class remain in primary-fields.tsv; no publisher endorsement or independent scientific acceptance implied.
nasa-science-in-flux-sp4317	NASA Science in Flux, SP-2006-4317	https://www.nasa.gov/wp-content/uploads/2023/04/sp-4317.pdf	410c25322e1e0feec75279cdeb409a85d99bc5eb4321a014281df82e979d24cd	2026-10-03	Private inspection only; publisher rights retained; no redistribution grant inferred	2	0	0	0	Original source body is not distributed. Individual field scope, decision, date precision and source class remain in primary-fields.tsv; no publisher endorsement or independent scientific acceptance implied.
ncbj-ewa-original-anniversary-2018	NCBJ EWA reactor launched60years ago	https://www.ncbj.gov.pl/en/aktualnosci/ewa-reactor-launched-60-years-ago	5aa7b24740137607d4a2bee480609345ae2b9457e5db63f3eea70c73225cc7d9	2026-10-03	Private original-source inspection; publisher rights retained; no redistribution grant inferred	2	0	0	0	Original source body is not distributed. Individual field scope, decision, date precision and source class remain in primary-fields.tsv; no publisher endorsement or independent scientific acceptance implied.
ncbj-original-institutional-history	NCBJ original institutional history EWA and zero-power reactors	https://www.ncbj.gov.pl/en/history	b3c7d88df4320c9d667e606f9e47e90054a422bd0ec2a2174257f3bf20eca27f	2026-10-03	Private original-source inspection; publisher rights retained; no redistribution grant inferred	1	1	0	0	Original source body is not distributed. Individual field scope, decision, date precision and source class remain in primary-fields.tsv; no publisher endorsement or independent scientific acceptance implied.
nda-2007-radioactive-waste-process-review	NDA 2007 inventory review of contributing processes, GLEEP uses	https://ukinventory.nda.gov.uk/wp-content/uploads/2014/02/2007-The-2007-UK-Radioactive-Waste-Inventory-a-Review-of-the-Processes-Contributing-to-Radioactive-Wastes-in-the-UK.pdf	8a91918b2399d1ea9d07ca5e35ea16a5cea8ca187ea489a26ad1c9a3eec7fa6c	2026-10-03	Private inspection only; publisher rights retained; no redistribution grant inferred	1	1	0	0	Original source body is not distributed. Individual field scope, decision, date precision and source class remain in primary-fields.tsv; no publisher endorsement or independent scientific acceptance implied.
nks-swedish-nuclear-history	Bo Lindell, The Labours of Hercules, PartIII1950–1966; Helen Johnson translation	https://www.nks.org/scripts/getdocument.php?file=111010214696626	70400d1c4a41a93aa949778784bd13a1fea728c629fb6bc2fdf09bfda36a6eb8	2026-10-03	Private source inspection; publisher rights retained; no redistribution grant inferred	1	0	0	1	Original source body is not distributed. Individual field scope, decision, date precision and source class remain in primary-fields.tsv; no publisher endorsement or independent scientific acceptance implied.
nrc-mitr-ii-license-extension-1995	NRC MIT amended facility operating license extension, Federal Register 1995	https://www.govinfo.gov/content/pkg/FR-1995-02-08/html/95-3087.htm	1e297ccdcd4e059bc58f05cb92ada7dba85faaf5b516ac7e350e3f05e9ecbf99	2026-10-03	Private inspection only; publisher rights retained; no redistribution grant inferred	1	0	0	0	Original source body is not distributed. Individual field scope, decision, date precision and source class remain in primary-fields.tsv; no publisher endorsement or independent scientific acceptance implied.
nrg-pallas-construction-q1-2026	NRG PALLAS construction update Q1 2026	https://www.nrgpallas.com/news/construction-update-pallas-reactor-q1-2026	2d340855cd92e612acb000867595b714360e8f125c562c9c632eada00cfd7f5f	2026-10-03	Private inspection only; publisher rights retained; no redistribution grant inferred	0	0	1	0	Original source body is not distributed. Individual field scope, decision, date precision and source class remain in primary-fields.tsv; no publisher endorsement or independent scientific acceptance implied.
nrg-pallas-programme-purpose	NRG PALLAS programme intended purposes	https://www.nrgpallas.com/pallas-programme/about-the-programme	b61f63e72dbf706e2b1eab3a89eaf91a1b31e45a4b9998146dcd62e78446ff2b	2026-10-03	Private inspection only; publisher rights retained; no redistribution grant inferred	1	0	0	0	Original source body is not distributed. Individual field scope, decision, date precision and source class remain in primary-fields.tsv; no publisher endorsement or independent scientific acceptance implied.
paec-original-research-reactor-purpose	PAEC original Research and Development PARRI and PARRII account	https://paec.gov.pk/rnd/	b040164ce82ad61e260c36500ca48c990319002689c28d32aa9affc3246a36c8	2026-10-04	Private source inspection; publisher rights retained; no redistribution grant inferred	0	1	1	0	Original source body is not distributed. Individual field scope, decision, date precision and source class remain in primary-fields.tsv; no publisher endorsement or independent scientific acceptance implied.
palermo-original-costanza-faculty-2009	The Zero Power Nuclear Reactor AGN-201 Costanza as a tool for Higher Education and Research in Nuclear Engineering, Elio Angelo Tomarchio	https://www.unipa.it/persone/docenti/t/elio.tomarchio/en/?idPubblicazione=49677&pagina=pubblicazione	60f5c32dddfd69c34d3989f6aef84e2268fa88aa44e1b4f50d53c8a60aaa3602	2026-10-04	Private original source inspection only; no redistribution or training grant inferred	1	0	0	0	Original source body is not distributed. Individual field scope, decision, date precision and source class remain in primary-fields.tsv; no publisher endorsement or independent scientific acceptance implied.
palermo-original-deim-laboratories	University of Palermo DEIM laboratories, AGN-201 Costanza	https://www.unipa.it/dipartimenti/deim/struttura/laboratori.html	114c2632f7930e17c3e109f2443b225e5458babc3f45909690ed603b5a1bd6a4	2026-10-04	Private original source inspection only; no redistribution or training grant inferred	0	0	0	1	Original source body is not distributed. Individual field scope, decision, date precision and source class remain in primary-fields.tsv; no publisher endorsement or independent scientific acceptance implied.
parliament-merlin-original-api-answer-1993	UK Parliament historicHansard actual21May1993 MERLIN operating answer	https://api.parliament.uk/historic-hansard/written-answers/1993/may/21/aldermaston	ebe890989b3748e923fb860b91602cd3c777f15295c5d99ca410e3fc3075f730	2026-10-04	Private source inspection; publisher rights retained; no redistribution grant inferred	1	0	0	0	Original source body is not distributed. Individual field scope, decision, date precision and source class remain in primary-fields.tsv; no publisher endorsement or independent scientific acceptance implied.
parliament-merlin-original-use-answer-1962	UK Parliament1August1962 MERLIN research and training discussion	https://api.parliament.uk/historic-hansard/written-answers/1962/aug/01/imperial-college-merlin-reactor	a9a96a04d8ff35d05f26efd074de70f5fc74526caecb8b3f36d2a0c64c30200a	2026-10-04	Private source inspection; publisher rights retained; no redistribution grant inferred	0	1	0	0	Original source body is not distributed. Individual field scope, decision, date precision and source class remain in primary-fields.tsv; no publisher endorsement or independent scientific acceptance implied.
parliament-urr-original-facilities-answer-1984	Original UK government answer Civil Nuclear Facilities 19 November 1984	https://api.parliament.uk/historic-hansard/written-answers/1984/nov/19/civil-nuclear-facilities	fc84c4192765c6966e32cb8e4c4248c74da39598215b6f81e5f7377604aac721	2026-10-04	Private source inspection; publisher rights retained; no redistribution grant inferred	1	0	1	0	Original source body is not distributed. Individual field scope, decision, date precision and source class remain in primary-fields.tsv; no publisher endorsement or independent scientific acceptance implied.
purdue-reactor-official-facility	Purdue PUR-1 reactor facility	https://engineering.purdue.edu/NE/research/facilities/reactor	030346ba60d644854ad51216e0d80a592b0ec9165fd4979ec8014cd832070d0f	2026-10-03	Private inspection only; publisher rights retained; no redistribution grant inferred	1	0	0	0	Original source body is not distributed. Individual field scope, decision, date precision and source class remain in primary-fields.tsv; no publisher endorsement or independent scientific acceptance implied.
reed-reactor-official-about	Reed Research Reactor laboratory uses	https://www.reed.edu/reactor/about.html	2f09f8e4609cd771d30bf85f30520de1b7da45bccb1f28c9525890717ca943f1	2026-10-03	Private inspection only; publisher rights retained; no redistribution grant inferred	1	0	0	0	Original source body is not distributed. Individual field scope, decision, date precision and source class remain in primary-fields.tsv; no publisher endorsement or independent scientific acceptance implied.
rmc-slowpoke-facility-history	Royal Military College SLOWPOKE nuclear reactors in Canada	https://www.rmc-cmr.ca/en/chemistry-and-chemical-engineering/slowpoke-nuclear-reactors-canada	9262eceb0a6bffa036fcb7990c72527a262010be7317be6171db0212705045c4	2026-10-03	Private source inspection; original publisher rights retained; no redistribution grant inferred	1	0	0	0	Original source body is not distributed. Individual field scope, decision, date precision and source class remain in primary-fields.tsv; no publisher endorsement or independent scientific acceptance implied.
runeberg-r0-author-paper-1960	Original Persson and Wikdahl R0 article Teknisk Tidskrift1960 p21 archived scan/OCR	https://runeberg.org/tektid/1960/0047.html	2f7da75ac229d28608e0a71abecaae4b1e3fde8b409ed9e62af3c5560ff40222	2026-10-03	Private source inspection; publisher rights retained; no redistribution grant inferred	0	0	0	2	Original source body is not distributed. Individual field scope, decision, date precision and source class remain in primary-fields.tsv; no publisher endorsement or independent scientific acceptance implied.
runeberg-r0-original-facsimile	Rolf Persson and Carl-Erik Wikdahl, Den svenska nolleffektsreaktorn R0: Egenskaper och användning, Teknisk Tidskrift1960H.2p21	https://runeberg.org/img/tektid/1960/0047.1.jpg	707437235bca800bd9baadc4dcd68e7375dc8bfb080a991ed09e2616882ded0a	2026-10-03	Private original facsimile inspection; no redistribution grant inferred	2	0	0	0	Original source body is not distributed. Individual field scope, decision, date precision and source class remain in primary-fields.tsv; no publisher endorsement or independent scientific acceptance implied.
russian-ministry-research-reactors-cn8242	Russian research reactor institutions and criticality dates, IAEA CN-82/42	https://www-pub.iaea.org/MTCD/Publications/PDF/pub1120/CD/PDF/Issue3/CN-82-42.pdf	68c1c9fe7eefaa230eadeae174164fbf44b0bee17ad84d26c7eccb06e812a99a	2026-10-03	Private inspection only; publisher rights retained; no redistribution grant inferred	5	0	0	3	Original source body is not distributed. Individual field scope, decision, date precision and source class remain in primary-fields.tsv; no publisher endorsement or independent scientific acceptance implied.
ski-r1-history-2001	Maja Fjaestad, Sveriges första kärnreaktor: från teknisk prototyp till vetenskapligt instrument, SKI rapport01:01	https://www.osti.gov/etdeweb/servlets/purl/20244583	ac81a7f1669708c971dd3c3bfd7f40705fe5882c9dab87e72c6cda745c62c84a	2026-10-03	Private source inspection; publisher rights retained; no redistribution grant inferred	1	0	0	0	Original source body is not distributed. Individual field scope, decision, date precision and source class remain in primary-fields.tsv; no publisher endorsement or independent scientific acceptance implied.
src-slowpoke-original-history	SRC original SLOWPOKE2 history with March1981 commissioning	https://www.src.sk.ca/blog/how-slowpoke-2-reactor-paved-way-nuclear-research-canada	2b124bebd68c2f25b2ff7154313f478e69edc8e4bb2faf5316829c9b687f3382	2026-10-03	Private source inspection; publisher rights retained; no redistribution grant inferred	0	0	0	1	Original source body is not distributed. Individual field scope, decision, date precision and source class remain in primary-fields.tsv; no publisher endorsement or independent scientific acceptance implied.
srs-hwctr-operational-dp991	HWCTR operational experience report DP-991	https://sti.srs.gov/fulltext/DP-991.pdf	04b8fe8ce49f5147f3c8658ae182035f2cbcb60e79da93868be3e94beb277632	2026-10-03	Private inspection only; publisher rights retained; no redistribution grant inferred	3	0	0	0	Original source body is not distributed. Individual field scope, decision, date precision and source class remain in primary-fields.tsv; no publisher endorsement or independent scientific acceptance implied.
sweden-joint-convention-first-2003	Sweden first Joint Convention national report2003	https://www.iaea.org/sites/default/files/sweden-jc-nr-1st-rm-2003-en.pdf	7ef3608e33f9e6b3a3592f2266aa6c71a91d154cbfe8ef1a7c3e46ae05cb104a	2026-10-03	Private source inspection; publisher rights retained; no redistribution grant inferred	0	1	0	0	Original source body is not distributed. Individual field scope, decision, date precision and source class remain in primary-fields.tsv; no publisher endorsement or independent scientific acceptance implied.
tenmak-original-annual-report-h1-2025	TENMAK 2025 Yılı Kurumsal Mali Durum ve Beklentiler Raporu	https://webim.tenmak.gov.tr/file/4e08fcc0-b66f-4f0d-8746-a01468f2f213?download=	2f51d157e0f7581fb4eb893ce630b60b9544ff79b63671fee8b47f1807f4e655	2026-10-04	Private original source inspection only; no redistribution or training grant inferred	0	1	0	0	Original source body is not distributed. Individual field scope, decision, date precision and source class remain in primary-fields.tsv; no publisher endorsement or independent scientific acceptance implied.
tenmak-original-tr2-status-paper	The duties, the responsibilities and the jurisdictions of Turkish Atomic Energy Authority (TAEK) and the new projects that TAEK is presently involved, Öner Önder	https://kurumsalarsiv.tenmak.gov.tr/bitstreams/f1b2cda6-e3a2-4156-96ce-7f214fee15e0/download	abf1e9668d4aedaf447cc4dad22bc8b095a6bcfd50d3425b63a39dc81b44d94f	2026-10-04	Private original source inspection only; no redistribution or training grant inferred	1	0	0	1	Original source body is not distributed. Individual field scope, decision, date precision and source class remain in primary-fields.tsv; no publisher endorsement or independent scientific acceptance implied.
tenmak-tr2-original-facility	TENMAK TR-2 Research Reactor Facility	https://tenmak.gov.tr/en-US/tr-2-research-reactor-facility	933bed8471f0e81c4bad3a717a053f62808b017e54a171d3433e3ed55094c2b1	2026-10-04	Private original source inspection only; no redistribution or training grant inferred	1	0	0	1	Original source body is not distributed. Individual field scope, decision, date precision and source class remain in primary-fields.tsv; no publisher endorsement or independent scientific acceptance implied.
tue-athene-original-reactivity-thesis	TU Eindhoven original ATHENE reactivity thesis record	https://research.tue.nl/en/studentTheses/reactiviteitsbepaling-in-de-athene-reactor	2a46ab80e27dc2ec8a017c8e41132f2acdf889e9490d3cd6e88f9ef573d85e0a	2026-10-04	Private source inspection; publisher rights retained; no redistribution grant inferred	0	1	1	0	Original source body is not distributed. Individual field scope, decision, date precision and source class remain in primary-fields.tsv; no publisher endorsement or independent scientific acceptance implied.
uftr-engineering-facilities-official	University of Florida training reactor research and instructional purpose	https://www.eng.ufl.edu/research/facilities-equipment/	da719fd28255a3f28eb8a93338a622fcf3d0c237cc2fc29553c0cf9727ca10a4	2026-10-03	Private inspection only; publisher rights retained; no redistribution grant inferred	1	0	0	0	Original source body is not distributed. Individual field scope, decision, date precision and source class remain in primary-fields.tsv; no publisher endorsement or independent scientific acceptance implied.
uml-reactor-official-about	UMass Lowell reactor facility and initial criticality	https://www.uml.edu/research/radlab/reactor/about.aspx	d7e818f46769d8104d786bbc73bf749c56cc9d1240cb08a63cbc74679b44e775	2026-10-03	Private inspection only; publisher rights retained; no redistribution grant inferred	1	0	0	0	Original source body is not distributed. Individual field scope, decision, date precision and source class remain in primary-fields.tsv; no publisher endorsement or independent scientific acceptance implied.
upc-argos-original-education-award-2018	UPC original Xavier Ortega award article describing Argos training	https://www.upc.edu/es/sala-de-prensa/noticias/la-2018diada-de-l2019enginyer2019-premia-xavier-ortega-profesor-emerito-de-la-etseib-upc	c693d6aadf4c064401d3af0fdb29af841663a9fe7d4d6c069e1c0d7570303286	2026-10-04	Private source inspection; publisher rights retained; no redistribution grant inferred	1	0	0	0	Original source body is not distributed. Individual field scope, decision, date precision and source class remain in primary-fields.tsv; no publisher endorsement or independent scientific acceptance implied.
uw-more-hall-original-decommissioning-2006	University Washington MoreHall decommissioning history 6April2006	https://www.washington.edu/news/2006/04/06/decommissioning-of-more-hall-reactor-concludes/	c74d0b624c8e764e35844fcdc3fbc4eac8a8283df518ea1ee4b4eba71c4ef08f	2026-10-04	Private source inspection; publisher rights retained; no redistribution grant inferred	0	0	2	0	Original source body is not distributed. Individual field scope, decision, date precision and source class remain in primary-fields.tsv; no publisher endorsement or independent scientific acceptance implied.
vkta-rake-rrr-original-decommissioning-1999	VKTA original1999-2 information paper RAKE and RRR decommissioning	https://www.vkta.de/wp/wp-content/uploads/2019/04/VKTA-Informationszeitung-1999-2.pdf	19e05208b359a3263ebc060782047a624f40896b50eb750aa396f8c3e173c57d	2026-10-03	Private source inspection; publisher rights retained; no redistribution grant inferred	0	2	0	0	Original source body is not distributed. Individual field scope, decision, date precision and source class remain in primary-fields.tsv; no publisher endorsement or independent scientific acceptance implied.
vtt-fir1-decommissioning-history-2022	VTT-R-00090-22 FiR1 decommissioning experience and early history	https://publications.vtt.fi/julkaisut/muut/2022/VTT-R-00090-22.pdf	70e9c0a6314193623543aa63f6f38dce35ac083b2d3053b581b093a744855a5b	2026-10-03	Private original-source inspection; publisher rights retained; no redistribution grant inferred	1	0	0	0	Original source body is not distributed. Individual field scope, decision, date precision and source class remain in primary-fields.tsv; no publisher endorsement or independent scientific acceptance implied.
wur-barn-original-biological-thesis	Original Wageningen thesis on irradiating plant material in BARN	https://edepot.wur.nl/289990	5c32aec68cdfb1c312a183d44e690c0a50aa1e7cec732b554dd60d5dd65aff7b	2026-10-04	Private source inspection; publisher rights retained; no redistribution grant inferred	1	0	0	0	Original source body is not distributed. Individual field scope, decision, date precision and source class remain in primary-fields.tsv; no publisher endorsement or independent scientific acceptance implied.
wur-barn-original-reactor-paper	Original Wageningen paper describing BARN	https://edepot.wur.nl/416897	3e6d164f2369363e9ae7213582cfae6bcd4b26081aacc93e8dfd5c68c0b1ff61	2026-10-04	Private source inspection; publisher rights retained; no redistribution grant inferred	0	1	0	0	Original source body is not distributed. Individual field scope, decision, date precision and source class remain in primary-fields.tsv; no publisher endorsement or independent scientific acceptance implied.
