source_id	organization	title	publisher	source_type	source_date	url	scope_and_limitations	accessed_on
H01	Helion Energy	Polaris	Helion Energy	company primary	accessed 2026-09-28	https://www.helionenergy.com/polaris	Device, test fuels and commercial D-He3 cycle; all performance is company-described.	2026-09-28
H02	Helion Energy	2026 fusion milestones	Helion Energy	company primary	2026-02-13	https://www.helionenergy.com/newsroom/helion-achieves-new-fusion-energy-milestones	Current Polaris D-T and temperature claims; no public independent diagnostic paper.	2026-09-28
H03	Helion Energy	Progress toward fusion energy breakeven and gain	Frontiers in Energy Research	scholarly review	2023-05-03	https://www.frontiersin.org/articles/10.3389/fenrg.2023.1157394/full	Independent context through Trenta; predates Polaris results.	2026-09-28
G01	General Fusion	General Fusion Group F-1	U.S. SEC EDGAR	regulated issuer filing	2026-09	https://www.sec.gov/Archives/edgar/data/2074850/000110465926106033/gfuz-20260630xf1.htm	LM26 state, hydrogen test fuel and D-T commercial design; issuer statements are not independent metrology.	2026-09-28
G02	General Fusion	Research library	General Fusion	company primary	accessed 2026-09-28	https://generalfusion.com/research-library/	Public technical papers and LM26 materials; company-curated.	2026-09-28
G03	General Fusion	UKAEA supports diverse paths to fusion energy	UKAEA	government partner	2025-01-16	https://www.ukaea.org/news/ukaea-supports-diverse-paths-to-fusion-energy/	Programme recognition; not current LM26 performance validation.	2026-09-28
T01	Tokamak Energy	ST40 heating-system site tests	Tokamak Energy	company primary	2026-07-29	https://tokamakenergy.com/2026/07/29/power-plant-heating-system-passes-tokamak-energy-site-testing/	Current ST40 upgrade state; gyrotron test is not plasma performance.	2026-09-28
T02	Tokamak Energy	Small fusion experiment hits temperatures hotter than Sun core	U.S. DOE	government research summary	2023-05-12	https://www.energy.gov/science/fes/articles/small-fusion-experiment-hits-temperatures-hotter-suns-core	National-lab-supported peer-reviewed ST40 deuterium result; short non-gain pulses.	2026-09-28
T03	Tokamak Energy	UK Fusion Strategy 2026	UK Government	government strategy	2026-03	https://www.gov.uk/government/publications/uk-fusion-strategy-2026/a-new-energy-revolution-the-uks-plan-for-delivering-fusion-energy-accessible-webpage	Current ST40 and Demo4 programme state; promotional case study partly company supplied.	2026-09-28
Z01	Zap Energy	DOE certifies Zap technical milestone	Zap Energy	company primary reporting DOE review	2025-02-25	https://www.zapenergy.com/updates/2025/02/doe-certifies-zap-energy-fusion-technology-milestone	Century endurance and non-fusing fuel; company release about DOE review.	2026-09-28
Z02	Zap Energy	ARPA-E investor update: Zap demo	ARPA-E	government programme report	2024-06-13	https://arpa-e.energy.gov/news-and-events/news-and-insights/arpa-e-investor-update-vol-23-zap-energys-fusion-power-plant-demo	Independent programme context for Century/FuZE; no gain validation.	2026-09-28
Z03	Zap Energy	Century repetitive SFS Z-pinch system	Fusion Science and Technology	peer-reviewed journal	2025	https://doi.org/10.1080/15361055.2025.2532331	Century design and commissioning; explicitly nonreacting hydrogen, not fusion.	2026-09-28
O01	Type One Energy	Our technology	Type One Energy	company primary	accessed 2026-09-28	https://typeoneenergy.com/our-technology/	Infinity One/Two state and D-T design; schedules and outputs prospective.	2026-09-28
O02	Type One Energy	Fusion	Tennessee Valley Authority	independent utility partner	accessed 2026-09-28	https://www.tva.com/energy/fusion	Confirms Bull Run Infinity One partnership; not construction or performance validation.	2026-09-28
O03	Type One Energy	Infinity Two physics basis	Journal of Plasma Physics	peer-reviewed design series	2025-03-24	https://doi.org/10.1017/S0022377825000297	Peer-reviewed plant design basis; no operating device.	2026-09-28
A01	Thea Energy	Eos	Thea Energy	company primary	accessed 2026-09-28	https://thea.energy/eos/	Explicit Eos D-D and D-T plant context; device remains planned.	2026-09-28
A02	Thea Energy	DOE FIRE milestone selectees	U.S. DOE	government programme	2025-01-16	https://www.energy.gov/articles/us-department-energy-announces-selectees-107-million-fusion-innovation-research-engine	Independent milestone-programme selection/review; not Eos operation.	2026-09-28
A03	Thea Energy	Eos stellarator design	Nuclear Fusion	peer-reviewed design paper	2025-01-28	https://doi.org/10.1088/1741-4326/ada56a	Peer-reviewed modeled design; no integrated plasma result.	2026-09-28
R01	Realta Fusion	Direct energy conversion demonstration	Realta Fusion	company primary	2026-06-30	https://realtafusion.com/fusion-first-realta-demos-direct-energy-conversion/	Explicitly bounds result as mostly input-power recovery, not net fusion electricity.	2026-09-28
R02	Realta Fusion	UW Physics research highlights	University of Wisconsin-Madison	university source	2024	https://www.physics.wisc.edu/newsletter/newsletter-2024.pdf	Confirms WHAM public-private operation; university-owned platform context.	2026-09-28
R03	Realta Fusion	Fusion Science and Technology Roadmap	U.S. DOE	government roadmap	2026-06	https://www.energy.gov/documents/fusion-science-and-technology-roadmap	Device roadmap and names; participant-submitted timelines are not validation.	2026-09-28
P01	Pacific Fusion	Sirius 3,000-shot campaign	Pacific Fusion	company primary	2026-07-16	https://www.pacificfusion.com/resources/lawrence-livermore-pacific-fusion-collaboration-breaks-new-record-to-advance-america-s-high-gain-fusion-capability	Driver milestone; resistive-load shots, no fusion.	2026-09-28
P02	Pacific Fusion	LLNL-Pacific Fusion partnership	Lawrence Livermore National Laboratory LIFT	national laboratory	2026-07-16	https://lift.llnl.gov/llnl-pacific-fusion-partnership-advances-next-generation-pulsed-power-technology	Independent confirmation of Sirius campaign; no fusion target result.	2026-09-28
P03	Pacific Fusion	Fusion Science and Technology Roadmap	U.S. DOE	government roadmap	2026-06	https://www.energy.gov/documents/fusion-science-and-technology-roadmap	Confirms programme placement; company-submitted timeline.	2026-09-28
X01	Xcimer Energy	Phoenix starts operations	Xcimer Energy	company primary	2026-06-03	https://xcimer.energy/news/xcimer-energy-announces-the-start-of-operations-for-phoenix-a-prototype-system-for-industrial-scale-laser-fusion-architecture/	Phoenix laser claims; no capsule or fusion shot.	2026-09-28
X02	Xcimer Energy	HYPER-LASER NEPA determination	U.S. DOE	government project record	2025-09-19	https://stage.energy.gov/nepa/articles/cx-270844-xcimer-energy-inc-hybrid-pumped-excimer-laser-hyper-laser	Independent funded driver-development scope; not Phoenix performance.	2026-09-28
X03	Xcimer Energy	Fusion Science and Technology Roadmap	U.S. DOE	government roadmap	2026-06	https://www.energy.gov/documents/fusion-science-and-technology-roadmap	Phoenix-to-Athena roadmap; participant timelines are not validation.	2026-09-28
F01	Focused Energy	Technology	Focused Energy	company primary	accessed 2026-09-28	https://www.focused-energy.co/technology	Current LightHouse/Pearl naming and D-T fuel; output claims prospective.	2026-09-28
F02	Focused Energy	CX-030451 proton fast ignition	U.S. DOE	government project record	2024-04-12	https://www.energy.gov/nepa/articles/cx-030451-inertial-fusion-energy-high-gain-proton-fast-ignition	Independent programme scope, target and facility design; not ignition result.	2026-09-28
F03	Focused Energy	Focused Energy: a new approach toward inertial fusion energy	Journal of Fusion Energy	peer-reviewed design paper	2023-07-03	https://doi.org/10.1007/s10894-023-00363-x	Scholarly design roadmap; no integrated company fusion device.	2026-09-28
