organization	field	source_ids	interpretation	reviewed_on
NearStar Fusion	enriched_status	N01;N02;N03	Sources support a bounded attribution or explicit inspected-source limitation, not independent acceptance. Use actual source_type and scope_and_limitations.	2026-09-30
NearStar Fusion	enriched_approach_configuration	N01	Sources support a bounded attribution or explicit inspected-source limitation, not independent acceptance. Use actual source_type and scope_and_limitations.	2026-09-30
NearStar Fusion	enriched_named_devices_projects	N01	Sources support a bounded attribution or explicit inspected-source limitation, not independent acceptance. Use actual source_type and scope_and_limitations.	2026-09-30
NearStar Fusion	enriched_fuel_cycle	N01;N03	Sources support a bounded attribution or explicit inspected-source limitation, not independent acceptance. Use actual source_type and scope_and_limitations.	2026-09-30
NearStar Fusion	enriched_highest_independently_supported_milestone	N02;N03	Sources support a bounded attribution or explicit inspected-source limitation, not independent acceptance. Use actual source_type and scope_and_limitations.	2026-09-30
NearStar Fusion	enriched_unsupported_or_ambiguous_claims	N01;N02;N03	Sources support a bounded attribution or explicit inspected-source limitation, not independent acceptance. Use actual source_type and scope_and_limitations.	2026-09-30
Longview Fusion Energy Systems	enriched_status	L01;L02	Sources support a bounded attribution or explicit inspected-source limitation, not independent acceptance. Use actual source_type and scope_and_limitations.	2026-09-30
Longview Fusion Energy Systems	enriched_approach_configuration	L01;L02;L03	Sources support a bounded attribution or explicit inspected-source limitation, not independent acceptance. Use actual source_type and scope_and_limitations.	2026-09-30
Longview Fusion Energy Systems	enriched_named_devices_projects	L01;L03	Sources support a bounded attribution or explicit inspected-source limitation, not independent acceptance. Use actual source_type and scope_and_limitations.	2026-09-30
Longview Fusion Energy Systems	enriched_fuel_cycle	L01;L03	Sources support a bounded attribution or explicit inspected-source limitation, not independent acceptance. Use actual source_type and scope_and_limitations.	2026-09-30
Longview Fusion Energy Systems	enriched_highest_independently_supported_milestone	L02;L03	Sources support a bounded attribution or explicit inspected-source limitation, not independent acceptance. Use actual source_type and scope_and_limitations.	2026-09-30
Longview Fusion Energy Systems	enriched_unsupported_or_ambiguous_claims	L01;L02;L03	Sources support a bounded attribution or explicit inspected-source limitation, not independent acceptance. Use actual source_type and scope_and_limitations.	2026-09-30
Blue Laser Fusion	enriched_status	B01;B02	Sources support a bounded attribution or explicit inspected-source limitation, not independent acceptance. Use actual source_type and scope_and_limitations.	2026-09-30
Blue Laser Fusion	enriched_approach_configuration	B01;B03	Sources support a bounded attribution or explicit inspected-source limitation, not independent acceptance. Use actual source_type and scope_and_limitations.	2026-09-30
Blue Laser Fusion	enriched_named_devices_projects	B02	Sources support a bounded attribution or explicit inspected-source limitation, not independent acceptance. Use actual source_type and scope_and_limitations.	2026-09-30
Blue Laser Fusion	enriched_fuel_cycle	B03	Sources support a bounded attribution or explicit inspected-source limitation, not independent acceptance. Use actual source_type and scope_and_limitations.	2026-09-30
Blue Laser Fusion	enriched_highest_independently_supported_milestone	B02;B03	Sources support a bounded attribution or explicit inspected-source limitation, not independent acceptance. Use actual source_type and scope_and_limitations.	2026-09-30
Blue Laser Fusion	enriched_unsupported_or_ambiguous_claims	B01;B02;B03	Sources support a bounded attribution or explicit inspected-source limitation, not independent acceptance. Use actual source_type and scope_and_limitations.	2026-09-30
EX-Fusion	enriched_status	X01;X02;X03	Sources support a bounded attribution or explicit inspected-source limitation, not independent acceptance. Use actual source_type and scope_and_limitations.	2026-09-30
EX-Fusion	enriched_approach_configuration	X01;X02;X03;X04	Sources support a bounded attribution or explicit inspected-source limitation, not independent acceptance. Use actual source_type and scope_and_limitations.	2026-09-30
EX-Fusion	enriched_named_devices_projects	X01;X03	Sources support a bounded attribution or explicit inspected-source limitation, not independent acceptance. Use actual source_type and scope_and_limitations.	2026-09-30
EX-Fusion	enriched_fuel_cycle	X03;X04	Sources support a bounded attribution or explicit inspected-source limitation, not independent acceptance. Use actual source_type and scope_and_limitations.	2026-09-30
EX-Fusion	enriched_highest_independently_supported_milestone	X02;X03	Sources support a bounded attribution or explicit inspected-source limitation, not independent acceptance. Use actual source_type and scope_and_limitations.	2026-09-30
EX-Fusion	enriched_unsupported_or_ambiguous_claims	X01;X02;X03;X04	Sources support a bounded attribution or explicit inspected-source limitation, not independent acceptance. Use actual source_type and scope_and_limitations.	2026-09-30
Helical Fusion	enriched_status	H01;H02;H03	Sources support a bounded attribution or explicit inspected-source limitation, not independent acceptance. Use actual source_type and scope_and_limitations.	2026-09-30
Helical Fusion	enriched_approach_configuration	H01;H02;H04	Sources support a bounded attribution or explicit inspected-source limitation, not independent acceptance. Use actual source_type and scope_and_limitations.	2026-09-30
Helical Fusion	enriched_named_devices_projects	H01;H04	Sources support a bounded attribution or explicit inspected-source limitation, not independent acceptance. Use actual source_type and scope_and_limitations.	2026-09-30
Helical Fusion	enriched_fuel_cycle	H01;H04	Sources support a bounded attribution or explicit inspected-source limitation, not independent acceptance. Use actual source_type and scope_and_limitations.	2026-09-30
Helical Fusion	enriched_highest_independently_supported_milestone	H02;H03	Sources support a bounded attribution or explicit inspected-source limitation, not independent acceptance. Use actual source_type and scope_and_limitations.	2026-09-30
Helical Fusion	enriched_unsupported_or_ambiguous_claims	H01;H02;H03;H04	Sources support a bounded attribution or explicit inspected-source limitation, not independent acceptance. Use actual source_type and scope_and_limitations.	2026-09-30
Energy Singularity	enriched_status	E01;E02;E03	Sources support a bounded attribution or explicit inspected-source limitation, not independent acceptance. Use actual source_type and scope_and_limitations.	2026-09-30
Energy Singularity	enriched_approach_configuration	E02;E04	Sources support a bounded attribution or explicit inspected-source limitation, not independent acceptance. Use actual source_type and scope_and_limitations.	2026-09-30
Energy Singularity	enriched_named_devices_projects	E01;E03	Sources support a bounded attribution or explicit inspected-source limitation, not independent acceptance. Use actual source_type and scope_and_limitations.	2026-09-30
Energy Singularity	enriched_fuel_cycle	E01;E02;E03;E04	Sources support a bounded attribution or explicit inspected-source limitation, not independent acceptance. Use actual source_type and scope_and_limitations.	2026-09-30
Energy Singularity	enriched_highest_independently_supported_milestone	E01;E02;E03	Sources support a bounded attribution or explicit inspected-source limitation, not independent acceptance. Use actual source_type and scope_and_limitations.	2026-09-30
Energy Singularity	enriched_unsupported_or_ambiguous_claims	E01;E02;E03;E04	Sources support a bounded attribution or explicit inspected-source limitation, not independent acceptance. Use actual source_type and scope_and_limitations.	2026-09-30
nT-Tao	enriched_status	T01;T03	Sources support a bounded attribution or explicit inspected-source limitation, not independent acceptance. Use actual source_type and scope_and_limitations.	2026-09-30
nT-Tao	enriched_approach_configuration	T01;T03	Sources support a bounded attribution or explicit inspected-source limitation, not independent acceptance. Use actual source_type and scope_and_limitations.	2026-09-30
nT-Tao	enriched_named_devices_projects	T01;T02;T03	Sources support a bounded attribution or explicit inspected-source limitation, not independent acceptance. Use actual source_type and scope_and_limitations.	2026-09-30
nT-Tao	enriched_fuel_cycle	T01;T02;T03	Sources support a bounded attribution or explicit inspected-source limitation, not independent acceptance. Use actual source_type and scope_and_limitations.	2026-09-30
nT-Tao	enriched_highest_independently_supported_milestone	T02;T03	Sources support a bounded attribution or explicit inspected-source limitation, not independent acceptance. Use actual source_type and scope_and_limitations.	2026-09-30
nT-Tao	enriched_unsupported_or_ambiguous_claims	T01;T02;T03	Sources support a bounded attribution or explicit inspected-source limitation, not independent acceptance. Use actual source_type and scope_and_limitations.	2026-09-30
Acceleron Fusion	enriched_status	A01;A02	Sources support a bounded attribution or explicit inspected-source limitation, not independent acceptance. Use actual source_type and scope_and_limitations.	2026-09-30
Acceleron Fusion	enriched_approach_configuration	A02	Sources support a bounded attribution or explicit inspected-source limitation, not independent acceptance. Use actual source_type and scope_and_limitations.	2026-09-30
Acceleron Fusion	enriched_named_devices_projects	A01;A02	Sources support a bounded attribution or explicit inspected-source limitation, not independent acceptance. Use actual source_type and scope_and_limitations.	2026-09-30
Acceleron Fusion	enriched_fuel_cycle	A02	Sources support a bounded attribution or explicit inspected-source limitation, not independent acceptance. Use actual source_type and scope_and_limitations.	2026-09-30
Acceleron Fusion	enriched_highest_independently_supported_milestone	A02	Sources support a bounded attribution or explicit inspected-source limitation, not independent acceptance. Use actual source_type and scope_and_limitations.	2026-09-30
Acceleron Fusion	enriched_unsupported_or_ambiguous_claims	A01;A02;A03	Sources support a bounded attribution or explicit inspected-source limitation, not independent acceptance. Use actual source_type and scope_and_limitations.	2026-09-30
Fuse Energy Technologies	enriched_status	F01;F03	Sources support a bounded attribution or explicit inspected-source limitation, not independent acceptance. Use actual source_type and scope_and_limitations.	2026-09-30
Fuse Energy Technologies	enriched_approach_configuration	F01;F02;F03	Sources support a bounded attribution or explicit inspected-source limitation, not independent acceptance. Use actual source_type and scope_and_limitations.	2026-09-30
Fuse Energy Technologies	enriched_named_devices_projects	F01;F02;F03	Sources support a bounded attribution or explicit inspected-source limitation, not independent acceptance. Use actual source_type and scope_and_limitations.	2026-09-30
Fuse Energy Technologies	enriched_fuel_cycle	F02;F03	Sources support a bounded attribution or explicit inspected-source limitation, not independent acceptance. Use actual source_type and scope_and_limitations.	2026-09-30
Fuse Energy Technologies	enriched_highest_independently_supported_milestone	F02;F03	Sources support a bounded attribution or explicit inspected-source limitation, not independent acceptance. Use actual source_type and scope_and_limitations.	2026-09-30
Fuse Energy Technologies	enriched_unsupported_or_ambiguous_claims	F01;F02;F03	Sources support a bounded attribution or explicit inspected-source limitation, not independent acceptance. Use actual source_type and scope_and_limitations.	2026-09-30
ENG8 International	enriched_status	G01;G02	Sources support a bounded attribution or explicit inspected-source limitation, not independent acceptance. Use actual source_type and scope_and_limitations.	2026-09-30
ENG8 International	enriched_approach_configuration	G01	Sources support a bounded attribution or explicit inspected-source limitation, not independent acceptance. Use actual source_type and scope_and_limitations.	2026-09-30
ENG8 International	enriched_named_devices_projects	G01;G03	Sources support a bounded attribution or explicit inspected-source limitation, not independent acceptance. Use actual source_type and scope_and_limitations.	2026-09-30
ENG8 International	enriched_fuel_cycle	G01	Sources support a bounded attribution or explicit inspected-source limitation, not independent acceptance. Use actual source_type and scope_and_limitations.	2026-09-30
ENG8 International	enriched_highest_independently_supported_milestone	G02;G03	Sources support a bounded attribution or explicit inspected-source limitation, not independent acceptance. Use actual source_type and scope_and_limitations.	2026-09-30
ENG8 International	enriched_unsupported_or_ambiguous_claims	G01;G03	Sources support a bounded attribution or explicit inspected-source limitation, not independent acceptance. Use actual source_type and scope_and_limitations.	2026-09-30
