source_name	domain	url	authority	planned_use	licence_or_terms	coverage_limitations	last_checked
IAEA PRIS	nuclear_fission	https://pris.iaea.org/	IAEA	Power-reactor identity, type, status and performance metadata	Check IAEA terms before redistribution	Commercial nuclear power reactors only; coordinates and fields may require separate verification	2026-09-26
IAEA Research Reactor Database	nuclear_fission	https://nucleus.iaea.org/RRDB/	IAEA	Research-reactor identity, purpose and status	Check IAEA terms before redistribution	Research reactors; public fields and access patterns differ by record	2026-09-26
IAEA Fusion Portal	plasma_fusion	https://www.iaea.org/topics/fusion	IAEA	Fusion programme and device discovery	Check per-resource terms	Not a single complete geospatial registry	2026-09-26
OpenAlex	all	https://openalex.org/	OurResearch	Publication and institution discovery	CC0 data	Literature index, not a facility authority	2026-09-26
Crossref	all	https://www.crossref.org/	Crossref	DOI and bibliographic metadata	Crossref metadata terms	No authoritative facility status or coordinates	2026-09-26
OSTI.GOV	nuclear_fission,plasma_fusion,hybrid,emerging	https://www.osti.gov/	US Department of Energy	Public reports and project literature	Per-record public access	US-heavy coverage; literature rather than complete facility registry	2026-09-26
NASA NTRS	hybrid,emerging	https://ntrs.nasa.gov/	NASA	Space-reactor and lattice-confinement literature	US government/public per record	NASA scope only; concepts may not be facilities	2026-09-26
Global Nuclear Power Tracker	nuclear_fission	https://globalenergymonitor.org/projects/global-nuclear-power-tracker/	Global Energy Monitor	Open unit-level power-reactor discovery and status layer	CC BY 4.0	Annual tracker data require regulator/operator reconciliation; power units only	2026-09-27
European Industrial Emissions Portal	chemical,biochemical	https://industry.eea.europa.eu/	European Environment Agency	Bounded industrial-site and activity discovery layer	CC-BY unless item-specific terms state otherwise	Reported sites do not establish individual reactor-vessel counts or designs	2026-09-27
EPA AgSTAR	biochemical	https://www.epa.gov/agstar/livestock-anaerobic-digester-database	U.S. Environmental Protection Agency	Operational livestock anaerobic-digester project discovery	U.S. federal-government work; public domain subject to third-party exceptions	Voluntary U.S. program database; not exhaustive	2026-09-27
