candidate_id	organization	aliases	identity_class	country	founded	normalized_status	approach_family	public_devices_projects	company_claim_summary	evidence_tier	highest_independently_supported_milestone	unsupported_or_ambiguous_claims	primary_url	independent_urls	source_ids	source_dates	audit_date	confidence	inclusion_rationale
FC3-001	Brazilian National Fusion Programme and National Fusion Laboratory	PNFN; Programa Nacional de Fusao Nuclear; LFN; Laboratorio de Fusao Nuclear	national public fusion research programme; not a company	Brazil	2021	proposed programme; existing research devices active or being upgraded	magnetic confinement | spherical and conventional tokamak research	LFN at Ipero (proposed); ETE; TCABR; NOVA-UFES	CNEN proposes a coordinated national programme and permanent laboratory around upgrades and transfer of existing Brazilian tokamak capabilities.	B — programme planning and existing-device base corroborated	CNEN documentation and IAEA regional synthesis support an established Brazilian fusion-research base, an ETE facility and formal LFN/PNFN planning.	Permanent Ipero laboratory completion, device transfer, new plasma milestones, fusion gain and electricity generation are not established.	https://www.gov.br/cnen/pt-br/assunto/ultimas-noticias/presidente-da-cnen-e-diretor-da-dpd-visitam-o-experimento-tokamak-esferico-ete-no-inpe-1	https://www-pub.iaea.org/MTCD/Publications/PDF/p15777-24-02766E_WFO_web.pdf	R3S001;R3S002	CNEN 2022-02-04; IAEA 2024	2026-09-28	high	Major Latin American public programme omitted from the company-centric baseline; retained with non-company classification.
FC3-002	CNEA Controlled Fusion Research Programme	Comision Nacional de Energia Atomica fusion programme; CNEA fusion activities	national laboratory research programme; not a company	Argentina	1977	active research programme; no power demonstrator	plasma focus | magnetic confinement theory and materials research	controlled-fusion activity programme; CNEA-CONICET projects	CNEA maintains controlled-fusion research and proposes an integrated national activity portfolio.	B — institutional programme and current research community corroborated	CNEA records and an IAEA conference overview establish a durable Argentine fusion research programme and active CNEA-CONICET community.	No Argentine fusion power reactor, gain result or electricity milestone is supported; programme scope and funding after 2025 remain incompletely public.	https://nuclea.cnea.gob.ar/items/75717225-7583-4b0a-af74-a3bd4c708a65	https://conferences.iaea.org/event/392/contributions/35641/attachments/19715/36105/Gervasoni-OV.pdf	R3S003;R3S004	CNEA 2013; IAEA FEC 2025	2026-09-28	medium	Distinct current public programme, separate from the terminated Huemul claim.
FC3-003	Huemul Project	Proyecto Huemul; Richter Project; Thermotron	historical state-backed speculative fusion claim; terminated	Argentina	1948	terminated in 1952 after negative technical review	claimed thermonuclear reactions using shock/acoustic heating; poorly specified	Huemul Island pilot plant; Thermotron	Ronald Richter claimed controlled thermonuclear reactions and prospective cheap fusion energy.	D — historically documented claim refuted by contemporaneous review	Balseiro's inspection found no support for the claimed reactions; the government ended and dismantled the project in 1952.	No validated fusion reaction or usable energy was produced; the original technical claims lacked reproducible evidence.	https://nuclea.cnea.gob.ar/entities/publication/5aedabc4-3322-4543-b11d-269deadd1365/full	https://nuclea.cnea.gob.ar/server/api/core/bitstreams/9cc4fe70-4ec9-4f7e-8c48-235b9b16c9eb/content	R3S005;R3S006	inspection 1952 / edition 1988; INAP 2023	2026-09-28	high	Historically important Latin American speculative claim, explicitly segregated from active developers and validated milestones.
FC3-004	UNAM Controlled Nuclear Fusion and Plasma Physics Programme	Fisica de Plasmas y Fusion Nuclear Controlada; ICN-UNAM plasma department	public academic research programme; not a company	Mexico	2023	active conceptual-design and theory programme	magnetic confinement | spherical tokamak theory and engineering	conceptual spherical tokamak design	UNAM describes work on equilibrium, stability, transport, structural loads and plasma control for a conceptual spherical tokamak.	B/C — university programme corroborated; pre-hardware	UNAM pages and the regional conference record support an identifiable controlled-fusion research group and conceptual-design activity.	Construction, first plasma, fusion reactions, gain and power generation are not claimed or demonstrated.	https://www.siass.unam.mx/consulta/1860565	https://www.fusionlatam.cl/documents/Agenda%20CICT-FN%202025%20English.pdf	R3S007;R3S008	UNAM programme 2023; conference 2025	2026-09-28	high	Mexican public programme adds a documented non-English Latin American ecosystem.
FC3-005	CCHEN Plasma Physics and Nuclear Fusion Laboratory	Laboratorio de Fisica de Plasmas y Fusion Nuclear; Thermonuclear Plasma Division	government fusion research laboratory; not a company	Chile	1965	active research laboratory	dense plasma focus | z-pinch | pulsed power | fusion-material exposures	miniaturized plasma-focus devices; P2mc projects	CCHEN reports miniaturized devices that produce fusion-neutron pulses and fusion-relevant material exposures.	A/B — operating small research devices and outputs corroborated	CCHEN programme records and IAEA proceedings support operating small-scale pulsed-plasma research, training and peer-reviewed fusion-relevant work.	Research-device neutron production must not be equated with energy gain, sustained confinement or a power-reactor programme.	https://www.cchen.cl/?page_id=1716	https://conferences.iaea.org/event/449/contributions/40739/	R3S009;R3S010	CCHEN current page; IAEA 2026-04-27	2026-09-28	high	Substantive Chilean public programme and regional-capacity anchor absent from the 84 records.
FC3-006	TEC Laboratory for Plasma for Fusion Energy and Applications	Laboratorio de Plasmas para Energia de Fusion y Aplicaciones; PlasmaTEC	public academic fusion laboratory; not a company	Costa Rica	2011	active research laboratory	magnetic confinement | modular stellarator and spherical tokamak	SCR-1; MEDUSA-CR	TEC operates education and research devices for plasma confinement and fusion-science training.	A/B — operating research hardware independently catalogued	TEC and the IAEA device survey corroborate SCR-1 operation, MEDUSA-CR possession and a sustained laboratory programme.	Neither device is an energy-producing reactor; fuel-fusion yield, gain and electricity are not demonstrated.	https://www.tec.ac.cr/laboratorio-plasmas-energia-fusion-aplicaciones	https://www-pub.iaea.org/MTCD/publications/PDF/CRCP-FUS-001webRev.pdf	R3S011;R3S012	TEC accessed 2026-09-28; IAEA survey 2022/current edition	2026-09-28	high	One of Latin America's clearest operating fusion-research infrastructures.
FC3-007	CLAF Nuclear Fusion Unit	NFU-CLAF; Unidad de Fusion Nuclear del Centro Latinoamericano de Fisica	regional fusion coordination network; not a reactor developer	Latin America and Caribbean	2024	active coordination and capacity-building network	cross-approach research coordination and workforce development	regional network across Argentina, Bolivia, Brazil, Chile, Costa Rica, Honduras, Mexico and Uruguay	The unit coordinates regional laboratories, training, knowledge sharing and policy/industry dialogue.	B — establishment and participating-country scope corroborated	An IAEA conference synopsis states that NFU-CLAF was established in October 2024 and names its initial eight-country network.	No device, reactor performance, financing pool or construction milestone belongs to the network itself.	https://claffisica.org.br/page/el-claf	https://conferences.iaea.org/event/392/contributions/35871/attachments/19844/33898/Synopses%20L%20Soto%20et%20al%20FEC%202025%20v2.pdf	R3S013;R3S014	CLAF accessed 2026-09-28; IAEA FEC 2025	2026-09-28	high	Captures the regional ecosystem layer without misclassifying it as a developer.
FC3-008	Arab Fusion Energy Initiative	AFEI; Arab Fusion Energy Program collaboration	regional public-academic fusion initiative; planned device	Lebanon / Arab region	2023	active initiative; fundraising and pre-construction planning	magnetic confinement | proposed medium-sized tokamak	proposed Arab regional fusion centre and medium-sized tokamak	AFEI proposes a regional research hub, workforce programme and tokamak using HTS, liquid-lithium, RF and neutral-beam technologies.	B/C — initiative and proposal corroborated; no build milestone	AUB and an IAEA workforce meeting corroborate the initiative, Arab programme coordination and proposed regional centre/device.	Host country, committed construction budget, final design, procurement, build start and plasma milestones remain unconfirmed.	https://www.aub.edu/fas/AFEI_Initiative/Pages/default.aspx	https://conferences.iaea.org/event/449/contributions/40767/attachments/22491/39054/Building%20Fusion%20Workforce%20Capacity%20in%20Jordan%20and%20the%20Arab%20World%20-%20Final.pdf	R3S015;R3S016	AUB accessed 2026-09-28; IAEA 2026-04	2026-09-28	high	Credible Middle Eastern regional initiative, conservatively retained as planning rather than a reactor project.
FC3-009	Indimaj Group	Indimaj Group Ltd; Indimaj	fusion advisory and ecosystem consultancy; not a reactor developer	United Kingdom / MENA focus	2025	active consultancy	fusion policy, investment, programme and supply-chain advisory	MENA fusion advisory services	The company says it helps governments, universities, investors and industry design programmes and enter fusion supply chains.	C — legal identity corroborated; delivery claims not independently demonstrated	UK Companies House confirms the active legal entity and incorporation; the company site establishes its declared fusion-advisory scope.	No independently disclosed clients, contracts, reactor hardware or technical-performance milestone was found; do not count as a developer.	https://www.indimajgroup.com/services	https://find-and-update.company-information.service.gov.uk/company/16892813	R3S017;R3S018	company site accessed 2026-09-28; Companies House incorporated 2025-12-05	2026-09-28	medium	Adds a clearly classified MENA-focused ecosystem service provider rather than inventing a regional reactor company.
FC3-010	AEOI Plasma and Nuclear Fusion Research School	NSTRI Plasma Physics and Nuclear Fusion Research School; Damavand programme	national public fusion research programme; not a company	Iran	1990	active research programme	magnetic confinement | conventional tokamak	DAMAVAND tokamak	The AEOI/NSTRI school conducts tokamak plasma-control, materials and discharge research using DAMAVAND.	A/B — operating research device and recent experiments corroborated	The IAEA device survey lists DAMAVAND as operating, while 2024 IAEA proceedings document recent control-system experiments by AEOI/NSTRI researchers.	Research-scale operation does not establish fusion gain, D-T power production or a commercial reactor programme.	https://conferences.iaea.org/event/377/contributions/31627/	https://www-pub.iaea.org/MTCD/publications/PDF/CRCP-FUS-001webRev.pdf	R3S019;R3S012	IAEA meeting 2024-07; IAEA survey 2022/current edition	2026-09-28	high	Major Middle Eastern operating tokamak programme missing from the baseline.
FC3-011	Egyptian Atomic Energy Authority Plasma and Nuclear Fusion Programme	EAEA Plasma and Nuclear Fusion Department; EGYPTOR programme	national public fusion research programme; not a company	Egypt	1998	research programme; device status reported operating in IAEA 2022 survey	magnetic confinement | conventional tokamak | plasma focus	EGYPTOR tokamak; plasma-focus facilities	EAEA maintains plasma and fusion research infrastructure centred on the EGYPTOR research tokamak and plasma laboratories.	B — institutional identity and research device independently catalogued	EAEA confirms its nuclear/plasma research remit; the IAEA survey documents EGYPTOR as a public research tokamak and the World Fusion Outlook identifies Egypt as one of Africa's tokamak hosts.	Current post-2022 operating cadence, upgraded parameters, fusion reactions, gain and any power programme are not established.	https://eaea.org.eg/	https://www-pub.iaea.org/MTCD/publications/PDF/CRCP-FUS-001webRev.pdf; https://www-pub.iaea.org/MTCD/Publications/PDF/p15777-24-02766E_WFO_web.pdf	R3S020;R3S012;R3S022	EAEA accessed 2026-09-28; IAEA survey 2022; Outlook 2024	2026-09-28	medium	Evidence-backed African public fusion programme; explicitly not a commercial reactor developer.
FC3-012	Yan Fusion	Yan Fusion (Shanghai) Technology Co. Ltd.; YAN FUSION; 岩超聚能	fusion reactor/device developer and magnet supplier	China	2025	active; coil production line claimed; device planned	magnetic confinement | superconducting stellarator | AI-assisted design	four proposed LTS/HTS 3D stellarator coils; planned private stellarator	Company claims a modular 3D superconducting-coil line and targets four coil variants followed by a private stellarator.	B/C — company, funding and approach corroborated; hardware results company-led	Nature independently identifies the 2025 Shanghai stellarator company and reported funding; the official site shows a specific manufacturing programme.	Production-line throughput, completed qualified coils, device construction, plasma and energy milestones are not independently validated.	https://www.yanfusion.com/about	https://www.nature.com/immersive/d41586-026-02513-5/index.html	R3S023;R3S024	official site accessed 2026-09-28; Nature 2026-08	2026-09-28	high	Recent non-English entrant formed after the earlier landscape and independently recognized.
FC3-013	Firefly Fusion	Firefly Fusion SAS; Firefly Fusion SA	fusion reactor/device developer	France / Switzerland	2024	active; design and research-collaboration stage	magnetic confinement | compact negative-triangularity copper-magnet tokamak	LUCIOLE	Company proposes an actively cooled copper-magnet tokamak intended to explore negative-triangularity burning-plasma regimes.	B/C — legal identity and national-facility collaboration corroborated; pre-hardware	DIII-D independently confirms Firefly's collaboration, LUCIOLE concept, location and negative-triangularity research programme.	Prototype construction, burning plasma, Q=10 ambitions, costs and commercialization schedule are not demonstrated.	https://fireflyfusion.energy/	https://d3dfusion.org/fireflyfusion/	R3S025;R3S026	official and DIII-D pages accessed 2026-09-28	2026-09-28	high	Recent European entrant with a named concept and credible independent partner evidence.
FC3-014	Kronos Fusion Energy	Kronos Fusion; Kronos Fusion Energy Defense Systems	speculative fusion reactor/device developer; pre-hardware	United States	2022	active claims; simulation and design stage	magnetic confinement | tandem mirror / linear device | D-T breeder and D-He3 concepts	HYPERION; advanced-fuel tandem-mirror generator concepts	Company markets simulated reactor designs, fuel breeding and advanced-fuel electricity concepts while stating that machines are not yet built.	D — identity corroborated; technical programme remains claim-led	A specialist directory corroborates the company's identity and declared concept, but no independent physical-device milestone was found.	All plasma, breeding, D-He3, net-energy, weapons-effects and deployment claims remain unvalidated without hardware or independent experiments.	https://www.kronosfusionenergy.com/	https://fusionxinvest.com/company-profile/4394/kronos-fusion-energy/	R3S027;R3S028	official and directory pages accessed 2026-09-28	2026-09-28	low	Explicit speculative-claim inclusion that preserves the distinction between simulations, proposals and validated performance.
