source_id	title	publisher	source_type	source_date	url	scope_and_limitations	accessed_on
R3S001	CNEN visit to ETE and National Fusion Programme planning	Brazilian National Nuclear Energy Commission (CNEN)	government primary	2022-02-04	https://www.gov.br/cnen/pt-br/assunto/ultimas-noticias/presidente-da-cnen-e-diretor-da-dpd-visitam-o-experimento-tokamak-esferico-ete-no-inpe-1	Confirms ETE, provisional LFN and submitted PNFN; it does not establish completion of the proposed Ipero laboratory.	2026-09-28
R3S002	World Fusion Outlook 2024	International Atomic Energy Agency	intergovernmental independent synthesis	2024	https://www-pub.iaea.org/MTCD/Publications/PDF/p15777-24-02766E_WFO_web.pdf	Authoritative regional overview; country summaries are not device-performance audits.	2026-09-28
R3S003	Controlled nuclear fusion activity programme	Argentine National Atomic Energy Commission (CNEA)	government primary	2013-12	https://nuclea.cnea.gob.ar/items/75717225-7583-4b0a-af74-a3bd4c708a65	Institutional proposal and activity record; not evidence of a power-reactor programme.	2026-09-28
R3S004	Overview of nuclear fusion activities in Argentina	IAEA Fusion Energy Conference	intergovernmental conference record	2025	https://conferences.iaea.org/event/392/contributions/35641/attachments/19715/36105/Gervasoni-OV.pdf	Independent venue confirms current CNEA-CONICET research context; author is a programme participant.	2026-09-28
R3S005	Balseiro inspection report on Huemul Island	CNEA repository	government technical primary	1952 report; 1988 edition	https://nuclea.cnea.gob.ar/entities/publication/5aedabc4-3322-4543-b11d-269deadd1365/full	Contemporaneous technical rejection of the claimed result and record of programme termination.	2026-09-28
R3S006	Engineering and development in Argentina's nuclear sector	Argentina National Institute of Public Administration	government historical analysis	2023	https://nuclea.cnea.gob.ar/server/api/core/bitstreams/9cc4fe70-4ec9-4f7e-8c48-235b9b16c9eb/content	Independent institutional history describes the finding as a sham and November 1952 dismantlement.	2026-09-28
R3S007	Plasma Physics and Controlled Nuclear Fusion programme	National Autonomous University of Mexico (UNAM)	university primary	2023	https://www.siass.unam.mx/consulta/1860565	Confirms a conceptual spherical-tokamak design programme, not construction or plasma operation.	2026-09-28
R3S008	First Inter-American Conference on Fusion Science and Technology agenda	FusionLatam / CCHEN / CLAF / IAEA	multi-institution programme record	2025	https://www.fusionlatam.cl/documents/Agenda%20CICT-FN%202025%20English.pdf	Confirms named Mexican and regional research participation; conference agenda is not performance validation.	2026-09-28
R3S009	Thermonuclear plasma research	Chilean Nuclear Energy Commission (CCHEN)	government primary	accessed 2026-09-28	https://www.cchen.cl/?page_id=1716	Describes CCHEN plasma-focus, z-pinch and pulsed-power research; no electricity programme.	2026-09-28
R3S010	Chilean and Latin American fusion workforce perspective	IAEA Technical Meeting on Developing the Fusion Workforce	intergovernmental conference record	2026-04-27	https://conferences.iaea.org/event/449/contributions/40739/	Corroborates active small-device research and regional training; contribution is authored by CCHEN staff.	2026-09-28
R3S011	Laboratory for Plasma for Fusion Energy and Applications	Tecnologico de Costa Rica	university primary	accessed 2026-09-28	https://www.tec.ac.cr/laboratorio-plasmas-energia-fusion-aplicaciones	Documents SCR-1, MEDUSA-CR and laboratory history; device results remain research-scale.	2026-09-28
R3S012	World Survey of Fusion Devices 2022	International Atomic Energy Agency	intergovernmental technical survey	2022; web edition current 2026	https://www-pub.iaea.org/MTCD/publications/PDF/CRCP-FUS-001webRev.pdf	IAEA-reviewed device survey independently corroborates SCR-1, EGYPTOR and DAMAVAND facility identities/status at publication.	2026-09-28
R3S013	Latin American Center for Physics institutional profile	CLAF	intergovernmental primary	accessed 2026-09-28	https://claffisica.org.br/page/el-claf	Confirms CLAF mandate and member-state network; page does not itself enumerate Fusion Unit outputs.	2026-09-28
R3S014	Nuclear Fusion Unit regional coordination synopsis	IAEA Fusion Energy Conference	intergovernmental conference record	2025	https://conferences.iaea.org/event/392/contributions/35871/attachments/19844/33898/Synopses%20L%20Soto%20et%20al%20FEC%202025%20v2.pdf	States NFU-CLAF was established in October 2024 across eight countries; no hardware is attributed to the network.	2026-09-28
R3S015	Arab Fusion Energy Initiative	American University of Beirut	university primary	accessed 2026-09-28	https://www.aub.edu/fas/AFEI_Initiative/Pages/default.aspx	States regional-programme and medium-tokamak intentions; funding, host and construction are not established.	2026-09-28
R3S016	Building fusion workforce capacity in Jordan and the Arab world	IAEA Technical Meeting on Developing the Fusion Workforce	intergovernmental conference record	2026-04	https://conferences.iaea.org/event/449/contributions/40767/attachments/22491/39054/Building%20Fusion%20Workforce%20Capacity%20in%20Jordan%20and%20the%20Arab%20World%20-%20Final.pdf	Corroborates AFEI/Arab Fusion Energy Program formation and proposed regional centre; not construction evidence.	2026-09-28
R3S017	Indimaj services and MENA mission	Indimaj Group	company primary	accessed 2026-09-28	https://www.indimajgroup.com/services	Self-described advisory and supply-chain-entry services; no disclosed reactor development or client-delivery evidence.	2026-09-28
R3S018	INDIMAJ GROUP LTD company overview	UK Companies House	government registry	2025-12-05	https://find-and-update.company-information.service.gov.uk/company/16892813	Independently confirms active legal identity and incorporation only, not fusion expertise or contracts.	2026-09-28
R3S019	Damavand control-system contribution	IAEA Technical Meeting	intergovernmental conference record / researcher primary	2024-07	https://conferences.iaea.org/event/377/contributions/31627/	Recent AEOI/NSTRI-affiliated experimental work supports active use; author-reported technical results.	2026-09-28
R3S020	Egyptian Atomic Energy Authority	Egyptian Atomic Energy Authority	government primary	accessed 2026-09-28	https://eaea.org.eg/	Confirms EAEA and its plasma research remit; the landing page gives limited EGYPTOR detail.	2026-09-28
R3S021	Laboratory for Plasmas and Nuclear Fusion / EGYPTOR	Egyptian Atomic Energy Authority	government research programme	accessed 2026-09-28	https://eaea.org.eg/	Primary institutional anchor for EGYPTOR; current operating parameters require independent survey support.	2026-09-28
R3S022	Current African fusion outlook	International Atomic Energy Agency	intergovernmental independent synthesis	2024	https://www-pub.iaea.org/MTCD/Publications/PDF/p15777-24-02766E_WFO_web.pdf	States fusion-specific African R&D is limited and identifies Egyptian and Libyan tokamaks; does not imply power development.	2026-09-28
R3S023	Yan Fusion company and programme	Yan Fusion	company primary	accessed 2026-09-28	https://www.yanfusion.com/about	Company-described stellarator, coil-production and schedule claims; no independent device result.	2026-09-28
R3S024	The 46 companies scrambling to commercialize fusion	Nature	independent scientific journalism	2026-08	https://www.nature.com/immersive/d41586-026-02513-5/index.html	Independently corroborates Yan Fusion identity, approach and reported funding; not technical validation.	2026-09-28
R3S025	Firefly Fusion	Firefly Fusion	company primary	accessed 2026-09-28	https://fireflyfusion.energy/	Official approach and team claims; no prototype result.	2026-09-28
R3S026	Firefly Fusion collaboration profile	DIII-D National Fusion Facility	independent national-facility partner	accessed 2026-09-28	https://d3dfusion.org/fireflyfusion/	Corroborates LUCIOLE concept and DIII-D collaboration, not construction or projected Q.	2026-09-28
R3S027	Kronos Fusion Energy	Kronos Fusion Energy	company primary	accessed 2026-09-28	https://www.kronosfusionenergy.com/	Company presents HYPERION and advanced-fuel concepts and explicitly indicates machines are not built.	2026-09-28
R3S028	Kronos Fusion Energy company profile	FusionXInvest	independent specialist directory	accessed 2026-09-28	https://fusionxinvest.com/company-profile/4394/kronos-fusion-energy/	Corroborates company identity and conceptual programme; directory evidence is not physics validation.	2026-09-28
