id	name	classification_ok	source_directness	source_access	issue	recommended_action	verified_source_url	audit_date
accelerator-beam-target-fusion-neutron-generator	Accelerator beam-target fusion neutron generator	claim-class-not-established-reactor	mixed: two journal DOIs plus one IAEA instrumentation page; per-claim mapping not established	not-retrieved-this-pass	Maturity deployed and evidence established are correct for the device as a neutron source, but the inherited evidence_scope text reads 'Established process or reactor architecture', which in the fusion domain invites reading it as an established fusion reactor. Beam-target generators are net energy consumers by design: beam ions lose energy to scattering far faster than they fuse. The entry as written blurs exactly the distinction the atlas exists to keep.	Replace the inherited evidence_scope with wording stating that the device is an established neutron source and not an energy-producing concept, and that no net-energy claim is made or implied. Cite the IAEA instrumentation page for the neutron-source role and keep the journal DOIs to the specific claims they support.		2026-09-29
accelerator-driven-subcritical-system-ads	Accelerator-driven subcritical system (ADS)	plausible-provisional	introductory-family-mapping; per-claim verification pending	http-error-or-access-barrier	Access challenge is not substantive article content: https://doi.org/10.1146/annurev.nucl.48.1.505	Verify exact supporting passage and dated maturity evidence.		2026-09-26
advanced-gas-cooled-reactor-agr	Advanced gas-cooled reactor (AGR)	plausible-provisional	introductory-family-mapping; per-claim verification pending	pdf-extracted | pdf-response-text-unavailable	Sources inherited from family group; applicability of each URL to this entry is not individually established.	Assign references per entry and per claim with page/section pointers.		2026-09-26
airlift-reactor	Airlift reactor	plausible-provisional	introductory-family-mapping; per-claim verification pending	html-response-not-fulltext-verified | http-error-or-access-barrier	Sources inherited from family group; applicability of each URL to this entry is not individually established. Access challenge is not substantive article content: https://websites.umich.edu/~elements/5e/asyLearn/bits.htm	Assign references per entry and per claim with page/section pointers.		2026-09-26
alkaline-fuel-cell	Alkaline fuel cell	plausible-provisional	introductory-family-mapping; per-claim verification pending	pdf-extracted	No specific error found in this introductory audit; scientific claims remain unverified.	Verify exact supporting passage and dated maturity evidence.		2026-09-26
alkaline-water-electrolyser	Alkaline water electrolyser	plausible-provisional	introductory-family-mapping; per-claim verification pending	http-error-or-access-barrier | pdf-extracted	Sources inherited from family group; applicability of each URL to this entry is not individually established. Broken source URL (HTTP 404): https://www.energy.gov/eere/fuelcells/technical-targets-water-electrolysis	Assign references per entry and per claim with page/section pointers. Replace moved URL with a current authoritative page.	https://www.energy.gov/sites/default/files/2024-12/hydrogen-shot-water-electrolysis-technology-assessment.pdf	2026-09-26
anion-exchange-membrane-electrolyser	Anion-exchange-membrane electrolyser	maturity-review	introductory-family-mapping; per-claim verification pending	http-error-or-access-barrier | pdf-extracted	Sources inherited from family group; applicability of each URL to this entry is not individually established. Broken source URL (HTTP 404): https://www.energy.gov/eere/fuelcells/technical-targets-water-electrolysis Research-only may obscure early product commercialization; no direct dated deployment source attached.	Assign references per entry and per claim with page/section pointers. Replace moved URL with a current authoritative page. Compare commercial availability, durability demonstration and deployment scale separately; retain research pending review.	https://www.energy.gov/sites/default/files/2024-12/hydrogen-shot-water-electrolysis-technology-assessment.pdf	2026-09-26
antiproton-catalysed-microfission-fusion	Antiproton-catalysed microfission / fusion	plausible-provisional	introductory-family-mapping; per-claim verification pending	html-response-not-fulltext-verified	Sources inherited from family group; applicability of each URL to this entry is not individually established.	Assign references per entry and per claim with page/section pointers.		2026-09-26
aqueous-homogeneous-reactor	Aqueous homogeneous reactor	historical-maturity-facet	introductory-family-mapping; per-claim verification pending	not-retrieved-this-pass	Maturity is recorded as demonstrated, but aqueous homogeneous reactors operated for decades from the 1940s and at least one solution reactor remains in service for isotope work. The entry also sits on the geometry axis while its defining property is fuel state, which cross-cuts pool and tank geometries.	Separate historical operation from current deployment in the maturity field, cite at least one named operating or formerly operating solution reactor, and move the entry onto a fuel-state axis rather than the geometry axis.		2026-09-29
batch-reactor	Batch reactor	cross-cutting-facet	introductory-family-mapping; per-claim verification pending	html-response-not-fulltext-verified | http-error-or-access-barrier	Entry kind is operating mode; count overlaps architectures. Sources inherited from family group; applicability of each URL to this entry is not individually established. Access challenge is not substantive article content: https://websites.umich.edu/~elements/5e/asyLearn/bits.htm	Retain explicit kind; do not sum as mutually exclusive reactor designs. Assign references per entry and per claim with page/section pointers.		2026-09-26
breed-and-burn-reactor	Breed-and-burn reactor	plausible-provisional	introductory-family-mapping; per-claim verification pending	html-response-not-fulltext-verified	No specific error found in this introductory audit; scientific claims remain unverified.	Verify exact supporting passage and dated maturity evidence.		2026-09-26
bubble-column-reactor	Bubble-column reactor	plausible-provisional	introductory-family-mapping; per-claim verification pending	html-response-not-fulltext-verified | http-error-or-access-barrier	Sources inherited from family group; applicability of each URL to this entry is not individually established. Access challenge is not substantive article content: https://websites.umich.edu/~elements/5e/asyLearn/bits.htm	Assign references per entry and per claim with page/section pointers.		2026-09-26
bubbling-fluidised-bed-reactor	Bubbling fluidised-bed reactor	plausible-provisional	introductory-family-mapping; per-claim verification pending	html-response-not-fulltext-verified | http-error-or-access-barrier	Sources inherited from family group; applicability of each URL to this entry is not individually established. Access challenge is not substantive article content: https://websites.umich.edu/~elements/5e/asyLearn/bits.htm	Assign references per entry and per claim with page/section pointers.		2026-09-26
bulk-polymerisation-reactor	Bulk polymerisation reactor	cross-cutting-facet	introductory-family-mapping; per-claim verification pending	html-response-not-fulltext-verified	Entry kind is process class; count overlaps architectures.	Retain explicit kind; do not sum as mutually exclusive reactor designs.		2026-09-26
bwr	BWR	plausible-provisional	introductory-family-mapping; per-claim verification pending	pdf-extracted | pdf-response-text-unavailable	Sources inherited from family group; applicability of each URL to this entry is not individually established.	Assign references per entry and per claim with page/section pointers.		2026-09-26
catalytic-membrane-reactor	Catalytic membrane reactor	plausible-provisional	introductory-family-mapping; per-claim verification pending	html-response-not-fulltext-verified | http-error-or-access-barrier | pdf-extracted	Sources inherited from family group; applicability of each URL to this entry is not individually established. Access challenge is not substantive article content: https://websites.umich.edu/~elements/5e/asyLearn/bits.htm	Assign references per entry and per claim with page/section pointers.		2026-09-26
cavitation-bubble-fusion	Cavitation / bubble fusion	classification-supported-claim-contested	introductory-family-mapping; per-claim verification pending	html-response-not-fulltext-verified	Assigned replication paper is critical evidence, not demonstration of fusion.	Keep contested; include original claim and independent null studies, never infer a functioning reactor.	https://doi.org/10.1103/PhysRevLett.89.104302	2026-09-26
cell-retention-perfusion-bioreactor	Cell-retention / perfusion bioreactor	cross-cutting-facet	introductory-family-mapping; per-claim verification pending	html-response-not-fulltext-verified	Entry kind is operating mode; count overlaps architectures. Sources inherited from family group; applicability of each URL to this entry is not individually established. Fermentation scale-up review is relevant background but not direct evidence for all fed-batch, chemostat and perfusion subtype claims.	Retain explicit kind; do not sum as mutually exclusive reactor designs. Assign references per entry and per claim with page/section pointers. Add mode-specific textbooks or primary perfusion/chemostat references.		2026-09-26
chemical-looping-reactor-system	Chemical-looping reactor system	source-scope-review	misassigned: one of two sources documents a different technology	not-retrieved-this-pass	Carries exactly the same two URLs as the sequencing batch reactor entry. The EPA sequencing-batch-reactors factsheet documents a wastewater treatment configuration and does not support any chemical-looping claim. Only the NETL reference is applicable.	Remove the EPA sequencing-batch factsheet from this entry, keep the NETL reference, and add a source for the oxygen-carrier redox cycle and for the pilot scale the demonstrated maturity rests on.		2026-09-29
chemostat	Chemostat	cross-cutting-facet	introductory-family-mapping; per-claim verification pending	html-response-not-fulltext-verified	Entry kind is operating mode; count overlaps architectures. Sources inherited from family group; applicability of each URL to this entry is not individually established. Fermentation scale-up review is relevant background but not direct evidence for all fed-batch, chemostat and perfusion subtype claims.	Retain explicit kind; do not sum as mutually exclusive reactor designs. Assign references per entry and per claim with page/section pointers. Add mode-specific textbooks or primary perfusion/chemostat references.		2026-09-26
circulating-fluidised-bed-reactor	Circulating fluidised-bed reactor	plausible-provisional	introductory-family-mapping; per-claim verification pending	html-response-not-fulltext-verified | http-error-or-access-barrier	Sources inherited from family group; applicability of each URL to this entry is not individually established. Access challenge is not substantive article content: https://websites.umich.edu/~elements/5e/asyLearn/bits.htm	Assign references per entry and per claim with page/section pointers.		2026-09-26
complete-mix-anaerobic-digester	Complete-mix anaerobic digester	plausible-provisional	introductory-family-mapping; per-claim verification pending	pdf-extracted	No specific error found in this introductory audit; scientific claims remain unverified.	Verify exact supporting passage and dated maturity evidence.		2026-09-26
continuous-stirred-tank-reactor-cstr	Continuous stirred-tank reactor (CSTR)	plausible-provisional	introductory-family-mapping; per-claim verification pending	html-response-not-fulltext-verified | http-error-or-access-barrier	Sources inherited from family group; applicability of each URL to this entry is not individually established. Access challenge is not substantive article content: https://websites.umich.edu/~elements/5e/asyLearn/bits.htm	Assign references per entry and per claim with page/section pointers.		2026-09-26
covered-anaerobic-lagoon	Covered anaerobic lagoon	plausible-provisional	introductory-family-mapping; per-claim verification pending	pdf-extracted	No specific error found in this introductory audit; scientific claims remain unverified.	Verify exact supporting passage and dated maturity evidence.		2026-09-26
critical-assembly	Critical assembly	plausible-provisional	introductory-family-mapping; per-claim verification pending	not-retrieved-this-pass	Split from the former combined 'Critical / subcritical assembly' entry on 2026-09-29, which merged two physically distinct classes. This entry covers assemblies that reach and hold criticality. Its source remains the family-level IAEA reference.	Cite the IAEA reference by section for critical assemblies, and state the reactivity-control and licensing conditions that follow from operating at criticality.		2026-09-29
cstr-cascade	CSTR cascade	cross-cutting-facet	introductory-family-mapping; per-claim verification pending	html-response-not-fulltext-verified | http-error-or-access-barrier	Entry kind is configuration; count overlaps architectures. Sources inherited from family group; applicability of each URL to this entry is not individually established. Access challenge is not substantive article content: https://websites.umich.edu/~elements/5e/asyLearn/bits.htm	Retain explicit kind; do not sum as mutually exclusive reactor designs. Assign references per entry and per claim with page/section pointers.		2026-09-26
dense-plasma-focus	Dense plasma focus	source-bias-review	contains-confirmed-misassigned-work	html-response-not-fulltext-verified | pdf-extracted	Sources inherited from family group; applicability of each URL to this entry is not individually established. Wrong work: Decommissioning of Particle Accelerators, not Fusion Physics. Primary assigned article is developer-authored Focus Fusion progress; it cannot independently validate commercial p-B11 claims.	Assign references per entry and per claim with page/section pointers. Remove misassigned reference and verify replacement at claim level. Retain established plasma-focus physics but independently source advanced-fuel and power-performance claims. Separate demonstrated plasma configuration / fusion output / target gain / net electricity; attach metric and dated source.	https://www-pub.iaea.org/MTCD/Publications/PDF/Pub1562_web.pdf	2026-09-26
dielectric-barrier-discharge-reactor	Dielectric-barrier-discharge reactor	plausible-provisional	introductory-family-mapping; per-claim verification pending	html-response-not-fulltext-verified	No specific error found in this introductory audit; scientific claims remain unverified.	Verify exact supporting passage and dated maturity evidence.		2026-09-26
direct-fusion-drive	Direct fusion drive	domain-correction	introductory-family-mapping; per-claim verification pending	html-response-not-fulltext-verified	Entry kind is application architecture; count overlaps architectures. Sources inherited from family group; applicability of each URL to this entry is not individually established. FRC fusion propulsion concept is not inherently a fusion-fission or multi-reactor hybrid.	Retain explicit kind; do not sum as mutually exclusive reactor designs. Assign references per entry and per claim with page/section pointers. Primary domain fusion, application propulsion; retain concept maturity.	https://doi.org/10.1016/j.actaastro.2014.08.008	2026-09-26
electrochemically-loaded-beam-target-fusion	Electrochemically loaded beam-target fusion	plausible-provisional	introductory-family-mapping; per-claim verification pending	html-response-not-fulltext-verified | pdf-extracted	Sources inherited from family group; applicability of each URL to this entry is not individually established.	Assign references per entry and per claim with page/section pointers.		2026-09-26
emulsion-polymerisation-reactor	Emulsion polymerisation reactor	cross-cutting-facet	introductory-family-mapping; per-claim verification pending	html-response-not-fulltext-verified	Entry kind is process class; count overlaps architectures.	Retain explicit kind; do not sum as mutually exclusive reactor designs.		2026-09-26
entrained-flow-gasifier	Entrained-flow gasifier	plausible-provisional	introductory-family-mapping; per-claim verification pending	html-response-not-fulltext-verified | pdf-extracted | request-failed	Sources inherited from family group; applicability of each URL to this entry is not individually established.	Assign references per entry and per claim with page/section pointers.		2026-09-26
fast-ignition-icf	Fast-ignition ICF	cross-cutting-facet	contains-confirmed-misassigned-work	html-response-not-fulltext-verified | pdf-extracted	Entry kind is ignition scheme; count overlaps architectures. Sources inherited from family group; applicability of each URL to this entry is not individually established. Wrong work: Decommissioning of Particle Accelerators, not Fusion Physics.	Retain explicit kind; do not sum as mutually exclusive reactor designs. Assign references per entry and per claim with page/section pointers. Remove misassigned reference and verify replacement at claim level. Separate demonstrated plasma configuration / fusion output / target gain / net electricity; attach metric and dated source.	https://www-pub.iaea.org/MTCD/Publications/PDF/Pub1562_web.pdf	2026-09-26
fast-liquid-fuel-molten-salt-reactor	Fast liquid-fuel molten-salt reactor	plausible-provisional	introductory-family-mapping; per-claim verification pending	html-response-not-fulltext-verified | http-error-or-access-barrier	Sources inherited from family group; applicability of each URL to this entry is not individually established. Access challenge is not substantive article content: https://doi.org/10.13182/NT15-124	Assign references per entry and per claim with page/section pointers.		2026-09-26
fast-pyrolysis-reactor	Fast-pyrolysis reactor	cross-cutting-facet	introductory-family-mapping; per-claim verification pending	html-response-not-fulltext-verified | pdf-extracted | request-failed	Entry kind is process class; count overlaps architectures. Sources inherited from family group; applicability of each URL to this entry is not individually established.	Retain explicit kind; do not sum as mutually exclusive reactor designs. Assign references per entry and per claim with page/section pointers.		2026-09-26
fed-batch-bioreactor	Fed-batch bioreactor	cross-cutting-facet	introductory-family-mapping; per-claim verification pending	html-response-not-fulltext-verified	Entry kind is operating mode; count overlaps architectures. Sources inherited from family group; applicability of each URL to this entry is not individually established. Fermentation scale-up review is relevant background but not direct evidence for all fed-batch, chemostat and perfusion subtype claims.	Retain explicit kind; do not sum as mutually exclusive reactor designs. Assign references per entry and per claim with page/section pointers. Add mode-specific textbooks or primary perfusion/chemostat references.		2026-09-26
field-reversed-configuration-frc	Field-reversed configuration (FRC)	plausible-provisional	contains-confirmed-misassigned-work	html-response-not-fulltext-verified | pdf-extracted	Sources inherited from family group; applicability of each URL to this entry is not individually established. Wrong work: Decommissioning of Particle Accelerators, not Fusion Physics. Wrong work: particle pinch velocity in compact helical system CHS, not spheromak/FRC. Access challenge is not substantive article content: https://doi.org/10.1088/0741-3335/36/7/001	Assign references per entry and per claim with page/section pointers. Remove misassigned reference and verify replacement at claim level. Separate demonstrated plasma configuration / fusion output / target gain / net electricity; attach metric and dated source.	https://www-pub.iaea.org/MTCD/Publications/PDF/Pub1562_web.pdf	2026-09-26
fission-fragment-propulsion-reactor	Fission-fragment propulsion reactor	domain-correction	introductory-family-mapping; per-claim verification pending	html-response-not-fulltext-verified	Sources inherited from family group; applicability of each URL to this entry is not individually established. Direct fragment propulsion is fission-based, not necessarily hybrid.	Assign references per entry and per claim with page/section pointers. Primary domain fission with speculative propulsion application.	https://ntrs.nasa.gov/citations/20150002578	2026-09-26
fixed-film-anaerobic-reactor	Fixed-film anaerobic reactor	plausible-provisional	introductory-family-mapping; per-claim verification pending	not-retrieved-this-pass	Sources are shared with the upflow sludge-blanket entry and are assigned at family level. The AgSTAR handbook does cover fixed-film digesters, so applicability is plausible, but no section pointer establishes which claims it supports.	Cite the AgSTAR handbook by section for the fixed-film digester, and distinguish attached-growth media from the suspended-growth entries in the same family.		2026-09-29
fixed-packed-bed-reactor	Fixed / packed-bed reactor	plausible-provisional	introductory-family-mapping; per-claim verification pending	html-response-not-fulltext-verified | http-error-or-access-barrier	Sources inherited from family group; applicability of each URL to this entry is not individually established. Access challenge is not substantive article content: https://websites.umich.edu/~elements/5e/asyLearn/bits.htm	Assign references per entry and per claim with page/section pointers.		2026-09-26
fluidised-bed-gasifier	Fluidised-bed gasifier	source-scope-review	introductory-family-mapping; per-claim verification pending	html-response-not-fulltext-verified | pdf-extracted | request-failed	Sources inherited from family group; applicability of each URL to this entry is not individually established. NETL source is an entrained-flow gasification project; support for fluidised-bed claims is indirect.	Assign references per entry and per claim with page/section pointers. Add NETL fluidised-bed-specific guidance.		2026-09-26
fluoride-salt-cooled-high-temperature-reactor	Fluoride-salt-cooled high-temperature reactor	plausible-provisional	introductory-family-mapping; per-claim verification pending	html-response-not-fulltext-verified | http-error-or-access-barrier	Sources inherited from family group; applicability of each URL to this entry is not individually established. Access challenge is not substantive article content: https://doi.org/10.13182/NT15-124	Assign references per entry and per claim with page/section pointers.		2026-09-26
fusion-driven-transmutation-system	Fusion-driven transmutation system	cross-cutting-facet	introductory-family-mapping; per-claim verification pending	pdf-extracted	Entry kind is application architecture; count overlaps architectures.	Retain explicit kind; do not sum as mutually exclusive reactor designs.		2026-09-26
fusion-fission-breeder	Fusion-fission breeder	cross-cutting-facet	introductory-family-mapping; per-claim verification pending	pdf-extracted	Entry kind is application architecture; count overlaps architectures.	Retain explicit kind; do not sum as mutually exclusive reactor designs.		2026-09-26
fusion-fission-hybrid-energy-multiplier	Fusion-fission hybrid energy multiplier	plausible-provisional	introductory-family-mapping; per-claim verification pending	pdf-extracted	No specific error found in this introductory audit; scientific claims remain unverified.	Verify exact supporting passage and dated maturity evidence.		2026-09-26
gas-cooled-fast-reactor	Gas-cooled fast reactor	plausible-provisional	introductory-family-mapping; per-claim verification pending	html-response-not-fulltext-verified | pdf-response-text-unavailable	Sources inherited from family group; applicability of each URL to this entry is not individually established.	Assign references per entry and per claim with page/section pointers.		2026-09-26
gas-dynamic-mirror	Gas-dynamic mirror	plausible-provisional	contains-confirmed-misassigned-work	pdf-extracted	Sources inherited from family group; applicability of each URL to this entry is not individually established. Wrong work: Decommissioning of Particle Accelerators, not Fusion Physics.	Assign references per entry and per claim with page/section pointers. Remove misassigned reference and verify replacement at claim level. Separate demonstrated plasma configuration / fusion output / target gain / net electricity; attach metric and dated source.	https://www-pub.iaea.org/MTCD/Publications/PDF/Pub1562_web.pdf	2026-09-26
gas-loaded-metal-hydrogen-lenr	Gas-loaded metal-hydrogen LENR	claim-class-not-established-reactor	introductory-family-mapping; per-claim verification pending	html-response-not-fulltext-verified	Sources inherited from family group; applicability of each URL to this entry is not individually established. Claim class, not an established reactor architecture; assigned null/critical sources cannot validate claimed energy production.	Assign references per entry and per claim with page/section pointers. Keep contested label; pair exact claim with independent replication outcomes.		2026-09-26
gliding-arc-plasma-reactor	Gliding-arc plasma reactor	plausible-provisional	introductory-family-mapping; per-claim verification pending	html-response-not-fulltext-verified	No specific error found in this introductory audit; scientific claims remain unverified.	Verify exact supporting passage and dated maturity evidence.		2026-09-26
gridded-inertial-electrostatic-confinement	Gridded inertial electrostatic confinement	plausible-provisional	introductory-family-mapping; per-claim verification pending	html-response-not-fulltext-verified	Sources inherited from family group; applicability of each URL to this entry is not individually established.	Assign references per entry and per claim with page/section pointers. Separate demonstrated plasma configuration / fusion output / target gain / net electricity; attach metric and dated source.		2026-09-26
heavy-ion-driven-icf	Heavy-ion-driven ICF	plausible-provisional	contains-confirmed-misassigned-work	html-response-not-fulltext-verified | pdf-extracted	Sources inherited from family group; applicability of each URL to this entry is not individually established. Wrong work: Decommissioning of Particle Accelerators, not Fusion Physics.	Assign references per entry and per claim with page/section pointers. Remove misassigned reference and verify replacement at claim level. Separate demonstrated plasma configuration / fusion output / target gain / net electricity; attach metric and dated source.	https://www-pub.iaea.org/MTCD/Publications/PDF/Pub1562_web.pdf	2026-09-26
heavy-water-pressure-vessel-reactor	Heavy-water pressure-vessel reactor	historical-maturity-facet	introductory-family-mapping; per-claim verification pending	html-response-not-fulltext-verified | pdf-extracted	Sources inherited from family group; applicability of each URL to this entry is not individually established. Historical deployment needs named facility evidence; generic CANDU pressure-tube material is insufficient.	Assign references per entry and per claim with page/section pointers. Add Atucha/other pressure-vessel primary sources and explicit historical/deployed scope.		2026-09-26
heliotron-torsatron	Heliotron / torsatron	plausible-provisional	contains-confirmed-misassigned-work	html-response-not-fulltext-verified | pdf-extracted	Sources inherited from family group; applicability of each URL to this entry is not individually established. Wrong work: Decommissioning of Particle Accelerators, not Fusion Physics.	Assign references per entry and per claim with page/section pointers. Remove misassigned reference and verify replacement at claim level. Separate demonstrated plasma configuration / fusion output / target gain / net electricity; attach metric and dated source.	https://www-pub.iaea.org/MTCD/Publications/PDF/Pub1562_web.pdf	2026-09-26
homogeneous-photochemical-flow-reactor	Homogeneous photochemical flow reactor	source-scope-review	introductory-family-mapping; per-claim verification pending	http-error-or-access-barrier	Access challenge is not substantive article content: https://doi.org/10.1021/acs.iecr.9b00381 Photocatalytic Reactor Design source does not by title establish homogeneous photochemistry.	Add a primary homogeneous photochemical flow study; distinguish photocatalysis from direct photolysis.		2026-09-26
immobilised-photocatalytic-reactor	Immobilised photocatalytic reactor	plausible-provisional	introductory-family-mapping; per-claim verification pending	http-error-or-access-barrier	Access challenge is not substantive article content: https://doi.org/10.1021/acs.iecr.9b00381	Verify exact supporting passage and dated maturity evidence.		2026-09-26
impact-driven-inertial-fusion	Impact-driven inertial fusion	plausible-provisional	contains-confirmed-misassigned-work	html-response-not-fulltext-verified | pdf-extracted	Sources inherited from family group; applicability of each URL to this entry is not individually established. Wrong work: Decommissioning of Particle Accelerators, not Fusion Physics.	Assign references per entry and per claim with page/section pointers. Remove misassigned reference and verify replacement at claim level. Separate demonstrated plasma configuration / fusion output / target gain / net electricity; attach metric and dated source.	https://www-pub.iaea.org/MTCD/Publications/PDF/Pub1562_web.pdf	2026-09-26
integral-pwr	Integral PWR	source-scope-review	introductory-family-mapping; per-claim verification pending	pdf-extracted | pdf-response-text-unavailable	Sources inherited from family group; applicability of each URL to this entry is not individually established. General reactor training/design taxonomy does not establish integral-PWR demonstration claims.	Assign references per entry and per claim with page/section pointers. Cite a named integral design and demonstrated milestone; separate integral architecture from SMR scale.		2026-09-26
laser-direct-drive-icf	Laser direct-drive ICF	plausible-provisional	contains-confirmed-misassigned-work	html-response-not-fulltext-verified | pdf-extracted	Sources inherited from family group; applicability of each URL to this entry is not individually established. Wrong work: Decommissioning of Particle Accelerators, not Fusion Physics.	Assign references per entry and per claim with page/section pointers. Remove misassigned reference and verify replacement at claim level. Separate demonstrated plasma configuration / fusion output / target gain / net electricity; attach metric and dated source.	https://www-pub.iaea.org/MTCD/Publications/PDF/Pub1562_web.pdf	2026-09-26
laser-indirect-drive-icf	Laser indirect-drive ICF	evidence-scope-review	contains-confirmed-misassigned-work	html-response-not-fulltext-verified | pdf-extracted	Sources inherited from family group; applicability of each URL to this entry is not individually established. Wrong work: Decommissioning of Particle Accelerators, not Fusion Physics. Demonstration must specify target ignition/target gain, not wall-plug or net-electric output.	Assign references per entry and per claim with page/section pointers. Remove misassigned reference and verify replacement at claim level. Add LLNL ignition primary results with metric and shot date; retain separate plant maturity. Separate demonstrated plasma configuration / fusion output / target gain / net electricity; attach metric and dated source.	https://www-pub.iaea.org/MTCD/Publications/PDF/Pub1562_web.pdf	2026-09-26
lattice-confinement-fusion	Lattice-confinement fusion	plausible-provisional	introductory-family-mapping; per-claim verification pending	html-response-not-fulltext-verified | pdf-extracted	Sources inherited from family group; applicability of each URL to this entry is not individually established.	Assign references per entry and per claim with page/section pointers.		2026-09-26
lead-bismuth-fast-reactor	Lead-bismuth fast reactor	plausible-provisional	introductory-family-mapping; per-claim verification pending	html-response-not-fulltext-verified | pdf-response-text-unavailable	Sources inherited from family group; applicability of each URL to this entry is not individually established.	Assign references per entry and per claim with page/section pointers.		2026-09-26
lead-fast-reactor	Lead fast reactor	plausible-provisional	introductory-family-mapping; per-claim verification pending	html-response-not-fulltext-verified | pdf-response-text-unavailable	Sources inherited from family group; applicability of each URL to this entry is not individually established.	Assign references per entry and per claim with page/section pointers.		2026-09-26
levitated-dipole	Levitated dipole	plausible-provisional	introductory-family-mapping; per-claim verification pending	html-response-not-fulltext-verified	No specific error found in this introductory audit; scientific claims remain unverified.	Separate demonstrated plasma configuration / fusion output / target gain / net electricity; attach metric and dated source.		2026-09-26
liquid-liner-magnetised-target-fusion	Liquid-liner magnetised-target fusion	plausible-provisional	introductory-family-mapping; per-claim verification pending	html-response-not-fulltext-verified | pdf-extracted	Sources inherited from family group; applicability of each URL to this entry is not individually established.	Assign references per entry and per claim with page/section pointers. Separate demonstrated plasma configuration / fusion output / target gain / net electricity; attach metric and dated source.		2026-09-26
maglif	MagLIF	source-directness-review	contains-confirmed-misassigned-work	http-error-or-access-barrier	Sources inherited from family group; applicability of each URL to this entry is not individually established. Wrong work: long-time tails and transport/self-organized criticality, not Z-pinch ICF. Access challenge is not substantive article content: https://doi.org/10.1063/1.873677 Access challenge is not substantive article content: https://doi.org/10.1063/5.0206222 MagLIF-specific paper is relevant; inherited unrelated Z-ICF DOI should be removed.	Assign references per entry and per claim with page/section pointers. Remove misassigned reference and verify replacement at claim level. Retain correct MagLIF publication and specify experimental rather than plant evidence. Separate demonstrated plasma configuration / fusion output / target gain / net electricity; attach metric and dated source.	https://www-pub.iaea.org/MTCD/Publications/PDF/Pub1562_web.pdf | https://doi.org/10.1063/5.0206222	2026-09-26
magnetic-cusp-confinement	Magnetic cusp confinement	plausible-provisional	contains-confirmed-misassigned-work	pdf-extracted	Sources inherited from family group; applicability of each URL to this entry is not individually established. Wrong work: Decommissioning of Particle Accelerators, not Fusion Physics.	Assign references per entry and per claim with page/section pointers. Remove misassigned reference and verify replacement at claim level. Separate demonstrated plasma configuration / fusion output / target gain / net electricity; attach metric and dated source.	https://www-pub.iaea.org/MTCD/Publications/PDF/Pub1562_web.pdf	2026-09-26
magnetic-mirror	Magnetic mirror	plausible-provisional	contains-confirmed-misassigned-work	pdf-extracted	Sources inherited from family group; applicability of each URL to this entry is not individually established. Wrong work: Decommissioning of Particle Accelerators, not Fusion Physics.	Assign references per entry and per claim with page/section pointers. Remove misassigned reference and verify replacement at claim level. Separate demonstrated plasma configuration / fusion output / target gain / net electricity; attach metric and dated source.	https://www-pub.iaea.org/MTCD/Publications/PDF/Pub1562_web.pdf	2026-09-26
magnox-gas-cooled-reactor	Magnox gas-cooled reactor	historical-maturity-facet	introductory-family-mapping; per-claim verification pending	pdf-extracted | pdf-response-text-unavailable	Sources inherited from family group; applicability of each URL to this entry is not individually established. Historical commercial deployment is collapsed into demonstrated.	Assign references per entry and per claim with page/section pointers. Separate highest demonstrated maturity from current fleet activity; retain historical commercial status.		2026-09-26
microbial-electrolysis-cell	Microbial electrolysis cell	plausible-provisional	introductory-family-mapping; per-claim verification pending	html-response-not-fulltext-verified | http-error-or-access-barrier	Sources inherited from family group; applicability of each URL to this entry is not individually established. Access challenge is not substantive article content: https://doi.org/10.1039/D1RA08487A	Assign references per entry and per claim with page/section pointers.		2026-09-26
microbial-fuel-cell	Microbial fuel cell	plausible-provisional	introductory-family-mapping; per-claim verification pending	html-response-not-fulltext-verified | http-error-or-access-barrier	Sources inherited from family group; applicability of each URL to this entry is not individually established. Access challenge is not substantive article content: https://doi.org/10.1039/D1RA08487A	Assign references per entry and per claim with page/section pointers.		2026-09-26
microchannel-flow-reactor	Microchannel flow reactor	plausible-provisional	introductory-family-mapping; per-claim verification pending	html-response-not-fulltext-verified | http-error-or-access-barrier | pdf-extracted	Sources inherited from family group; applicability of each URL to this entry is not individually established. Access challenge is not substantive article content: https://websites.umich.edu/~elements/5e/asyLearn/bits.htm	Assign references per entry and per claim with page/section pointers.		2026-09-26
microwave-plasma-reactor	Microwave plasma reactor	plausible-provisional	introductory-family-mapping; per-claim verification pending	html-response-not-fulltext-verified	No specific error found in this introductory audit; scientific claims remain unverified.	Verify exact supporting passage and dated maturity evidence.		2026-09-26
molten-carbonate-fuel-cell	Molten-carbonate fuel cell	plausible-provisional	introductory-family-mapping; per-claim verification pending	pdf-extracted	No specific error found in this introductory audit; scientific claims remain unverified.	Verify exact supporting passage and dated maturity evidence.		2026-09-26
moving-bed-reactor	Moving-bed reactor	plausible-provisional	introductory-family-mapping; per-claim verification pending	html-response-not-fulltext-verified | http-error-or-access-barrier	Sources inherited from family group; applicability of each URL to this entry is not individually established. Access challenge is not substantive article content: https://websites.umich.edu/~elements/5e/asyLearn/bits.htm	Assign references per entry and per claim with page/section pointers.		2026-09-26
moving-fixed-bed-gasifier	Moving / fixed-bed gasifier	source-scope-review	introductory-family-mapping; per-claim verification pending	html-response-not-fulltext-verified | pdf-extracted | request-failed	Sources inherited from family group; applicability of each URL to this entry is not individually established. NETL source is an entrained-flow gasification project, not a general taxonomy of fixed/moving-bed gasifiers.	Assign references per entry and per claim with page/section pointers. Add NETL fixed/moving-bed gasification guidance and separate solid motion if needed.		2026-09-26
muon-catalysed-fusion	Muon-catalysed fusion	domain-facet	introductory-family-mapping; per-claim verification pending	html-response-not-fulltext-verified | pdf-extracted	Sources inherited from family group; applicability of each URL to this entry is not individually established. Low-temperature fusion mechanism is placed in hybrid domain for presentation, not because it necessarily couples two reactor types.	Assign references per entry and per claim with page/section pointers. Add primary nuclear-process domain plus secondary mechanism/integration facets.	https://doi.org/10.1016/0375-9474(92)90412-D	2026-09-26
nuclear-heat-coupled-to-hydrogen-production	Nuclear heat coupled to hydrogen production	cross-cutting-facet	introductory-family-mapping; per-claim verification pending	request-failed	Entry kind is system integration; count overlaps architectures.	Retain explicit kind; do not sum as mutually exclusive reactor designs.		2026-09-26
nuclear-renewable-hybrid-energy-system	Nuclear-renewable hybrid energy system	cross-cutting-facet	introductory-family-mapping; per-claim verification pending	request-failed	Entry kind is system integration; count overlaps architectures.	Retain explicit kind; do not sum as mutually exclusive reactor designs.		2026-09-26
optimised-modular-stellarator	Optimised modular stellarator	overlap-facet	contains-confirmed-misassigned-work	html-response-not-fulltext-verified | pdf-extracted	Sources inherited from family group; applicability of each URL to this entry is not individually established. Wrong work: Decommissioning of Particle Accelerators, not Fusion Physics. Modular coils and optimization are intersecting stellarator design attributes.	Assign references per entry and per claim with page/section pointers. Remove misassigned reference and verify replacement at claim level. Clarify geometry subtype versus optimization facet; add W7-X primary source. Separate demonstrated plasma configuration / fusion output / target gain / net electricity; attach metric and dated source.	https://www-pub.iaea.org/MTCD/Publications/PDF/Pub1562_web.pdf	2026-09-26
palladium-deuterium-electrochemical-lenr	Palladium-deuterium electrochemical LENR	claim-class-not-established-reactor	introductory-family-mapping; per-claim verification pending	html-response-not-fulltext-verified	Sources inherited from family group; applicability of each URL to this entry is not individually established. Claim class, not an established reactor architecture; assigned null/critical sources cannot validate claimed energy production.	Assign references per entry and per claim with page/section pointers. Keep contested label; pair exact claim with independent replication outcomes.		2026-09-26
pebble-bed-htgr	Pebble-bed HTGR	maturity-correction	introductory-family-mapping; per-claim verification pending	pdf-extracted | pdf-response-text-unavailable	Sources inherited from family group; applicability of each URL to this entry is not individually established. Commercial HTR-PM operation began December 2023; demonstrated-only understates deployment.	Assign references per entry and per claim with page/section pointers. Use deployed with commercial-demonstration qualification; do not infer broad fleet maturity.	https://www.inet.tsinghua.edu.cn/ineten/info/1024/1698.htm	2026-09-26
pem-fuel-cell	PEM fuel cell	plausible-provisional	introductory-family-mapping; per-claim verification pending	pdf-extracted	No specific error found in this introductory audit; scientific claims remain unverified.	Verify exact supporting passage and dated maturity evidence.		2026-09-26
pem-water-electrolyser	PEM water electrolyser	plausible-provisional	introductory-family-mapping; per-claim verification pending	http-error-or-access-barrier | pdf-extracted	Sources inherited from family group; applicability of each URL to this entry is not individually established. Broken source URL (HTTP 404): https://www.energy.gov/eere/fuelcells/technical-targets-water-electrolysis	Assign references per entry and per claim with page/section pointers. Replace moved URL with a current authoritative page.	https://www.energy.gov/sites/default/files/2024-12/hydrogen-shot-water-electrolysis-technology-assessment.pdf	2026-09-26
phosphoric-acid-fuel-cell	Phosphoric-acid fuel cell	plausible-provisional	introductory-family-mapping; per-claim verification pending	pdf-extracted	No specific error found in this introductory audit; scientific claims remain unverified.	Verify exact supporting passage and dated maturity evidence.		2026-09-26
photovoltaic-photothermal-artificial-photosynthesis	Photovoltaic-photothermal artificial photosynthesis	single-study-system	introductory-family-mapping; per-claim verification pending	html-response-not-fulltext-verified | request-failed	Entry kind is system integration; count overlaps architectures. Sources inherited from family group; applicability of each URL to this entry is not individually established. Label describes one integration study rather than a broadly standardized reactor family.	Retain explicit kind; do not sum as mutually exclusive reactor designs. Assign references per entry and per claim with page/section pointers. Keep as named system concept with study-specific evidence; avoid counting it as a general architecture.	https://arxiv.org/abs/2204.04971	2026-09-26
phwr-candu	PHWR / CANDU	plausible-provisional	introductory-family-mapping; per-claim verification pending	html-response-not-fulltext-verified | pdf-extracted	Sources inherited from family group; applicability of each URL to this entry is not individually established.	Assign references per entry and per claim with page/section pointers.		2026-09-26
plasma-catalytic-reactor	Plasma-catalytic reactor	plausible-provisional	introductory-family-mapping; per-claim verification pending	html-response-not-fulltext-verified | request-failed	Sources inherited from family group; applicability of each URL to this entry is not individually established.	Assign references per entry and per claim with page/section pointers.		2026-09-26
plasma-jet-driven-magneto-inertial-fusion	Plasma-jet-driven magneto-inertial fusion	plausible-provisional	introductory-family-mapping; per-claim verification pending	html-response-not-fulltext-verified | pdf-extracted	Sources inherited from family group; applicability of each URL to this entry is not individually established.	Assign references per entry and per claim with page/section pointers. Separate demonstrated plasma configuration / fusion output / target gain / net electricity; attach metric and dated source.		2026-09-26
plug-flow-anaerobic-digester	Plug-flow anaerobic digester	plausible-provisional	introductory-family-mapping; per-claim verification pending	pdf-extracted	No specific error found in this introductory audit; scientific claims remain unverified.	Verify exact supporting passage and dated maturity evidence.		2026-09-26
plug-flow-tubular-reactor	Plug-flow / tubular reactor	model-geometry-conflation	introductory-family-mapping; per-claim verification pending	html-response-not-fulltext-verified | http-error-or-access-barrier	Sources inherited from family group; applicability of each URL to this entry is not individually established. Access challenge is not substantive article content: https://websites.umich.edu/~elements/5e/asyLearn/bits.htm Ideal plug flow is a model; real tubular reactors may have axial dispersion.	Assign references per entry and per claim with page/section pointers. Separate ideal flow model from tubular geometry in metadata.		2026-09-26
polywell	Polywell	evidence-scope-review	introductory-family-mapping; per-claim verification pending	html-response-not-fulltext-verified	Sources inherited from family group; applicability of each URL to this entry is not individually established. Electron confinement in a magnetic cusp is not demonstration of an integrated net-energy Polywell reactor.	Assign references per entry and per claim with page/section pointers. Keep research; describe exactly the subsystem experimentally supported. Separate demonstrated plasma configuration / fusion output / target gain / net electricity; attach metric and dated source.	https://doi.org/10.1103/PhysRevX.5.021024	2026-09-26
pool-type-research-reactor	Pool-type research reactor	plausible-provisional	introductory-family-mapping; per-claim verification pending	not-retrieved-this-pass	Single IAEA introductory reference is shared across the whole research-reactor family; its applicability to the open-pool geometry specifically is not individually established. Geometry, coolant and moderator are recorded on one axis.	Cite the IAEA reference by section for the open-pool geometry, and add one named operating example (for instance an open-pool research reactor listed in RRDB) with a page pointer.		2026-09-29
prismatic-htgr	Prismatic HTGR	historical-maturity-facet	introductory-family-mapping; per-claim verification pending	pdf-extracted | pdf-response-text-unavailable	Sources inherited from family group; applicability of each URL to this entry is not individually established. Experimental and historical power demonstrations differ; present label obscures deployment history.	Assign references per entry and per claim with page/section pointers. Add named primary facility histories (e.g. Fort St Vrain) rather than infer current commercialization.		2026-09-26
pulsed-frc-compression	Pulsed FRC compression	plausible-provisional	introductory-family-mapping; per-claim verification pending	html-response-not-fulltext-verified | pdf-extracted	Sources inherited from family group; applicability of each URL to this entry is not individually established.	Assign references per entry and per claim with page/section pointers. Separate demonstrated plasma configuration / fusion output / target gain / net electricity; attach metric and dated source.		2026-09-26
pulsed-research-reactor	Pulsed research reactor	cross-cutting-facet	introductory-family-mapping; per-claim verification pending	not-retrieved-this-pass	Pulsing is an operating mode that applies across several geometries rather than a geometry of its own; the record already says operating mode, but it is counted alongside geometry entries.	Keep it as an operating mode, mark it explicitly as cross-cutting so it is not read as a separate architecture, and cite the prompt-negative-feedback fuel property the mode depends on.		2026-09-29
pwr	PWR	plausible-provisional	introductory-family-mapping; per-claim verification pending	pdf-extracted | pdf-response-text-unavailable	Sources inherited from family group; applicability of each URL to this entry is not individually established.	Assign references per entry and per claim with page/section pointers.		2026-09-26
pyroelectric-fusion-source	Pyroelectric fusion source	domain-facet	introductory-family-mapping; per-claim verification pending	html-response-not-fulltext-verified | pdf-extracted	Sources inherited from family group; applicability of each URL to this entry is not individually established. Externally accelerated beam-target neutron source is fusion, not inherently a hybrid reactor.	Assign references per entry and per claim with page/section pointers. Cross-list under beam-target fusion and retain no-net-energy scope.	https://www.nature.com/articles/nature03575	2026-09-26
rbmk-pressure-tube-reactor	RBMK pressure-tube reactor	plausible-provisional	introductory-family-mapping; per-claim verification pending	pdf-extracted | pdf-response-text-unavailable	Sources inherited from family group; applicability of each URL to this entry is not individually established.	Assign references per entry and per claim with page/section pointers.		2026-09-26
reversed-field-pinch	Reversed-field pinch	plausible-provisional	contains-confirmed-misassigned-work	pdf-extracted | request-failed	Sources inherited from family group; applicability of each URL to this entry is not individually established. Wrong work: Decommissioning of Particle Accelerators, not Fusion Physics.	Assign references per entry and per claim with page/section pointers. Remove misassigned reference and verify replacement at claim level. Separate demonstrated plasma configuration / fusion output / target gain / net electricity; attach metric and dated source.	https://www-pub.iaea.org/MTCD/Publications/PDF/Pub1562_web.pdf	2026-09-26
segmented-flow-reactor	Segmented-flow reactor	parent-correction	introductory-family-mapping; per-claim verification pending	html-response-not-fulltext-verified | http-error-or-access-barrier | pdf-extracted	Sources inherited from family group; applicability of each URL to this entry is not individually established. Access challenge is not substantive article content: https://websites.umich.edu/~elements/5e/asyLearn/bits.htm Segmented flow also occurs in meso/millimetre channels; it is not necessarily a microchannel subtype.	Assign references per entry and per claim with page/section pointers. Model multiphase-flow regime as a cross-cutting configuration with optional microchannel relationship.		2026-09-26
semi-batch-reactor	Semi-batch reactor	cross-cutting-facet	introductory-family-mapping; per-claim verification pending	html-response-not-fulltext-verified | http-error-or-access-barrier	Entry kind is operating mode; count overlaps architectures. Sources inherited from family group; applicability of each URL to this entry is not individually established. Access challenge is not substantive article content: https://websites.umich.edu/~elements/5e/asyLearn/bits.htm	Retain explicit kind; do not sum as mutually exclusive reactor designs. Assign references per entry and per claim with page/section pointers.		2026-09-26
sequencing-batch-reactor	Sequencing batch reactor	source-scope-review	misassigned: one of two sources documents a different technology	not-retrieved-this-pass	Carries exactly the same two URLs as the chemical-looping entry. The NETL chemical-looping reference does not support any sequencing-batch claim. Only the EPA factsheet is applicable.	Remove the NETL chemical-looping reference from this entry and keep the EPA sequencing-batch factsheet, cited by section for the fill, react, settle, decant and idle phases.		2026-09-29
sheared-flow-stabilised-z-pinch	Sheared-flow-stabilised Z-pinch	plausible-provisional	contains-confirmed-misassigned-work	html-response-not-fulltext-verified | pdf-extracted	Sources inherited from family group; applicability of each URL to this entry is not individually established. Wrong work: Decommissioning of Particle Accelerators, not Fusion Physics.	Assign references per entry and per claim with page/section pointers. Remove misassigned reference and verify replacement at claim level. Separate demonstrated plasma configuration / fusion output / target gain / net electricity; attach metric and dated source.	https://www-pub.iaea.org/MTCD/Publications/PDF/Pub1562_web.pdf	2026-09-26
shock-ignition-icf	Shock-ignition ICF	cross-cutting-facet	contains-confirmed-misassigned-work	html-response-not-fulltext-verified | pdf-extracted	Entry kind is ignition scheme; count overlaps architectures. Sources inherited from family group; applicability of each URL to this entry is not individually established. Wrong work: Decommissioning of Particle Accelerators, not Fusion Physics.	Retain explicit kind; do not sum as mutually exclusive reactor designs. Assign references per entry and per claim with page/section pointers. Remove misassigned reference and verify replacement at claim level. Separate demonstrated plasma configuration / fusion output / target gain / net electricity; attach metric and dated source.	https://www-pub.iaea.org/MTCD/Publications/PDF/Pub1562_web.pdf	2026-09-26
slurry-photocatalytic-reactor	Slurry photocatalytic reactor	plausible-provisional	introductory-family-mapping; per-claim verification pending	http-error-or-access-barrier	Access challenge is not substantive article content: https://doi.org/10.1021/acs.iecr.9b00381	Verify exact supporting passage and dated maturity evidence.		2026-09-26
slurry-stirred-tank-reactor	Slurry stirred-tank reactor	plausible-provisional	introductory-family-mapping; per-claim verification pending	html-response-not-fulltext-verified | http-error-or-access-barrier	Sources inherited from family group; applicability of each URL to this entry is not individually established. Access challenge is not substantive article content: https://websites.umich.edu/~elements/5e/asyLearn/bits.htm	Assign references per entry and per claim with page/section pointers.		2026-09-26
sodium-fast-reactor	Sodium fast reactor	maturity-correction	introductory-family-mapping; per-claim verification pending	html-response-not-fulltext-verified | pdf-response-text-unavailable	Sources inherited from family group; applicability of each URL to this entry is not individually established. IAEA reports operating sodium fast reactors; demonstrated-only understates power-reactor deployment.	Assign references per entry and per claim with page/section pointers. Use deployed for the architecture; distinguish historical prototypes and individual designs.	https://www.iaea.org/sites/default/files/gc/gc68-inf-4.pdf	2026-09-26
solar-thermochemical-redox-reactor	Solar thermochemical redox reactor	plausible-provisional	introductory-family-mapping; per-claim verification pending	html-response-not-fulltext-verified | request-failed	Sources inherited from family group; applicability of each URL to this entry is not individually established.	Assign references per entry and per claim with page/section pointers.		2026-09-26
solid-core-nuclear-thermal-rocket	Solid-core nuclear thermal rocket	domain-correction	introductory-family-mapping; per-claim verification pending	html-response-not-fulltext-verified	Entry kind is application architecture; count overlaps architectures. Sources inherited from family group; applicability of each URL to this entry is not individually established. Fission rocket is an application of a fission reactor; propulsion alone is not hybrid physics.	Retain explicit kind; do not sum as mutually exclusive reactor designs. Assign references per entry and per claim with page/section pointers. Primary domain fission, application propulsion; retain ground-test versus flight distinction.	https://ntrs.nasa.gov/citations/19920005899	2026-09-26
solid-liner-magnetised-target-fusion	Solid-liner magnetised-target fusion	plausible-provisional	introductory-family-mapping; per-claim verification pending	html-response-not-fulltext-verified | pdf-extracted	Sources inherited from family group; applicability of each URL to this entry is not individually established.	Assign references per entry and per claim with page/section pointers. Separate demonstrated plasma configuration / fusion output / target gain / net electricity; attach metric and dated source.		2026-09-26
solid-oxide-electrolyser	Solid-oxide electrolyser	maturity-review	introductory-family-mapping; per-claim verification pending	http-error-or-access-barrier | pdf-extracted	Sources inherited from family group; applicability of each URL to this entry is not individually established. Broken source URL (HTTP 404): https://www.energy.gov/eere/fuelcells/technical-targets-water-electrolysis Demonstrated label needs explicit scale/date; source link is broken and fuel-cell handbook is not electrolyser deployment evidence.	Assign references per entry and per claim with page/section pointers. Replace moved URL with a current authoritative page. Use updated DOE assessment and dated deployment source; do not infer electrolysis maturity from fuel cells.	https://www.energy.gov/sites/default/files/2024-12/hydrogen-shot-water-electrolysis-technology-assessment.pdf	2026-09-26
solid-oxide-fuel-cell	Solid-oxide fuel cell	plausible-provisional	introductory-family-mapping; per-claim verification pending	pdf-extracted	No specific error found in this introductory audit; scientific claims remain unverified.	Verify exact supporting passage and dated maturity evidence.		2026-09-26
solution-polymerisation-reactor	Solution polymerisation reactor	cross-cutting-facet	introductory-family-mapping; per-claim verification pending	html-response-not-fulltext-verified	Entry kind is process class; count overlaps architectures.	Retain explicit kind; do not sum as mutually exclusive reactor designs.		2026-09-26
spherical-tokamak	Spherical tokamak	plausible-provisional	contains-confirmed-misassigned-work	pdf-extracted | request-failed	Sources inherited from family group; applicability of each URL to this entry is not individually established. Wrong work: Decommissioning of Particle Accelerators, not Fusion Physics.	Assign references per entry and per claim with page/section pointers. Remove misassigned reference and verify replacement at claim level. Separate demonstrated plasma configuration / fusion output / target gain / net electricity; attach metric and dated source.	https://www-pub.iaea.org/MTCD/Publications/PDF/Pub1562_web.pdf	2026-09-26
spheromak	Spheromak	plausible-provisional	contains-confirmed-misassigned-work	html-response-not-fulltext-verified | pdf-extracted	Sources inherited from family group; applicability of each URL to this entry is not individually established. Wrong work: Decommissioning of Particle Accelerators, not Fusion Physics. Wrong work: particle pinch velocity in compact helical system CHS, not spheromak/FRC. Access challenge is not substantive article content: https://doi.org/10.1088/0741-3335/36/7/001	Assign references per entry and per claim with page/section pointers. Remove misassigned reference and verify replacement at claim level. Separate demonstrated plasma configuration / fusion output / target gain / net electricity; attach metric and dated source.	https://www-pub.iaea.org/MTCD/Publications/PDF/Pub1562_web.pdf | https://str.llnl.gov/sites/str/files/2024-04/1999.12.pdf	2026-09-26
standing-wave-breed-and-burn-reactor	Standing-wave breed-and-burn reactor	subtype-source-review	introductory-family-mapping; per-claim verification pending	html-response-not-fulltext-verified	TWR design article may discuss stationary burning wave; per-entry support not inspected.	Verify exact stationary-wave passage and distinguish fuel-management scheme from separate architecture.		2026-09-26
stellarator	Stellarator	plausible-provisional	contains-confirmed-misassigned-work	html-response-not-fulltext-verified | pdf-extracted	Sources inherited from family group; applicability of each URL to this entry is not individually established. Wrong work: Decommissioning of Particle Accelerators, not Fusion Physics.	Assign references per entry and per claim with page/section pointers. Remove misassigned reference and verify replacement at claim level. Separate demonstrated plasma configuration / fusion output / target gain / net electricity; attach metric and dated source.	https://www-pub.iaea.org/MTCD/Publications/PDF/Pub1562_web.pdf	2026-09-26
stirred-tank-fermenter	Stirred-tank fermenter	plausible-provisional	introductory-family-mapping; per-claim verification pending	html-response-not-fulltext-verified	Sources inherited from family group; applicability of each URL to this entry is not individually established. Fermentation scale-up review is relevant background but not direct evidence for all fed-batch, chemostat and perfusion subtype claims.	Assign references per entry and per claim with page/section pointers. Add mode-specific textbooks or primary perfusion/chemostat references.		2026-09-26
subcritical-assembly	Subcritical assembly	plausible-provisional	introductory-family-mapping; per-claim verification pending	not-retrieved-this-pass	Split from the former combined entry on 2026-09-29. A subcritical assembly cannot sustain a chain reaction and is driven by an external neutron source throughout operation; merging it with critical assemblies obscured that boundary. Its source remains the family-level IAEA reference.	Cite the IAEA reference by section for source-driven subcritical assemblies, and record the multiplication factor condition and the driving source type the configuration depends on.		2026-09-29
supercritical-water-gasification-reactor	Supercritical-water gasification reactor	plausible-provisional	introductory-family-mapping; per-claim verification pending	html-response-not-fulltext-verified | pdf-extracted | request-failed	Sources inherited from family group; applicability of each URL to this entry is not individually established.	Assign references per entry and per claim with page/section pointers.		2026-09-26
supercritical-water-reactor	Supercritical-water reactor	plausible-provisional	introductory-family-mapping; per-claim verification pending	html-response-not-fulltext-verified | pdf-response-text-unavailable	Sources inherited from family group; applicability of each URL to this entry is not individually established.	Assign references per entry and per claim with page/section pointers.		2026-09-26
suspension-polymerisation-reactor	Suspension polymerisation reactor	cross-cutting-facet	introductory-family-mapping; per-claim verification pending	html-response-not-fulltext-verified	Entry kind is process class; count overlaps architectures.	Retain explicit kind; do not sum as mutually exclusive reactor designs.		2026-09-26
tandem-mirror	Tandem mirror	plausible-provisional	contains-confirmed-misassigned-work	pdf-extracted	Sources inherited from family group; applicability of each URL to this entry is not individually established. Wrong work: Decommissioning of Particle Accelerators, not Fusion Physics.	Assign references per entry and per claim with page/section pointers. Remove misassigned reference and verify replacement at claim level. Separate demonstrated plasma configuration / fusion output / target gain / net electricity; attach metric and dated source.	https://www-pub.iaea.org/MTCD/Publications/PDF/Pub1562_web.pdf	2026-09-26
tank-in-pool-research-reactor	Tank-in-pool research reactor	overlap-facet	introductory-family-mapping; per-claim verification pending	not-retrieved-this-pass	This is a combination of the pool and tank geometries rather than an independent architecture. Counting it beside both parents inflates an apparent count of distinct principles.	Record it as a configuration of the pool and tank entries via parent_id, and state in evidence_scope that it is a combination, not a third independent geometry.		2026-09-29
tank-type-research-reactor	Tank-type research reactor	plausible-provisional	introductory-family-mapping; per-claim verification pending	not-retrieved-this-pass	Shares one family-level source with the pool and tank-in-pool entries. The distinction from the pool geometry rests on containment and pressure boundary, which the record does not state.	State the containment and coolant-boundary difference from the open-pool entry explicitly, and cite it per claim.		2026-09-29
thermal-liquid-fuel-molten-salt-reactor	Thermal liquid-fuel molten-salt reactor	plausible-provisional	introductory-family-mapping; per-claim verification pending	html-response-not-fulltext-verified | http-error-or-access-barrier	Sources inherited from family group; applicability of each URL to this entry is not individually established. Access challenge is not substantive article content: https://doi.org/10.13182/NT15-124	Assign references per entry and per claim with page/section pointers.		2026-09-26
thermal-plasma-arc-reactor	Thermal plasma / arc reactor	source-scope-review	introductory-family-mapping; per-claim verification pending	html-response-not-fulltext-verified	Assigned plasma review explicitly addresses non-thermal plasma; thermal-arc deployment is a different scope.	Add thermal-plasma process/facility source; qualify application-specific maturity.		2026-09-26
theta-pinch	Theta pinch	plausible-provisional	contains-confirmed-misassigned-work	html-response-not-fulltext-verified | pdf-extracted	Sources inherited from family group; applicability of each URL to this entry is not individually established. Wrong work: Decommissioning of Particle Accelerators, not Fusion Physics.	Assign references per entry and per claim with page/section pointers. Remove misassigned reference and verify replacement at claim level. Separate demonstrated plasma configuration / fusion output / target gain / net electricity; attach metric and dated source.	https://www-pub.iaea.org/MTCD/Publications/PDF/Pub1562_web.pdf	2026-09-26
tokamak	Tokamak	plausible-provisional	contains-confirmed-misassigned-work	pdf-extracted | request-failed	Sources inherited from family group; applicability of each URL to this entry is not individually established. Wrong work: Decommissioning of Particle Accelerators, not Fusion Physics.	Assign references per entry and per claim with page/section pointers. Remove misassigned reference and verify replacement at claim level. Separate demonstrated plasma configuration / fusion output / target gain / net electricity; attach metric and dated source.	https://www-pub.iaea.org/MTCD/Publications/PDF/Pub1562_web.pdf	2026-09-26
traveling-wave-reactor	Traveling-wave reactor	plausible-provisional	introductory-family-mapping; per-claim verification pending	html-response-not-fulltext-verified	No specific error found in this introductory audit; scientific claims remain unverified.	Verify exact supporting passage and dated maturity evidence.		2026-09-26
trickle-bed-reactor	Trickle-bed reactor	plausible-provisional	introductory-family-mapping; per-claim verification pending	html-response-not-fulltext-verified | http-error-or-access-barrier	Sources inherited from family group; applicability of each URL to this entry is not individually established. Access challenge is not substantive article content: https://websites.umich.edu/~elements/5e/asyLearn/bits.htm	Assign references per entry and per claim with page/section pointers.		2026-09-26
upflow-anaerobic-sludge-blanket-reactor	Upflow anaerobic sludge-blanket reactor	plausible-provisional	introductory-family-mapping; per-claim verification pending	not-retrieved-this-pass	Sources are shared with the fixed-film entry. The EPA AgSTAR handbook addresses farm-based digesters, whereas the upflow sludge-blanket configuration is principally an industrial wastewater technology, so applicability is inherited rather than established.	Cite a source that addresses the sludge-blanket configuration directly, and state the granular-sludge and upflow-velocity conditions the configuration depends on.		2026-09-29
very-high-temperature-reactor-vhtr	Very-high-temperature reactor (VHTR)	overlap-facet	introductory-family-mapping; per-claim verification pending	html-response-not-fulltext-verified | pdf-response-text-unavailable	Entry kind is development class; count overlaps architectures. Sources inherited from family group; applicability of each URL to this entry is not individually established. VHTR is explicitly a development class overlapping prismatic/pebble-bed HTGR.	Retain explicit kind; do not sum as mutually exclusive reactor designs. Assign references per entry and per claim with page/section pointers. Keep as performance/development facet linked to HTGR, not an additive unique architecture.		2026-09-26
z-pinch	Z-pinch	plausible-provisional	contains-confirmed-misassigned-work	html-response-not-fulltext-verified | pdf-extracted	Sources inherited from family group; applicability of each URL to this entry is not individually established. Wrong work: Decommissioning of Particle Accelerators, not Fusion Physics.	Assign references per entry and per claim with page/section pointers. Remove misassigned reference and verify replacement at claim level. Separate demonstrated plasma configuration / fusion output / target gain / net electricity; attach metric and dated source.	https://www-pub.iaea.org/MTCD/Publications/PDF/Pub1562_web.pdf	2026-09-26
z-pinch-driven-indirect-icf	Z-pinch-driven indirect ICF	plausible-provisional	contains-confirmed-misassigned-work	http-error-or-access-barrier	Sources inherited from family group; applicability of each URL to this entry is not individually established. Wrong work: long-time tails and transport/self-organized criticality, not Z-pinch ICF. Access challenge is not substantive article content: https://doi.org/10.1063/1.873677 Access challenge is not substantive article content: https://doi.org/10.1063/5.0206222	Assign references per entry and per claim with page/section pointers. Remove misassigned reference and verify replacement at claim level. Separate demonstrated plasma configuration / fusion output / target gain / net electricity; attach metric and dated source.	https://www.sandia.gov/research/publications/details/dynamics-of-a-z-pinch-x-ray-source-for-heating-icf-relevant-hohlraums-to-12-2000-07-10/	2026-09-26
