url	status	final_url	content_type	title	registered_title	doi_registered	access	checked_date	error
https://arxiv.org/abs/1803.03323	200	https://arxiv.org/abs/1803.03323	text/html; charset=utf-8	[1803.03323] Magnetized Plasma Target for Plasma-Jet-Driven Magneto-Inertial Fusion			html-response-not-fulltext-verified	2026-09-26	
https://arxiv.org/abs/1901.09466	200	https://arxiv.org/abs/1901.09466	text/html; charset=utf-8	[1901.09466] Supercritical Water Gasification: Practical Design Strategies and Operational Challenges for Lab-Scale, Continuous Flow Reactors			html-response-not-fulltext-verified	2026-09-26	
https://arxiv.org/abs/2204.04971	200	https://arxiv.org/abs/2204.04971	text/html; charset=utf-8	[2204.04971] A new artificial photosynthetic system coupling photovoltaic electrocatalysis with photothermal catalysis			html-response-not-fulltext-verified	2026-09-26	
https://callisto.report/	200	https://callisto.report/	text/html	Project Callisto			html-response-not-fulltext-verified	2026-09-26	
https://doi.org/10.1007/s10894-023-00345-z	200	https://link.springer.com/article/10.1007/s10894-023-00345-z	text/html; charset=utf-8	Focus Fusion: Overview of Progress Towards p-B11 Fusion with the Dense Plasma Focus | Journal of Fusion Energy | Springer Nature Link	Focus Fusion: Overview of Progress Towards p-B11 Fusion with the Dense Plasma Focus	True	html-response-not-fulltext-verified	2026-09-26	
https://doi.org/10.1016/0009-2509(96)00024-3	200	https://linkinghub.elsevier.com/retrieve/pii/0009250996000243	text/html;charset=UTF-8	Redirecting	Polymerization reactor modeling: A review of recent developments and future directions	True	html-response-not-fulltext-verified	2026-09-26	
https://doi.org/10.1016/0375-9474(92)90412-D	200	https://linkinghub.elsevier.com/retrieve/pii/037594749290412D	text/html;charset=UTF-8	Redirecting	Progress in muon catalyzed fusion	True	html-response-not-fulltext-verified	2026-09-26	
https://doi.org/10.1016/J.ENG.2016.01.024	200	https://linkinghub.elsevier.com/retrieve/pii/S2095809916301527	text/html;charset=UTF-8	Redirecting	The Traveling Wave Reactor: Design and Development	True	html-response-not-fulltext-verified	2026-09-26	
https://doi.org/10.1016/j.actaastro.2014.08.008	200	https://linkinghub.elsevier.com/retrieve/pii/S0094576514003154	text/html;charset=UTF-8	Redirecting	A direct fusion drive for rocket propulsion	True	html-response-not-fulltext-verified	2026-09-26	
https://doi.org/10.1016/j.cjche.2020.12.004	200	https://linkinghub.elsevier.com/retrieve/pii/S1004954120306984	text/html;charset=UTF-8	Redirecting	Understanding the scale-up of fermentation processes from the viewpoint of the flow field in bioreactors and the physiological response of strains	True	html-response-not-fulltext-verified	2026-09-26	
https://doi.org/10.1016/j.eng.2021.03.002	200	https://linkinghub.elsevier.com/retrieve/pii/S2095809921001144	text/html;charset=UTF-8	Redirecting	Process Intensification in Pneumatically Agitated Slurry Reactors	True	html-response-not-fulltext-verified	2026-09-26	
https://doi.org/10.1016/j.enzmictec.2016.09.002	200	https://linkinghub.elsevier.com/retrieve/pii/S0141022916301752	text/html;charset=UTF-8	Redirecting	Microbial bioelectrosynthesis of hydrogen: Current challenges and scale-up	True	html-response-not-fulltext-verified	2026-09-26	
https://doi.org/10.1016/j.fusengdes.2006.07.002	200	https://linkinghub.elsevier.com/retrieve/pii/S0920379606001876	text/html;charset=UTF-8	Redirecting	Design and initial operation of the LDX facility	True	html-response-not-fulltext-verified	2026-09-26	
https://doi.org/10.1016/j.gerr.2023.100004	200	https://linkinghub.elsevier.com/retrieve/pii/S2949720523000012	text/html;charset=UTF-8	Redirecting	Application-oriented non-thermal plasma in chemical reaction engineering: A review	True	html-response-not-fulltext-verified	2026-09-26	
https://doi.org/10.1016/j.joule.2022.06.012	200	https://linkinghub.elsevier.com/retrieve/pii/S2542435122002860	text/html;charset=UTF-8	Redirecting	A solar tower fuel plant for the thermochemical production of kerosene from H2O and CO2	True	html-response-not-fulltext-verified	2026-09-26	
https://doi.org/10.1021/acs.iecr.9b00381	403	https://pubs.acs.org/iecred/article/58/14/5349/853260/Photocatalytic-Reactor-Design-Guidelines-for	text/html; charset=UTF-8	Just a moment...	"Photocatalytic Reactor Design: Guidelines for Kinetic
Investigation"	True	http-error-or-access-barrier	2026-09-26	
https://doi.org/10.1038/s41586-019-1256-6	200	https://www.nature.com/articles/s41586-019-1256-6	text/html; charset=utf-8	Revisiting the cold case of cold fusion | Nature	Revisiting the cold case of cold fusion	True	html-response-not-fulltext-verified	2026-09-26	
https://doi.org/10.1038/s41586-025-09042-7	200	https://www.nature.com/articles/s41586-025-09042-7	text/html; charset=utf-8	Electrochemical loading enhances deuterium fusion rates in a metal target | Nature	Electrochemical loading enhances deuterium fusion rates in a metal target	True	html-response-not-fulltext-verified	2026-09-26	
https://doi.org/10.1039/D1RA08487A	403	https://pubs.rsc.org/ra/article/12/10/5749-5764/745025	text/html; charset=UTF-8	Just a moment...		False	http-error-or-access-barrier	2026-09-26	
https://doi.org/10.1063/1.873677	403	https://pubs.aip.org/pop/article/6/10/3731/464011/Long-time-tails-do-not-necessarily-imply-self	text/html; charset=UTF-8	Just a moment...		False	http-error-or-access-barrier	2026-09-26	
https://doi.org/10.1063/5.0206222	403	https://pubs.aip.org/pop/article/31/8/082710/3309673/Mining-experimental-magnetized-liner-inertial	text/html; charset=UTF-8	Just a moment...	Mining experimental magnetized liner inertial fusion data: Trends in stagnation morphology	True	http-error-or-access-barrier	2026-09-26	
https://doi.org/10.1088/0741-3335/36/7/001	200	https://validate.perfdrive.com/fb803c746e9148689b3984a31fccd902/?ssa=13dad3ea-ce22-4ff8-95a7-0434ce4307fa&ssb=31295207478&ssc=https%3A%2F%2Fiopscience.iop.org%2Farticle%2F10.1088%2F0741-3335%2F36%2F7%2F001&ssi=51c3288a-cnvj-41f2-8885-193ffdbd479b&ssk=botmanager_support@radware.com&ssm=58217498987140503103076597021782&ssn=47f0dc315e02b7e5654d99aaac0bc38cfef9f061ee3e-19b1-48e2-8546a9&sso=399ff42d-da532a7d6bac69caca3aec6f7db74f7c0e39ec8d2a5b16e4&ssp=75069478161790452363179048242562372&ssq=32664674549969649082345499583070251007046&ssr=MzEuMTAuMTI4LjIzOA==&sst=ReactorAtlas-ResearchAudit/1.0&ssu=&ssv=&ssw=&ssx=eyJ1em14IjoiN2ZjMDAwYmM0YmNmZTItMzZhYS00MzBlLTg5MDQtOTAyMmE3ZjgxMWE4MS0xNzkwNDQ1NDk5OTMxMC0wMDY5ZTQ1OGUyZWU3OTFiYzkxMTAiLCJfX3V6bWYiOiI3ZjkwMDBmMDYxZWUzZS0xOWIxLTQ4ZTItODQyZC1kYTUzMmE3ZDZiYWMxLTE3OTA0NDU0OTk5MzEwLTAwNWZhMjY4ZDI4NzJhY2Y2NGYxMCIsInJkIjoiaW9wLm9yZyJ9	text/html; charset=UTF-8	Radware Bot Manager Captcha	The effect of magnetic field configuration on particle pinch velocity in compact helical system (CHS)	True	html-response-not-fulltext-verified	2026-09-26	
https://doi.org/10.1103/PhysRevLett.89.104302	200	https://journals.aps.org/prl/abstract/10.1103/PhysRevLett.89.104302	text/html;charset=utf-8	Nuclear Fusion in Collapsing Bubbles---Is It There? An Attempt to Repeat the Observation of Nuclear Emissions from Sonoluminescence | Phys. Rev. Lett.	Nuclear Fusion in Collapsing Bubbles—Is It There? An Attempt to Repeat the Observation of Nuclear Emissions from Sonoluminescence	True	html-response-not-fulltext-verified	2026-09-26	
https://doi.org/10.1103/PhysRevX.5.021024	200	https://journals.aps.org/prx/abstract/10.1103/PhysRevX.5.021024	text/html;charset=utf-8	High-Energy Electron Confinement in a Magnetic Cusp Configuration | Phys. Rev. X	High-Energy Electron Confinement in a Magnetic Cusp Configuration	True	html-response-not-fulltext-verified	2026-09-26	
https://doi.org/10.1146/annurev.nucl.48.1.505	403	https://www.annualreviews.org/doi/10.1146/annurev.nucl.48.1.505	text/html; charset=UTF-8	Just a moment...	ACCELERATOR-DRIVEN SYSTEMS FOR NUCLEAR WASTE TRANSMUTATION	True	http-error-or-access-barrier	2026-09-26	
https://doi.org/10.13182/NT15-124	403	https://www.tandfonline.com/doi/full/10.13182/NT15-124	text/html; charset=UTF-8	Just a moment...	Liquid Fuel Molten Salt Reactors for Thorium Utilization	True	http-error-or-access-barrier	2026-09-26	
https://doi.org/10.2172/1333006							request-failed	2026-09-26	HTTPSConnectionPool(host='www.osti.gov', port=443): Max retries exceeded with url: /biblio/1333006 (Caused by ConnectTimeoutError(<urllib3.connection.HTTPSConnection object at 0x703a5081a900>, 'Connec
https://doi.org/10.2184/lsj.46.10_589	200	https://www.jstage.jst.go.jp/article/lsj/46/10/46_589/_article/-char/ja/	text/html;charset=utf-8	慣性静電閉じ込め核融合中性子源の開発動向	Recent Progress on Inertial Electrostatic Confinement Fusion Neutron Sources; 慣性静電閉じ込め核融合中性子源の開発動向	True	html-response-not-fulltext-verified	2026-09-26	
https://library.psfc.mit.edu/catalog/online_pubs/iap/iap2012/freidberg.pdf							request-failed	2026-09-26	HTTPSConnectionPool(host='library.psfc.mit.edu', port=443): Max retries exceeded with url: /catalog/online_pubs/iap/iap2012/freidberg.pdf (Caused by SSLError(SSLCertVerificationError(1, '[SSL: CERTIFI
https://mdpi-res.com/bookfiles/book/1347/Membrane_and_Membrane_Reactors_Operations_in_Chemical_Engineering.pdf	200	https://mdpi-res.com/bookfiles/book/1347/Membrane_and_Membrane_Reactors_Operations_in_Chemical_Engineering.pdf	application/pdf	chemengineering Membrane and Membrane Reactors Operations in Chemical Engineering Edited by Adolfo Iulianelli Printed Edition of the Special Issue Published in ChemEngineering www.mdpi.com/journal/chemengineering Membrane and Membrane Reactors Operations in Chemical Engineering Membrane and Membrane Reactors Operations in Chemical Engineering Special Issue Editor Adolfo Iulianelli MDPI • Basel • Beijing • Wuhan • Barcelona • Belgrade Special Issue Editor Adolfo Iulianelli University of Calabria Italy Editorial Ofﬁce MDPI St. Alban-Anlage 66 4052 Basel, Switzerland This is a reprint of articles from the Special Issue published online in the open access journal ChemEngineering (ISSN 2305-7084)			pdf-extracted	2026-09-26	
https://netl.doe.gov/sites/default/files/netl-file/24FECM_GAS_Wagner.pdf	200	https://netl.doe.gov/sites/default/files/netl-file/24FECM_GAS_Wagner.pdf	application/pdf	Advancing Entrained-Flow Gasification of Waste Materials and Biomass for Hydrogen Production DE-FE0032175 Salt Lake City, UT Tonawanda, NY Ottawa, Ontario David R. Wagner The University of Utah 2024 FECM/NETL Spring R&D Project Review Meeting 23-25 April 2024, Pittsburgh, PA This presentation does not contain any proprietary, confidential, or otherwise restricted information. Background – FOA and Gasification  FOA AOI 2A: Clean Hydrogen from High-Volume Waste Materials and Biomass  Legacy coal waste: Coal gasification technology is well-developed • •  Biomass: Fewer and much smaller gasifiers • • • •  Over 500 gasifiers worldwide producing more than 2,000 MW of syngas Nearly all O2-blown			pdf-extracted	2026-09-26	
https://netl.doe.gov/sites/default/files/netl-file/FCHandbook7.pdf	200	https://netl.doe.gov/sites/default/files/netl-file/FCHandbook7.pdf	application/pdf	Fuel Cell Handbook (Seventh Edition) By EG&G Technical Services, Inc. Under Contract No. DE-AM26-99FT40575 U.S. Department of Energy Office of Fossil Energy National Energy Technology Laboratory P.O. Box 880 Morgantown, West Virginia 26507-0880 November 2004 DISCLAIMER This report was prepared as an account of work sponsored by an agency of the United States Government. Neither the United States Government nor any agency thereof, nor any of their employees, makes any warranty, express or implied, or assumes any legal liability or responsibility for the accuracy, completeness, or usefulness of any information, apparatus, product, or process disclosed, or represents that its use would not infr			pdf-extracted	2026-09-26	
https://ntrs.nasa.gov/api/citations/20205006546/downloads/LCF%20Workshop%20-%20May%2021%202020%20-%20Final%20Public.pdf	200	https://ntrs.nasa.gov/api/citations/20205006546/downloads/LCF%20Workshop%20-%20May%2021%202020%20-%20Final%20Public.pdf	application/pdf	NASA GRC Hosts Lattice Confinement Fusion Virtual Workshop Theresa L. Benyo1, Lawrence P. Forsley2, Leonard Dudzinski3, and Matthew J. Forsbacka3 1 National Aeronautics and Space Administration, Glenn Research Center, Cleveland, Ohio, 44135 2 JWK Corporation, Annandale, Virginia 22003 3 National Aeronautics and Space Administration, Headquarters, Washington, DC, 20546 Executive Summary Since 2014, the Advanced Energy Conversion (AEC) Project has examined novel nuclear reactions in materials that absorb large quantities of deuterium fuel tightly held in a lattice. These experiments culminated in a bremsstrahlung irradiation campaign that repeatedly induced nuclear reactions in deuterated meta			pdf-extracted	2026-09-26	
https://ntrs.nasa.gov/citations/19920005899	200	https://ntrs.nasa.gov/citations/19920005899	text/html; charset=utf-8	Rover nuclear rocket engine program: Overview of rover engine tests - NASA Technical Reports Server (NTRS)			html-response-not-fulltext-verified	2026-09-26	
https://ntrs.nasa.gov/citations/19950002761	200	https://ntrs.nasa.gov/citations/19950002761	text/html; charset=utf-8	Antiproton catalyzed microfission/fusion propulsion - NASA Technical Reports Server (NTRS)			html-response-not-fulltext-verified	2026-09-26	
https://ntrs.nasa.gov/citations/20150002578	200	https://ntrs.nasa.gov/citations/20150002578	text/html; charset=utf-8	Studies of Fission Fragment Rocket Engine Propelled Spacecraft - NASA Technical Reports Server (NTRS)			html-response-not-fulltext-verified	2026-09-26	
https://ocw.mit.edu/courses/10-37-chemical-and-biological-reaction-engineering-spring-2007/pages/lecture-notes/	200	https://ocw.mit.edu/courses/10-37-chemical-and-biological-reaction-engineering-spring-2007/pages/lecture-notes/	text/html	Lecture Notes | Chemical and Biological Reaction Engineering | Chemical Engineering | MIT OpenCourseWare			html-response-not-fulltext-verified	2026-09-26	
https://pmc.ncbi.nlm.nih.gov/articles/PMC11434323/	200	https://pmc.ncbi.nlm.nih.gov/articles/PMC11434323/	text/html; charset=utf-8	Democratizing Microreactor Technology for Accelerated Discoveries in Chemistry and Materials Research - PMC			html-response-not-fulltext-verified	2026-09-26	
https://science.osti.gov/-/media/fes/pdf/workshop-reports/Ff_hybrid_report_final.pdf	200	https://science.osti.gov/-/media/fes/pdf/workshop-reports/Ff_hybrid_report_final.pdf	application/pdf	Research Needs for Fusion-Fission Hybrid Systems Report of the Research Needs Workshop (ReNeW) Gaithersburg, Maryland Sept 30 – Oct 2, 2009 Disclaimer This report was prepared as an account of work sponsored by agencies of the United States government. Neither the United States government nor any agency thereof, any of their employees, any of their contractors and contractors’ employees, or subcontractors or subcontractors’ employees, makes any warranty, express or implied, or assumes any legal liability or responsibility for the accuracy, completeness, or any third party's use of the results of such use of any information, apparatus, product, or process disclosed, or represents that its use			pdf-extracted	2026-09-26	
https://str.llnl.gov/sites/str/files/2024-04/1999.12.pdf	200	https://str.llnl.gov/sites/str/files/2024-04/1999.12.pdf	application/pdf	Lawrence Livermore scientists and engineers are using their modeling expertise to help design more efficient engines and formulate cleaner fuels. Their work contributes to energy resource conservation and to abatement of carbon dioxide emissions that contribute to global warming. One of their projects involves the engine shown on the cover, a cross between a spark-ignition and diesel engine called the Homogeneous Charge Compression Ignition (HCCI) concept. The article beginning on p. 4 describes how modeling is being used to determine control of the HCCI’s ignition timing, the key to its effectiveness, efficiency, and marketability. About the Review Lawrence Livermore National Laboratory is 			pdf-extracted	2026-09-26	
https://unene.ca/resources/the-essential-candu/	200	https://unene.ca/resources/the-essential-candu/	text/html; charset=UTF-8	The Essential CANDU | UNENE			html-response-not-fulltext-verified	2026-09-26	
https://websites.umich.edu/~elements/5e/asyLearn/bits.htm	403	https://websites.umich.edu/~elements/5e/asyLearn/bits.htm	text/html; charset=UTF-8	Just a moment...			http-error-or-access-barrier	2026-09-26	
https://www-lhd.nifs.ac.jp/pub/LHD_Project_en.html	200	https://www-lhd.nifs.ac.jp/pub/LHD_Project_en.html	text/html; charset=UTF-8	Academic Research Platform LHD / National Institute for Fusion Science			html-response-not-fulltext-verified	2026-09-26	
https://www-pub.iaea.org/MTCD/Publications/PDF/Pub1562_web.pdf	200	https://www-pub.iaea.org/MTCD/Publications/PDF/Pub1562_web.pdf	application/pdf				pdf-response-text-unavailable	2026-09-26	
https://www-pub.iaea.org/MTCD/Publications/PDF/Pub1596_web.pdf	200	https://www-pub.iaea.org/MTCD/Publications/PDF/Pub1596_web.pdf	application/pdf	IAEA Nuclear Energy Series No. NW-T-2.4 IAEA Nuclear Energy Series Cost Estimation for Research Reactor Decommissioning No. NW-T-2.4 Basic Principles Objectives Cost Estimation for Research Reactor Decommissioning Guides Technical Reports INTERNATIONAL ATOMIC ENERGY AGENCY VIENNA ISBN 978–92–0–140210–3 ISSN 1995–7807 13-40321_P1596_cover.indd 1,3 2013-12-17 10:22:40 IAEA NUCLEAR ENERGY SERIES PUBLICATIONS STRUCTURE OF THE IAEA NUCLEAR ENERGY SERIES Under the terms of Articles III.A and VIII.C of its Statute, the IAEA is authorized to foster the exchange of scientific and technical information on the peaceful uses of atomic energy. The publications in the IAEA Nuclear Energy Series provide in			pdf-extracted	2026-09-26	
https://www-pub.iaea.org/MTCD/Publications/PDF/Pub1854_web.pdf	200	https://www-pub.iaea.org/MTCD/Publications/PDF/Pub1854_web.pdf	application/pdf	IAEA Nuclear Energy Series No. NW-T-2.9 Basic Principles Objectives Guides Technical Reports @ Decommissioning of Particle Accelerators IAEA NUCLEAR ENERGY SERIES PUBLICATIONS STRUCTURE OF THE IAEA NUCLEAR ENERGY SERIES Under the terms of Articles III.A.3 and VIII.C of its Statute, the IAEA is authorized to “foster the exchange of scientific and technical information on the peaceful uses of atomic energy”. The publications in the IAEA Nuclear Energy Series present good practices and advances in technology, as well as practical examples and experience in the areas of nuclear reactors, the nuclear fuel cycle, radioactive waste management and decommissioning, and on general issues relevant to n			pdf-extracted	2026-09-26	
https://www-pub.iaea.org/MTCD/Publications/PDF/TE-1997web.pdf	200	https://www-pub.iaea.org/MTCD/Publications/PDF/TE-1997web.pdf	application/pdf	IAEA-TECDOC-1997 IAEA-TECDOC-1997 IAEA TECDOC SERIES Alternative Commercialization Pathways for Fusion Energy Systems IAEA-TECDOC-1997 Alternative Commercialization Pathways for Fusion Energy Systems Proceedings of a Workshop International Atomic Energy Agency Vienna @ ALTERNATIVE COMMERCIALIZATION PATHWAYS FOR FUSION ENERGY SYSTEMS The following States are Members of the International Atomic Energy Agency: AFGHANISTAN ALBANIA ALGERIA ANGOLA ANTIGUA AND BARBUDA ARGENTINA ARMENIA AUSTRALIA AUSTRIA AZERBAIJAN BAHAMAS BAHRAIN BANGLADESH BARBADOS BELARUS BELGIUM BELIZE BENIN BOLIVIA, PLURINATIONAL STATE OF BOSNIA AND HERZEGOVINA BOTSWANA BRAZIL BRUNEI DARUSSALAM BULGARIA BURKINA FASO BURUNDI CAM			pdf-extracted	2026-09-26	
https://www-pub.iaea.org/MTCD/Publications/PDF/te_1198_prn.pdf	200	https://www-pub.iaea.org/MTCD/Publications/PDF/te_1198_prn.pdf	application/pdf				pdf-response-text-unavailable	2026-09-26	
https://www-pub.iaea.org/MTCD/Publications/PDF/te_1544_web.pdf	200	https://www-pub.iaea.org/MTCD/Publications/PDF/te_1544_web.pdf	application/pdf	IAEA-TECDOC-1544 Nuclear Power Plant Design Characteristics Structure of Nuclear Power Plant Design Characteristics in the IAEA Power Reactor Information System (PRIS) March 2007 IAEA-TECDOC-1544 Nuclear Power Plant Design Characteristics Structure of Nuclear Power Plant Design Characteristics in the IAEA Power Reactor Information System (PRIS) March 2007 The originating Section of this publication in the IAEA was: Nuclear Power Engineering Section International Atomic Energy Agency Wagramer Strasse 5 P.O. Box 100 A-1400 Vienna, Austria NUCLEAR POWER PLANT DESIGN CHARACTERISTICS: STRUCTURE OF NUCLEAR POWER PLANT DESIGN CHARACTERISTICS IN THE IAEA POWER REACTOR INFORMATION SYSTEM (PRIS) IAEA,			pdf-extracted	2026-09-26	
https://www-pub.iaea.org/MTCD/Publications/PDF/te_1691_web.pdf	200	https://www-pub.iaea.org/MTCD/Publications/PDF/te_1691_web.pdf	application/pdf				pdf-response-text-unavailable	2026-09-26	
https://www.energy.gov/cmei/fuels/hydrogen-production-electrolysis	200	https://www.energy.gov/cmei/fuels/hydrogen-production-electrolysis	text/html; charset=utf-8	Hydrogen Production: Electrolysis | Department of Energy			html-response-not-fulltext-verified	2026-09-26	
https://www.energy.gov/eere/fuelcells/technical-targets-water-electrolysis	404	https://www.energy.gov/eere/fuelcells/technical-targets-water-electrolysis	text/html; charset=utf-8	Department of Energy			http-error-or-access-barrier	2026-09-26	
https://www.energy.gov/fusion/articles/fusion-st-roadmap	200	https://www.energy.gov/fusion/articles/fusion-st-roadmap	application/pdf	Published June 2026 Fusion Science and Technology Roadmap Fusion Science and Technology Roadmap Disclaimer → The activities outlined in the Fusion Science and Technology Roadmap are focused on prioritizing strategic directions for the United States (U.S.) Department of Energy to further collaborate with the U.S. Fusion Industry. This Roadmap does not commit the Department of Energy to specific funding levels. Future funding is subject to Congressional appropriations. 2 | Fusion Science and Technology Roadmap | U.S. Department of Energy Table of Contents 04 List of Acronyms 06 Executive Summary 08 Roadmap Strategy: Build-Innovate-Grow 10 Roadmap Introduction Advancing the Mission of Supportin			pdf-extracted	2026-09-26	
https://www.energy.gov/sites/default/files/2024-12/hydrogen-shot-water-electrolysis-technology-assessment.pdf	200	https://www.energy.gov/sites/default/files/2024-12/hydrogen-shot-water-electrolysis-technology-assessment.pdf	application/pdf	HYDROGEN SHOT: Water Electrolysis Technology Assessment Hydrogen Shot: Water Electrolysis Technology Assessment Lead Authors: McKenzie Hubert, Hydrogen and Fuel Cell Technologies Office (HFTO) Anne Marie Esposito, HFTO David Peterson, HFTO Eric Miller, HFTO Joseph Stanford, HFTO Reviewed by: Jai-Woh Kim, Office of Fossil Energy and Carbon Management (FECM) Eva Rodezno, FECM Jennifer Roizen, Basic Energy Sciences Viviane Schwartz, Basic Energy Sciences Steve Capanna, Office of Policy (OP) Ryan Wiser, OP Brandon McMurtry, OP Sunita Satyapal, HFTO Katherine Rinaldi, HFTO James Vickers, HFTO Elias Pomeroy, HFTO Tomas Green, HFTO Michael Hahn, HFTO Rick Farmer, HFTO Michael Ulsh, National Renewab			pdf-extracted	2026-09-26	
https://www.epa.gov/sites/production/files/2014-12/documents/agstar-handbook.pdf	200	https://www.epa.gov/sites/default/files/2014-12/documents/agstar-handbook.pdf	application/pdf	EPA 430-B-20-001 Project Development Handbook A Handbook for Developing Anaerobic Digestion/Biogas Systems on Farms in the United States 3rd Edition AgSTAR Project Development Handbook Acknowledgments The EPA’s AgSTAR Program would like to acknowledge the many individuals and organizational contributors who supported the update and enhancement of this 3 rd version of the Project Development Handbook. Within EPA, work was led and directed by Nick Elger, AgSTAR & Global Methane Initiative Program Manager; Vanessa McKinney, AgSTAR Program Manager; and Chris Voell, former AgSTAR Program Manager. Other EPA offices and staff also contributed to the analysis and technical review of the Handbook, an			pdf-extracted	2026-09-26	
https://www.epa.gov/system/files/documents/2022-10/sequencing-batch-reactors-factsheet.pdf	200	https://www.epa.gov/system/files/documents/2022-10/sequencing-batch-reactors-factsheet.pdf	application/pdf	United States Environmental Protection Agency Office of Water Washington, D.C. EPA 932-F-99-073 September 1999 Wastewater Technology Fact Sheet Sequencing Batch Reactors DESCRIPTION The sequencing batch reactor (SBR) is a fill-anddraw activated sludge system for wastewater treatment. In this system, wastewater is added to a single “batch” reactor, treated to remove undesirable components, and then discharged. Equalization, aeration, and clarification can all be achieved using a single batch reactor. To optimize the performance of the system, two or more batch reactors are used in a predetermined sequence of operations. SBR systems have been successfully used to treat both municipal and indus			pdf-extracted	2026-09-26	
https://www.gen-4.org/generation-iv-criteria-and-technologies	200	https://www.gen-4.org/generation-iv-criteria-and-technologies	text/html; charset=UTF-8	Generation IV Goals, Technologies and GIF R&amp;D Roadmap | GIF Portal			html-response-not-fulltext-verified	2026-09-26	
https://www.iaea.org/sites/default/files/gc/gc68-inf-4.pdf	200	https://www.iaea.org/sites/default/files/gc/gc68-inf-4.pdf	application/pdf				pdf-response-text-unavailable	2026-09-26	
https://www.iaea.org/topics/research-reactors/technical-working-group-on-research-reactors-twg-rr	403	https://www.iaea.org/topics/research-reactors/technical-working-group-on-research-reactors-twg-rr	text/html; charset=UTF-8	Just a moment...			http-error-or-access-barrier	2026-09-26	
https://www.inet.tsinghua.edu.cn/ineten/info/1024/1698.htm	200	https://www.inet.tsinghua.edu.cn/ineten/info/1024/1698.htm	text/html	Chinese HTR-PM Demo begins commercial operation-Institute of Nuclear and New Energy Technology,Tsinghua University			html-response-not-fulltext-verified	2026-09-26	
https://www.lle.rochester.edu/inertial-confinement-fusion/	200	https://www.lle.rochester.edu/inertial-confinement-fusion/	text/html; charset=UTF-8	Inertial Confinement Fusion - Laboratory for Laser Energetics			html-response-not-fulltext-verified	2026-09-26	
https://www.nature.com/articles/nature03575	200	https://www.nature.com/articles/nature03575	text/html; charset=utf-8	Observation of nuclear fusion driven by a pyroelectric crystal | Nature			html-response-not-fulltext-verified	2026-09-26	
https://www.netl.doe.gov/node/7478	200	https://www.netl.doe.gov/node/7478	text/html; charset=UTF-8	Chemical looping combustion | netl.doe.gov			html-response-not-fulltext-verified	2026-09-26	
https://www.nrc.gov/cdn/legacy/reading-rm/training/reactor-concepts-training-course.pdf	200	https://www.nrc.gov/cdn/legacy/reading-rm/training/reactor-concepts-training-course.pdf	application/pdf				pdf-response-text-unavailable	2026-09-26	
https://www.nrel.gov/docs/fy09osti/44034.pdf							request-failed	2026-09-26	"HTTPSConnectionPool(host='www.nrel.gov', port=443): Max retries exceeded with url: /docs/fy09osti/44034.pdf (Caused by NameResolutionError(""<urllib3.connection.HTTPSConnection object at 0x703a5082d640"
https://www.osti.gov/servlets/purl/1803043							request-failed	2026-09-26	HTTPSConnectionPool(host='www.osti.gov', port=443): Max retries exceeded with url: /servlets/purl/1803043 (Caused by ConnectTimeoutError(<urllib3.connection.HTTPSConnection object at 0x703a5081b140>, 
https://www.sandia.gov/research/publications/details/dynamics-of-a-z-pinch-x-ray-source-for-heating-icf-relevant-hohlraums-to-12-2000-07-10/	200	https://www.sandia.gov/research/publications/details/dynamics-of-a-z-pinch-x-ray-source-for-heating-icf-relevant-hohlraums-to-12-2000-07-10/	text/html; charset=UTF-8	Dynamics of a Z Pinch X Ray Source for Heating ICF Relevant Hohlraums to 120-160eV &#8211; Publications &#8211; Research			html-response-not-fulltext-verified	2026-09-26	
https://www3.epa.gov/ghgreporting/help/tool2014/definitions/industrial-wastewater.html	200	https://www3.epa.gov/ghgreporting/help/tool2014/definitions/industrial-wastewater.html	text/html	Definition			html-response-not-fulltext-verified	2026-09-26	
