section	category	title	year	authors_or_org	doi	url	oa_url	access	evidence_note	reason_to_include
01_nuclear	light-water-bwr	Reactor Concepts Manual: Boiling Water Reactor Systems	2000	US Nuclear Regulatory Commission		https://www.nrc.gov/sites/default/files/doc_library/cdn/legacy/reading-rm/basic-ref/students/for-educators/03.pdf	https://www.nrc.gov/sites/default/files/doc_library/cdn/legacy/reading-rm/basic-ref/students/for-educators/03.pdf	public official	NRC training manual; established reactor family	Closes the conspicuous BWR gap beside the existing PWR manual
01_nuclear	water-cooled	Advanced Large Water Cooled Reactors: A Supplement to ARIS	2020	IAEA		https://aris.iaea.org/Publications/	https://aris.iaea.org/Publications/	public official	IAEA design survey	Adds deployable large PWR BWR and PHWR designs in a standardized comparison
01_nuclear	maritime-floating	A Review of Maritime Nuclear Reactor Systems	2025	M. D. Rowinski et al.	10.3390/jne6010005	https://doi.org/10.3390/jne6010005	https://www.mdpi.com/2673-4362/6/1/5	open access	Peer-reviewed review identified by Crossref	Covers marine propulsion and floating power reactors missing as a distinct family
01_nuclear	marine-smr	Small Modular Reactors for Marine-based Nuclear Power Plants: Technologies, Designs and Applications	2023	IAEA		https://aris.iaea.org/Publications/2023%20IAEA%20Marine%20Based%20SMR%20Booklet.pdf	https://aris.iaea.org/Publications/2023%20IAEA%20Marine%20Based%20SMR%20Booklet.pdf	public official	IAEA ARIS catalogue	Official design-level companion to the maritime review
01_nuclear	thorium-fuel-cycle	Thorium Fuel Cycle: Potential Benefits and Challenges	2005	IAEA		https://www.iaea.org/publications/7192/thorium-fuel-cycle-potential-benefits-and-challenges	https://www.iaea.org/publications/7192/thorium-fuel-cycle-potential-benefits-and-challenges	public official	IAEA technical document	Adds thorium fuels across heavy-water molten-salt and fast-spectrum concepts without treating thorium as a reactor type
01_nuclear	pebble-bed	Advances in High Temperature Gas Cooled Reactor Fuel Technology	2012	IAEA		https://www.iaea.org/publications/8527/advances-in-high-temperature-gas-cooled-reactor-fuel-technology	https://www.iaea.org/publications/8527/advances-in-high-temperature-gas-cooled-reactor-fuel-technology	public official	IAEA technical report	Existing HTGR coverage would benefit from explicit TRISO and pebble-bed design linkage
01_nuclear	microreactor	Technology-Inclusive Guidance for Non-Light-Water Reactor Application Content	2020	US NRC		https://www.nrc.gov/reactors/new-reactors/advanced/who-were-working-with/licensing-modernization-project	https://www.nrc.gov/reactors/new-reactors/advanced/who-were-working-with/licensing-modernization-project	public official	Risk-informed licensing guidance	Adds safety-case and licensing perspective absent from technology catalogues
01_nuclear	transients-safety	A Review of Nuclear Reactor Transients	2020	R. A. Bari et al.; Brookhaven National Laboratory	10.2172/1673341	https://doi.org/10.2172/1673341	https://www.osti.gov/biblio/1673341	public official	DOE laboratory review found through Crossref	Adds cross-family transient taxonomy and safety analysis
01_nuclear	severe-accidents	Simulation and Experimental Analyses Network Information System	2026	IAEA SANIS		https://nucleus.iaea.org/sites/connect/sanispublic/SitePages/Home.aspx	https://nucleus.iaea.org/sites/connect/sanispublic/SitePages/Home.aspx	public official dataset	IAEA database of severe-accident programs facilities and validation data	Adds curated experimental evidence rather than only narrative safety reports
01_nuclear	advanced-design-database	Advanced Reactor Information System	2026	IAEA ARIS		https://aris.iaea.org/	https://aris.iaea.org/	public official dataset	Standardized vendor-supplied advanced-reactor design records	Core discovery dataset for comparing advanced reactor families
01_nuclear	operating-reactor-database	Power Reactor Information System	2026	IAEA PRIS		https://pris.iaea.org/	https://pris.iaea.org/	public official dataset	Authoritative operating and performance data	Connects reactor concepts to the actual operating fleet
01_nuclear	bibliographic-database	International Nuclear Information System	2026	IAEA INIS		https://inis.iaea.org/search/	https://inis.iaea.org/search/	public official database	More than 3.5 million bibliographic records and substantial full text	Primary nuclear-specific discovery index missing from the library metadata
01_nuclear	nuclear-data	Evaluated Nuclear Data File services	2026	IAEA Nuclear Data Section		https://www-nds.iaea.org/exfor/endf.htm	https://www-nds.iaea.org/exfor/endf.htm	public official dataset	Evaluated neutron and photon reaction data	Necessary quantitative basis for neutronics shielding and activation studies
01_nuclear	experimental-nuclear-data	EXFOR Experimental Nuclear Reaction Data	2026	International Network of Nuclear Reaction Data Centres / IAEA		https://www-nds.iaea.org/exfor/	https://www-nds.iaea.org/exfor/	public official dataset	Experimental reaction database maintained internationally	Provides experimental provenance behind evaluated libraries
01_nuclear	criticality-benchmarks	International Criticality Safety Benchmark Evaluation Project Handbook	2024	OECD NEA / US DOE		https://www.oecd-nea.org/jcms/pl_20291/international-criticality-safety-benchmark-evaluation-project-icsbep	https://www.oecd-nea.org/jcms/pl_20291/international-criticality-safety-benchmark-evaluation-project-icsbep	registration or controlled distribution	Peer-reviewed benchmark evaluations	Important validation corpus; note access conditions rather than mirroring it
01_nuclear	reactor-physics-benchmarks	International Reactor Physics Experiment Evaluation Project Handbook	2024	OECD NEA / US DOE		https://www.oecd-nea.org/jcms/pl_20295/international-reactor-physics-experiment-evaluation-project-irphe	https://www.oecd-nea.org/jcms/pl_20295/international-reactor-physics-experiment-evaluation-project-irphe	registration or controlled distribution	Evaluated reactor-physics experiments	Adds validation benchmarks for cores kinetics and lattice physics
01_nuclear	fusion-device-survey	World Survey of Fusion Devices 2022	2022	IAEA		https://www-pub.iaea.org/MTCD/publications/PDF/CRCP-FUS-001webRev.pdf	https://www-pub.iaea.org/MTCD/publications/PDF/CRCP-FUS-001webRev.pdf	public official	IAEA survey covering public and private concepts	Gives a systematic device inventory beyond selected exemplars
01_nuclear	fusion-demo	Re-design of EU DEMO with a Low Aspect Ratio	2024	C. Bachmann et al.	10.1016/j.fusengdes.2024.114518	https://doi.org/10.1016/j.fusengdes.2024.114518	https://infoscience.epfl.ch/server/api/core/bitstreams/bec744ba-0142-4580-ba4b-29ecf84b0e7d/content	open access	EUROfusion integrated power-plant study	Adds a contemporary reactor-level tokamak design point rather than plasma physics alone
01_nuclear	fusion-commercial	Review of Commercial Nuclear Fusion Projects	2023	M. Meschini et al.	10.3389/fenrg.2023.1157394	https://doi.org/10.3389/fenrg.2023.1157394	https://www.frontiersin.org/articles/10.3389/fenrg.2023.1157394/full	open access	Peer-reviewed survey; claims are reported not independently validated	Maps private concepts and technology-readiness caveats
01_nuclear	fusion-heat-conversion	A Comprehensive Review of Primary Heat Transfer and Energy Conversion Systems in Fusion Power Plants	2026	Multiple authors	10.1016/j.energy.2025.139722	https://doi.org/10.1016/j.energy.2025.139722		publisher access	Recent cross-concept thermal systems review	Fills balance-of-plant and heat-conversion gap
01_nuclear	magnetic-mirror	Introducing the Novatron, a Novel Mirror Fusion Concept	2023	J. H. F. Fransson et al.		https://arxiv.org/abs/2310.16711	https://arxiv.org/abs/2310.16711	preprint	Speculative concept paper; not reactor validation	Adds a missing open-field-line family with explicit evidence label
01_nuclear	magnetic-confinement-overview	An Overview of Magnetic Confinement Fusion: Tokamak, Stellarator, Reversed-field Pinch, Field-reversed Configuration, Magnetic Mirror	2026	Multiple authors		https://www.sciencedirect.com/science/article/pii/S2772830726000499		open access	Recent review found in publisher index	Closes reversed-field-pinch and mirror taxonomy gaps
01_nuclear	fusion-nuclear-data	Fusion Evaluated Nuclear Data Library	2024	IAEA Nuclear Data Section		https://www-nds.iaea.org/fendl/	https://www-nds.iaea.org/fendl/	public official dataset	Evaluated nuclear data for fusion neutronics	Essential dataset for blankets shielding activation and dose
01_nuclear	fusion-plasma-data	ALADDIN Atomic and Molecular Data for Fusion	2026	IAEA		https://www-amdis.iaea.org/ALADDIN/	https://www-amdis.iaea.org/ALADDIN/	public official dataset	Recommended atomic molecular and plasma-material interaction data	Adds quantitative plasma and edge-model input data
01_nuclear	fusion-speculative-iec	Inertial Electrostatic Confinement Fusion: Fundamentals and Applications	2013	George H. Miley and S. Krupakar Murali	10.1007/978-1-4614-9338-9	https://doi.org/10.1007/978-1-4614-9338-9		paywalled	Established textbook on a low-gain research neutron-source family	Catalog as a reactor concept but not as demonstrated net-energy technology
01_nuclear	fusion-speculative-polywell	The Multiple Ambipolar Recirculating Beam Line Experiment	2019	T. A. Weber et al.	10.1063/1.5097911	https://doi.org/10.1063/1.5097911		publisher access	Experimental Polywell-related confinement work; no net-energy evidence	Adds a speculative IEC derivative with an appropriately narrow claim
01_nuclear	fusion-speculative-aneutronic	A General Critique of Inertial-Electrostatic Confinement Fusion Systems	1995	Todd H. Rider	10.1063/1.871273	https://doi.org/10.1063/1.871273		publisher access	Critical theoretical constraints on nonthermal and aneutronic concepts	Counter-source for p-B11 IEC and other optimistic non-equilibrium reactor claims
02_chemical_biochemical	bubble-column-airlift	Pros and Cons of Airlift and Bubble Column Bioreactors: How Internals Improve Performance	2025	C. Bokelmann, J. Bromley, R. Takors	10.1016/j.bej.2024.109539	https://doi.org/10.1016/j.bej.2024.109539		open access	Peer-reviewed CFD comparison with data repository noted	Fills missing bubble-column and airlift families
02_chemical_biochemical	rotating-packed-bed	A Review of Process Intensified CO2 Capture in Rotating Packed Beds	2023	Multiple authors	10.3389/fenrg.2023.1135188	https://doi.org/10.3389/fenrg.2023.1135188	https://www.frontiersin.org/articles/10.3389/fenrg.2023.1135188/full	open access	Review with modeling and experimental evidence	Adds high-gravity rotating packed-bed reactors
02_chemical_biochemical	rotating-packed-bed	Mass Transfer in a Rotating Packed Bed: A Critical Review	2019	Multiple authors	10.1016/j.cep.2019.03.020	https://doi.org/10.1016/j.cep.2019.03.020		paywalled	Cornerstone critical review	Adds general hydrodynamics correlations beyond a single application
02_chemical_biochemical	fixed-bed-dynamic	Analytical and Numerical Aspects of Dynamic Industrial Chemical Process Analysis in Fixed Bed Reactors	2026	Multiple authors	10.1016/j.ces.2026.123421	https://doi.org/10.1016/j.ces.2026.123421		open access	Recent review and numerical case study	Updates fixed-bed coverage for flexible and transient operation
02_chemical_biochemical	monolith-reactor	Structured Catalysts and Reactors, Second Edition	2005	Andrzej Cybulski and Jacob A. Moulijn, eds.		https://www.routledge.com/Structured-Catalysts-and-Reactors/Cybulski-Moulijn/p/book/9780824723439		paywalled	Cornerstone reference	Adds monolith honeycomb and structured catalytic reactors
02_chemical_biochemical	moving-bed	Moving Bed Reactors: Challenges and Progress of Experimental and Theoretical Studies in a Century of Research	2019	M. Shirzad et al.	10.1021/acs.iecr.9b01136	https://doi.org/10.1021/acs.iecr.9b01136		publisher access	Century-scale specialist review	Separates moving-bed behavior from fixed and fluidized beds
02_chemical_biochemical	trickle-bed	Trickle Bed Reactors: Reactor Engineering and Applications	2011	Vivek V. Ranade et al.	10.1016/B978-0-444-52739-4.00004-6	https://doi.org/10.1016/B978-0-444-52739-4.00004-6		paywalled	Established review chapter	Existing catalog has only one metadata row; deeper hydrodynamics and scale-up coverage needed
02_chemical_biochemical	oscillatory-baffled	Design, Performance Characterization and Applications of Continuous Oscillatory Baffled Reactors	2022	Multiple authors	10.1016/j.cep.2021.108718	https://doi.org/10.1016/j.cep.2021.108718		publisher access	Review of an intensified plug-flow family	Adds low-net-flow mixing and scale-out concepts
02_chemical_biochemical	flow-biocatalysis	The Rise of Continuous Flow Biocatalysis	2020	P. De Santis, L.-E. Meyer, S. Kara	10.1039/D0RE00335B	https://doi.org/10.1039/D0RE00335B	https://pubs.rsc.org/en/content/articlehtml/2020/re/d0re00335b	open access	Peer-reviewed open review	Bridges flow reactors immobilized enzymes and biochemical production
02_chemical_biochemical	photobioreactor	Microalgae Cultivation in Photobioreactors: Sustainable Solutions for a Greener Future	2024	S. A. Razzak et al.	10.1016/j.gce.2023.10.004	https://doi.org/10.1016/j.gce.2023.10.004		open access	Review of configurations operation scale-up and economics	Adds tubular flat-panel and raceway photobioreactors
02_chemical_biochemical	membrane-bioreactor	Membrane Bioreactor for Wastewater Treatment: A Review	2021	Multiple authors	10.1016/j.cscee.2021.100109	https://doi.org/10.1016/j.cscee.2021.100109		open access	Recent wastewater MBR review	Distinguishes biological membrane reactors from catalytic membrane reactors
02_chemical_biochemical	gas-fermentation	Dos and Don'ts for Scaling Up Gas Fermentations	2025	Multiple authors	10.1016/j.copbio.2025.103294	https://doi.org/10.1016/j.copbio.2025.103294		open access	Recent review with design cautions	Adds gas-liquid mass-transfer constrained bioreactors and scale-up evidence
02_chemical_biochemical	electrochemical	Influence of Bubbles on the Energy Conversion Efficiency of Electrochemical Reactors	2020	Multiple authors	10.1016/j.joule.2020.01.005	https://doi.org/10.1016/j.joule.2020.01.005	http://www.cell.com/article/S2542435120300325/pdf	open access	OpenAlex exposed an OA PDF	Adds multiphase transport limits missing from the fuel-cell handbook
02_chemical_biochemical	electrocatalytic-reactor	Stability Challenges of Electrocatalytic Oxygen Evolution: From Mechanistic Understanding to Reactor Design	2021	Multiple authors	10.1016/j.joule.2021.05.005	https://doi.org/10.1016/j.joule.2021.05.005	http://www.cell.com/article/S2542435121002099/pdf	open access	OpenAlex exposed an OA PDF	Updates electrolyzer reactor design and durability
02_chemical_biochemical	plasma-catalysis	Plasma Catalysis for Gas Conversion: Impact of Catalyst on Plasma Behavior	2025	M. Ruiz-Martin et al.	10.1016/j.cogsc.2024.100990	https://doi.org/10.1016/j.cogsc.2024.100990		open access	Recent critical review	Adds coupled plasma-catalyst behavior rather than plasma reactors alone
02_chemical_biochemical	sonochemical-reactor	Ultrasonic Reactor Set-ups and Applications: A Review	2024	P. Adamou et al.	10.1016/j.ultsonch.2024.106925	https://doi.org/10.1016/j.ultsonch.2024.106925		open access	Review of acoustic cavitation reactor engineering	Adds a nontraditional chemical reactor family; keep distinct from disputed cavitation fusion
02_chemical_biochemical	microwave-reactor	A Review of Microwave-Assisted Process Intensified Multiphase Reactors	2022	H. Goyal et al.	10.1016/j.cej.2021.133183	https://doi.org/10.1016/j.cej.2021.133183		publisher access	Review of microwave heating and reactor scale-up	Adds electromagnetic volumetric-heating reactors
02_chemical_biochemical	solar-thermochemical	A Review of Solar Thermochemical Cycles for Fuel Production	2024	Y. Guo et al.	10.1016/j.apenergy.2023.122499	https://doi.org/10.1016/j.apenergy.2023.122499		publisher access	Review of concentrating-solar reaction systems and reactor design	Adds solar cavity and particle reactor families
02_chemical_biochemical	chemical-safety-data	US Chemical Safety and Hazard Investigation Board Documents and Investigations	2026	US CSB		https://www.csb.gov/documents/	https://www.csb.gov/documents/	public official dataset	Investigation reports and supporting test data	Adds an incident-evidence layer for reactor runaway combustion and process safety
02_chemical_biochemical	reactive-hazards	Improving Reactive Chemical Process Safety	2002	US Chemical Safety Board		https://www.csb.gov/assets/1/20/reactiveincidentdatareport.pdf	https://www.csb.gov/assets/1/20/reactiveincidentdatareport.pdf	public official	Historical incident-data analysis	Cornerstone counterweight to design-only literature
02_chemical_biochemical	speculative-autonomous-lab	Self-Driving Laboratories for Chemistry and Materials Science	2024	Multiple authors	10.1021/acs.chemrev.4c00055	https://doi.org/10.1021/acs.chemrev.4c00055	https://chemrxiv.org/engage/api-gateway/chemrxiv/assets/orp/resource/item/66708e2e5101a2ffa8cbd354/original/self-driving-laboratories-for-chemistry-and-materials-science.pdf	open manuscript and publisher record	Review of autonomous closed-loop experimentation; not a proven universal reactor class	Catalog as an emerging control and experimentation layer with hype caveat
03_hybrid_emerging	nuclear-hydrogen	Comparative Review of Hydrogen Production Technologies for Nuclear Hybrid Energy Systems	2020	Multiple authors	10.1016/j.pnucene.2020.103317	https://doi.org/10.1016/j.pnucene.2020.103317		publisher access	Comparative review of thermochemical and electrolytic coupling	Strengthens reactor-to-process coupling and temperature matching
03_hybrid_emerging	nuclear-desalination	Review and Modeling of Integrated Energy Systems with Nuclear Reactor Coupled Desalination and District Heating	2025	Multiple authors	10.1080/00295639.2024.2357394	https://doi.org/10.1080/00295639.2024.2357394		paywalled	Recent integrated-system review	Adds desalination district heat and cogeneration beyond generic hybrid energy systems
03_hybrid_emerging	nuclear-solar-hydrogen	Design and Analysis of a Renewable-Nuclear Hybrid Energy System for Hydrogen, Fresh Water and Power	2021	Multiple authors	10.1016/j.prime.2021.100021	https://doi.org/10.1016/j.prime.2021.100021		open access	Peer-reviewed system model; concept not operating plant	Adds a concrete multi-output architecture and performance assumptions
03_hybrid_emerging	nuclear-process-heat	Opportunities for Cogeneration with Nuclear Energy	2017	IAEA		https://www.iaea.org/publications/10877/opportunities-for-cogeneration-with-nuclear-energy	https://www.iaea.org/publications/10877/opportunities-for-cogeneration-with-nuclear-energy	public official	IAEA case studies and methods	Adds industrial heat desalination and hydrogen applications
03_hybrid_emerging	fusion-fission-hybrid	Overview and Prospects for Fusion-Fission Hybrid System Development in China	2022	M. Wang; IAEA Technical Meeting		https://conferences.iaea.org/event/285/contributions/21960/	https://conferences.iaea.org/event/285/contributions/21960/	public conference material	Programmatic overview not independent validation	Updates the hybrid section beyond 2008-2009 studies
03_hybrid_emerging	lattice-confinement-fusion	Lattice Confinement Fusion and Fast Fission for Space	2025	NASA Glenn Research Center		https://ntrs.nasa.gov/citations/20250000180	https://ntrs.nasa.gov/api/citations/20250000180/downloads/US%20Disruptive%20Deeptech%20Space.pdf	public official repository	NASA NTRS concept presentation; not evidence of net energy	Adds current space-oriented hybrid claims with precise evidence limits
03_hybrid_emerging	lattice-confinement-fusion	LENR Products: Lattice Confinement Fusion, Fission, or Both?	2025	T. L. Benyo et al.; NASA Glenn		https://www.nasa.gov/wp-content/uploads/2025/08/iccf-25-accepted-lenr-fusion-fission-or-both-3.pdf	https://www.nasa.gov/wp-content/uploads/2025/08/iccf-25-accepted-lenr-fusion-fission-or-both-3.pdf	public conference paper	Conference claim; calls product attribution unresolved; not independent replication	Useful as a current primary claim paired with existing Google and Callisto null results
03_hybrid_emerging	plasma-electrochemical	Nonthermal Plasma-Enabled Cascade N2 Activation and Electroreduction	2026	Multiple authors	10.1002/ece2.70109	https://doi.org/10.1002/ece2.70109		open access	Recent review of a coupled plasma-electrochemical architecture	Adds a genuine cross-domain hybrid reactor family
03_hybrid_emerging	photoelectrochemical	A Comprehensive Overview of Reactor Design and Operating Conditions for Photoelectrochemical Water Splitting	2026	Multiple authors	10.1016/j.ijhydene.2026.154253	https://doi.org/10.1016/j.ijhydene.2026.154253		open access	Reactor-scale review of coupled photon electrochemical and transport phenomena	Adds photoelectrochemical cells as hybrid reactors
03_hybrid_emerging	membrane-electrochemical	Electro-Membrane Reactor: A Powerful Tool for Green Chemical Engineering	2023	Multiple authors	10.1002/aic.18140	https://doi.org/10.1002/aic.18140		publisher access	Review of reaction and selective ion transport coupling	Adds resource recovery synthesis and water-treatment hybrids
03_hybrid_emerging	speculative-pyroelectric-fusion	Pyroelectric Crystal Fusion: Experimental Status and Limits	2005	B. Naranjo, J. K. Gimzewski, S. Putterman	10.1038/nature03575	https://doi.org/10.1038/nature03575		publisher access	Verified small-yield accelerator fusion; not an energy-producing reactor	Retain as a neutron-source phenomenon with explicit non-power label
03_hybrid_emerging	speculative-cavitation-fusion	Nuclear Fusion in Collapsing Bubbles: Is It There?	2002	D. Shapira and M. J. Saltmarsh	10.1103/PhysRevLett.89.104302	https://doi.org/10.1103/PhysRevLett.89.104302		publisher access	Critical failed-confirmation study	Counter-source required whenever bubble-fusion claims are cataloged
03_hybrid_emerging	speculative-lenr	Revisiting the Cold Case of Cold Fusion	2019	C. P. Berlinguette et al.	10.1038/s41586-019-1256-6	https://doi.org/10.1038/s41586-019-1256-6		open access	Multi-institution null replication; already held in library	Anchor counter-evidence for future LENR claim additions; do not duplicate download
03_hybrid_emerging	speculative-commercial-claims	Project Callisto Experimental Reports	2024-2026	Project Callisto		https://callisto.report/	https://callisto.report/	public reports	Large negative replication program; already partly held in library	Use as critical comparator for commercial excess-heat claims
crosscutting	bibliographic-api	Crossref REST API	2026	Crossref		https://api.crossref.org/	https://api.crossref.org/	public API	DOI and publisher metadata with variable abstract coverage	Supports repeatable DOI normalization and deduplication
crosscutting	bibliographic-api	OpenAlex Works API	2026	OurResearch / OpenAlex		https://api.openalex.org/works	https://api.openalex.org/works	public API	Scholarly graph and OA-location metadata	Useful for finding repository copies and citation-connected reviews
crosscutting	oa-index	Directory of Open Access Journals API	2026	DOAJ		https://doaj.org/api/search/articles	https://doaj.org/api/search/articles	public API	OA journal and article metadata	Independent OA-status discovery route
crosscutting	energy-reports	OSTI.GOV	2026	US Department of Energy Office of Scientific and Technical Information		https://www.osti.gov/	https://www.osti.gov/	public official database	DOE technical reports datasets and journal manuscripts	Primary source for reactor R&D reports; API timed out during this audit
crosscutting	aerospace-reports	NASA Technical Reports Server	2026	NASA		https://ntrs.nasa.gov/	https://ntrs.nasa.gov/	public official database	Technical reports presentations and publication records	Primary repository for space reactors and lattice-confinement-fusion material
crosscutting	preprints	arXiv	2026	Cornell University		https://arxiv.org/	https://arxiv.org/	public repository	Preprints are not peer review	Useful for emerging concepts only when evidence status is explicit
