company	aliases	country	founded	active_status	approach	devices/projects	claimed_milestones	evidence_maturity	publications_or_patents	official_url	independent_source_url	registry_sources	last_verified
Commonwealth Fusion Systems	CFS	United States	2018	active	high-field compact tokamak; D-T; HTS magnets	SPARC; ARC	SPARC construction and ARC commercial plant plans; company schedules are claims	major hardware tested; integrated device under construction; no fusion-electricity demonstration	Peer-reviewed SPARC physics and HTS magnet papers	https://cfs.energy/	https://www.energy.gov/articles/us-department-energy-announces-selectees-107-million-fusion-innovation-research-engine	https://www.fusionindustryassociation.org/wp-content/uploads/2025/07/2025-Global-Fusion-Industry-Report.pdf; IAEA FUSDIS; DOE Milestone Program	2026-09-26
TAE Technologies	Tri Alpha Energy	United States	1998	active	beam-driven field-reversed configuration; hydrogen-boron long-term goal	C-2; C-2U; Norman; Copernicus; Da Vinci	Reports sustained high-temperature FRC performance; p-B11 power remains prospective	experimental devices and peer-reviewed plasma results; no net-energy demonstration	Peer-reviewed FRC and beam-driven plasma publications; patent portfolio	https://tae.com/	https://www.frontiersin.org/articles/10.3389/fenrg.2023.1157394/full	FIA 2025; IAEA FUSDIS; commercial-fusion review	2026-09-26
Helion Energy	Helion	United States	2013	active	pulsed magneto-inertial field-reversed configurations; direct energy recovery	Trenta; Polaris; proposed Orion plant	Claims Trenta reached 100 million C; Microsoft PPA and Polaris electricity target are not reactor validation	experimental devices operated; electrical recovery subsystem work; no independently verified net electricity	Company technical papers and patents; limited peer-reviewed reactor data	https://www.helionenergy.com/	https://www.frontiersin.org/articles/10.3389/fenrg.2023.1157394/full	FIA 2025; IAEA FUSDIS; commercial-fusion review	2026-09-26
General Fusion	General Fusion Inc.	Canada	2002	active	magnetized target fusion with liquid-metal compression	LM26; Magnetized Target Fusion Demonstration Plant concepts	Reports component and plasma-compression progress; timelines are company claims	subscale plasma and compression experiments; integrated LM26 program; no net-energy demonstration	Peer-reviewed MTF papers and patents	https://generalfusion.com/	https://www.ukaea.org/news/ukaea-supports-diverse-paths-to-fusion-energy/	FIA 2025; IAEA FUSDIS; UKAEA	2026-09-26
Tokamak Energy	Tokamak Energy Ltd.; Tokamak Energy Inc.	United Kingdom	2009	active	spherical tokamak with HTS magnets	ST25; ST40; Demo4 magnet; ST-E1 pilot design	ST40 high-temperature plasma and HTS magnet program; pilot schedule is prospective	experimental tokamak operated; magnet hardware tested; DOE design milestones	Peer-reviewed ST40 physics and HTS publications	https://tokamakenergy.com/	https://www.energy.gov/articles/doe-announces-new-decadal-fusion-energy-strategy	FIA 2025; IAEA FUSDIS; DOE Milestone Program; UKAEA	2026-09-26
Zap Energy	Zap Energy Inc.	United States	2017	active	sheared-flow-stabilized Z pinch	FuZE; FuZE-Q; Century	Reports plasma-current and stability progress; Q and power-plant dates remain claims	experimental devices operated with peer-reviewed diagnostics; no net energy	Peer-reviewed sheared-flow Z-pinch papers and patents	https://www.zapenergy.com/	https://www.energy.gov/articles/us-department-energy-announces-selectees-107-million-fusion-innovation-research-engine	FIA 2025; IAEA FUSDIS; DOE Milestone Program	2026-09-26
Type One Energy	Type One Energy Group	United States	2019	active	optimized stellarator; HTS magnets	Infinity One; Fusion Pilot Plant	Infinity One partnership and pilot design progress; schedules are prospective	design and component R&D; device planned; DOE design milestones	Stellarator design publications and patents	https://typeoneenergy.com/	https://www.energy.gov/articles/doe-announces-new-decadal-fusion-energy-strategy	FIA 2025; DOE Milestone Program; UKAEA guide	2026-09-26
Thea Energy	Princeton Stellarators; Princeton Stellarator Inc.	United States	2022	active	stellarator with planar coils	Eos; pilot-plant studies	Claims simplified-coil stellarator path; no integrated device yet	design optimization and coil prototypes; DOE design milestones	Peer-reviewed stellarator optimization work and patents	https://thea.energy/	https://www.energy.gov/articles/doe-announces-new-decadal-fusion-energy-strategy	FIA 2025; DOE Milestone Program	2026-09-26
Realta Fusion	Realta	United States	2022	active	axisymmetric magnetic mirror using HTS magnets	WHAM partnership; Anvil	WHAM/Anvil scaling route publicly described; commercial schedule is prospective	university-linked experimental platform and company design work; no net energy	Peer-reviewed WHAM physics basis papers	https://realtafusion.com/	https://www.energy.gov/articles/doe-announces-new-decadal-fusion-energy-strategy	FIA 2025; DOE Milestone Program; UKAEA guide	2026-09-26
Pacific Fusion	Pacific Fusion Corp.	United States	2023	active	pulsed magnetic inertial fusion; impedance-matched pulsed power	Demonstration system concept	Large financing and high-gain plans publicly announced; performance not yet demonstrated	conceptual design and pulsed-power component development	Founders' pulsed-power publications; patents emerging	https://pacificfusion.com/	https://www.ukaea.org/wp-content/uploads/2026/04/ukaea-global-fusion-guide-smes.pdf	FIA 2025; UKAEA 2026 guide	2026-09-26
Xcimer Energy	Xcimer	United States	2022	active	inertial fusion energy with krypton-fluoride excimer lasers	Phoenix laser architecture; pilot-plant design	Claims low-cost high-energy laser path; DOE milestones concern preliminary plant design	design and laser-development program; no integrated fusion device	Technical white papers; patents; conference papers	https://xcimer.energy/	https://www.energy.gov/articles/doe-announces-new-decadal-fusion-energy-strategy	FIA 2025; DOE Milestone Program	2026-09-26
Focused Energy	Focused Energy Inc.; Focused Energy GmbH	United States / Germany	2021	active	laser inertial fusion; proton fast ignition and direct drive	Laser Fusion Pilot Plant studies	DOE milestone participant; pilot performance remains prospective	target and laser research plus design studies; no integrated power demonstration	Peer-reviewed target and laser-fusion work	https://focused-energy.world/	https://www.energy.gov/articles/doe-announces-new-decadal-fusion-energy-strategy	FIA 2025; DOE Milestone Program; UKAEA guide	2026-09-26
Marvel Fusion	Marvel Fusion GmbH	Germany	2019	active	short-pulse laser fusion with nanostructured targets	Laser-fusion demonstrator plans	Claims target and laser architecture advantages; power schedule is prospective	laser-target experiments and partnerships; no reactor-scale gain	Peer-reviewed and conference work; patent portfolio	https://marvelfusion.com/	https://www.ukaea.org/wp-content/uploads/2026/04/ukaea-global-fusion-guide-smes.pdf	FIA 2025; UKAEA 2026 guide	2026-09-26
Renaissance Fusion	Renaissance Fusion SAS	France	2020	active	stellarator; high-temperature-superconducting coils; liquid-metal walls	stellarator demonstrator and reactor studies	Reports HTS coating and liquid-metal R&D; integrated reactor claims prospective	materials and magnet development; no integrated fusion device	Patents and technical presentations; limited peer-reviewed device evidence	https://renfusion.eu/	https://www.frontiersin.org/articles/10.3389/fenrg.2023.1157394/full	FIA 2025; commercial-fusion review; UKAEA guide	2026-09-26
Proxima Fusion	Proxima Fusion GmbH	Germany	2023	active	quasi-isodynamic stellarator	Alpha demonstrator; Stellaris power-plant concept	Published integrated concept and funding milestones; no device yet	peer-reviewed design work; experimental device planned	Peer-reviewed stellarator optimization and power-plant design papers	https://www.proximafusion.com/	https://www.ukaea.org/wp-content/uploads/2026/04/ukaea-global-fusion-guide-smes.pdf	FIA 2025; UKAEA 2026 guide	2026-09-26
Gauss Fusion	Gauss Fusion GmbH	Germany	2022	active	industrial consortium for tokamak power plant	GIGA fusion power plant concept	Conceptual design report and European industrial consortium announced	integrated conceptual design; no company fusion device	Conceptual design reports and partner publications	https://gauss-fusion.com/	https://www.ukaea.org/wp-content/uploads/2026/04/ukaea-global-fusion-guide-smes.pdf	FIA 2025; UKAEA 2026 guide	2026-09-26
First Light Fusion	First Light	United Kingdom	2011	active; strategy pivoted	projectile-driven inertial fusion; now emphasizing amplifier/driver technology	Machine 3; Machine 4 partnership; amplifier technology	Target-fusion observations and pivot to technology partnerships; economic claims prospective	experimental target shots; no net energy; strategy changed from full plant developer	Peer-reviewed target and projectile publications; patents	https://firstlightfusion.com/	https://www.gov.uk/government/publications/uk-fusion-investment-prospectus/uk-fusion-investment-prospectus-directory-html	FIA 2025; UK government directory; UKAEA	2026-09-26
HB11 Energy	HB11	Australia	2017	active	laser-driven proton-boron fusion	HB11 experimental program	Reports laser-triggered p-B11 reaction yields; electricity concept unvalidated	laboratory fusion-reaction experiments; no net-energy system	Peer-reviewed p-B11 laser experiments and patents	https://hb11.energy/	https://www.frontiersin.org/articles/10.3389/fenrg.2023.1157394/full	FIA 2025; commercial-fusion review	2026-09-26
OpenStar Technologies	OpenStar	New Zealand	2021	active	levitated-dipole magnetic confinement	Junior experimental device	Reports first plasma and levitated-magnet progress; reactor path prospective	early experimental device; no fusion-performance demonstration	Technical presentations and emerging publications	https://www.openstar.tech/	https://www.ukaea.org/wp-content/uploads/2026/04/ukaea-global-fusion-guide-smes.pdf	FIA 2025; UKAEA 2026 guide	2026-09-26
Avalanche Energy	Avalanche	United States	2018	active	compact electrostatic ion trap / orbitron; beam-target-like fusion	Orbitron prototypes	Reports compact neutron production and product development; energy gain unverified	prototype neutron-source experiments; no net energy	Patents and conference papers; limited peer-reviewed validation	https://www.avalanche.energy/	https://www.frontiersin.org/articles/10.3389/fenrg.2023.1157394/full	FIA 2025; commercial-fusion review	2026-09-26
LPPFusion	Lawrenceville Plasma Physics	United States	2008	active	dense plasma focus; p-B11 aspiration	FF-1; FF-2B	Reports fusion yields and device upgrades; net-energy claims not independently established	experimental DPF neutron production; no net energy	Peer-reviewed DPF papers; patents	https://lppfusion.com/	https://www.frontiersin.org/articles/10.3389/fenrg.2023.1157394/full	FIA reports; commercial-fusion review	2026-09-26
Princeton Fusion Systems	PFS	United States	2017	active	field-reversed configuration / PFRC; RF heating	PFRC-2; Princeton Field-Reversed Configuration Reactor	Reports PFRC experiments and compact-reactor studies; power plant remains conceptual	university-linked experimental device and published models	Peer-reviewed PFRC physics and space-power studies	https://www.princetonfusionsystems.com/	https://www.frontiersin.org/articles/10.3389/fenrg.2023.1157394/full	FIA reports; IAEA FUSDIS; commercial-fusion review	2026-09-26
SHINE Technologies	SHINE Medical Technologies; Phoenix Nuclear Labs	United States	2010	active; Phoenix acquired/integrated	beam-target D-T fusion neutron sources; staged path toward fusion energy	commercial neutron generators; isotope production facilities	Commercial neutron generation and isotope business; later fusion-power stages are prospective	commercial non-power fusion systems; no fusion power reactor	Technical reports patents and regulatory records	https://shinetec.com/	https://www.ukaea.org/wp-content/uploads/2026/04/ukaea-global-fusion-guide-smes.pdf	FIA 2025; UKAEA 2026 guide; IAEA FUSDIS	2026-09-26
NearStar Fusion	NearStar	United States	2021	active	hypervelocity projectile magneto-inertial fusion	Hypervelocity Gradient Field Fusion concept	Claims simplified driver and liquid-metal target path; no integrated proof yet	concept and component R&D	Patents and technical presentations	https://nearstarfusion.com/	https://www.fusionindustryassociation.org/wp-content/uploads/2025/07/2025-Global-Fusion-Industry-Report.pdf	FIA 2025; company publications	2026-09-26
Longview Fusion Energy Systems	Longview Fusion	United States	2021	active	laser inertial fusion; direct-drive power plant	Longview power-plant concept	Claims direct-drive repetition-rate and plant architecture; prospective	design studies; no company fusion device	Patents and technical white papers	https://www.longviewfusion.com/	https://www.fusionindustryassociation.org/wp-content/uploads/2025/07/2025-Global-Fusion-Industry-Report.pdf	FIA 2025; company publications	2026-09-26
Blue Laser Fusion	BLF	United States / Japan	2022	active	laser inertial fusion using high-power blue lasers	prototype laser and target program	Claims laser-efficiency route to commercial fusion; no integrated demonstration	laser component development; concept stage	Patents and conference presentations	https://bluelaserfusion.com/	https://www.fusionindustryassociation.org/wp-content/uploads/2025/07/2025-Global-Fusion-Industry-Report.pdf	FIA 2025; company publications	2026-09-26
EX-Fusion	EX-Fusion Inc.	Japan	2021	active	laser inertial fusion; target tracking and controls	laser-target engagement systems	Claims enabling beam and target technologies; power plant is prospective	enabling technology development; no integrated reactor	Patents and technical presentations	https://www.ex-fusion.com/en/	https://www.ukaea.org/wp-content/uploads/2026/04/ukaea-global-fusion-guide-smes.pdf	FIA 2025; UKAEA 2026 guide	2026-09-26
Helical Fusion	Helical Fusion Co. Ltd.	Japan	2021	active	helical stellarator based on Japanese heliotron experience	Helix Program; commercial helical reactor concept	Claims steady-state reactor path and schedule; no company device yet	design and component R&D	Technical papers drawing on LHD/heliotron research; patents	https://www.helicalfusion.com/en/	https://www.ukaea.org/wp-content/uploads/2026/04/ukaea-global-fusion-guide-smes.pdf	FIA 2025; UKAEA 2026 guide	2026-09-26
Kyoto Fusioneering	KF	Japan	2019	active; technology integrator	fusion blankets tritium cycle heating and balance-of-plant rather than confinement reactor	UNITY-1; UNITY-2; integrated plant engineering	Reports component test facilities and partnerships; not a standalone confinement developer	experimental fusion-technology facilities and engineering services	Peer-reviewed blanket tritium and thermal-system publications; patents	https://kyotofusioneering.com/en/	https://www.ukaea.org/wp-content/uploads/2026/04/ukaea-global-fusion-guide-smes.pdf	FIA 2025; UKAEA 2026 guide	2026-09-26
Energy Singularity	Shanghai Energy Singularity Energy Technology	China	2021	active	high-field spherical tokamak with HTS magnets	HH70; HH170 plans	Reports HH70 first plasma and HTS tokamak progress; future gain targets are claims	experimental tokamak reportedly operating; independent technical detail limited	Conference and institutional publications; patents	https://www.energy-singularity.com/	https://www.ukaea.org/wp-content/uploads/2026/04/ukaea-global-fusion-guide-smes.pdf	FIA 2025; UKAEA 2026 guide	2026-09-26
ENN Fusion	ENN Energy Research Institute fusion program	China	2006	active	field-reversed configuration and spherical tokamak; p-B11 interest	HeLong series; EXL devices	Reports experimental plasma operation; commercial timeline prospective	experimental devices and scientific publications; no net energy	Peer-reviewed EXL and FRC publications	https://www.ennresearch.com/	https://www.ukaea.org/wp-content/uploads/2026/04/ukaea-global-fusion-guide-smes.pdf	IAEA FUSDIS; UKAEA 2026 guide; fusion literature	2026-09-26
Neo Fusion	Neo Fusion Technology	China	2023	active	tokamak and fusion engineering; public details limited	Hefei fusion projects; device details evolving	Large funding and program build-out reported; technical milestones require primary verification	publicly announced company with limited peer-reviewed device evidence	Patent and hiring trail; limited public publications		https://www.ukaea.org/wp-content/uploads/2026/04/ukaea-global-fusion-guide-smes.pdf	UKAEA 2026 guide; FIA/industry reporting	2026-09-26
China Fusion Energy Corporation	CFEC; China Fusion Corporation	China	2025	active; newly announced/state-linked	fusion technology and pilot-plant development; details limited	program details not yet stable	Large capitalization publicly reported; reactor approach and milestones not sufficiently public	publicly announced; evidence immature	Limited public patent/publication attribution		https://www.ukaea.org/wp-content/uploads/2026/04/ukaea-global-fusion-guide-smes.pdf	UKAEA 2026 guide; national announcements	2026-09-26
nT-Tao	nT-Tao Ltd.	Israel	2019	active	compact pulsed magnetic confinement; proprietary topology	prototype devices	Claims high-density compact plasma approach; performance details mostly corporate	early experimental R&D; independent validation limited	Patents and technical presentations	https://www.nt-tao.com/	https://www.fusionindustryassociation.org/wp-content/uploads/2025/07/2025-Global-Fusion-Industry-Report.pdf	FIA 2025; company publications	2026-09-26
Alpha Ring	Alpha Ring International	Taiwan / United States	2016	active status uncertain	proprietary electrostatic or beam fusion concept	Alpha Ring prototype	Corporate neutron and energy claims lack strong independent replication	prototype claims; evidence immature	Patents and company reports	https://www.alpharing.com/	https://www.fusionindustryassociation.org/wp-content/uploads/2025/07/2025-Global-Fusion-Industry-Report.pdf	FIA reports; company materials	2026-09-26
Acceleron Fusion	Acceleron	United States	2023	active	muon-catalyzed fusion with efficient muon production	muon source and target experiments	Claims path to practical muon-catalyzed fusion; recirculating energy and sticking remain open	component experiments and established underlying physics; no net-energy system	Founders' accelerator and muon publications; patents	https://www.acceleronfusion.com/	https://www.ukaea.org/wp-content/uploads/2026/04/ukaea-global-fusion-guide-smes.pdf	FIA 2025; UKAEA 2026 guide	2026-09-26
Fuse Energy Technologies	Fuse; Fuse Federal	United States	2018	active	pulsed-power Z pinch and radiation-effects platforms	Titan; Z-Star; Apeiron I concepts	Reports neutron production and government test services; pilot plant plans are prospective	experimental pulsed-power/neutron platforms; no fusion-power gain	Patents technical reports and government contracts	https://www.f.energy/	https://www.fusionindustryassociation.org/wp-content/uploads/2025/07/2025-Global-Fusion-Industry-Report.pdf	FIA 2025; government contract records	2026-09-26
MIFTI	Magneto-Inertial Fusion Technologies Inc.	United States	2008	active status uncertain	staged Z pinch magneto-inertial fusion	Staged Z-pinch experiments; MIFTEC neutron-source affiliate	Reports neutron yields and staged-pinch scaling; energy claims unverified	experimental neutron production; no net energy	Peer-reviewed staged Z-pinch papers and patents	https://mifti.com/	https://www.fusionindustryassociation.org/wp-content/uploads/2025/07/2025-Global-Fusion-Industry-Report.pdf	FIA reports; company publications	2026-09-26
Electric Fusion Systems	EFS	United States	2017	active status uncertain	proprietary magneto-electric confinement and advanced-fuel claims	compact fusion generator concept	Claims reactor-relevant performance are not independently validated	concept/prototype claims; evidence immature	Patents and company technical notes	https://electricfusionsystems.com/	https://www.fusionindustryassociation.org/wp-content/uploads/2025/07/2025-Global-Fusion-Industry-Report.pdf	FIA reports; company materials	2026-09-26
Crossfield Fusion	Crossfield Fusion Ltd.	United Kingdom	2019	active status uncertain	compact magnetic confinement; proprietary cross-field concept	prototype program	Public technical detail and milestones limited	early-stage concept/prototype; independent evidence limited	Patents and sparse technical presentations	https://crossfieldfusion.com/	https://www.gov.uk/government/publications/uk-fusion-investment-prospectus/uk-fusion-investment-prospectus-directory-html	UK government directory; FIA reports	2026-09-26
Astral Systems	Astral Systems Ltd.	United Kingdom	2021	active	lattice confinement fusion for isotope production	multi-state fusion reactor; isotope-production systems	Claims commercial isotope production using LCF; exact nuclear mechanism and energy accounting need independent review	commercial-development claim with NASA collaboration; not net-energy fusion	NASA-linked reports patents and conference papers	https://www.astral.systems/	https://www.nasa.gov/glenn/glenn-expertise-space-exploration/lattice-confinement-fusion/	NASA LCF portal; UK government directory; FIA reports	2026-09-26
Brillouin Energy	Brillouin Energy Corporation	United States	2009	active; speculative LENR	controlled electron capture reaction / nickel-hydrogen excess-heat claim	HHT and WET reactor test systems	Claims controlled excess heat; no broadly accepted independent replication or nuclear-product balance	experimental claims; not validated as nuclear reactor or net-energy source	Patents and company-sponsored reports	https://brillouinenergy.com/	https://callisto.report/	Company materials; existing DOE Google and Callisto counter-sources	2026-09-26
Clean Planet	Clean Planet Inc.	Japan	2012	active; speculative LENR	metal hydride quantum hydrogen energy claims	QHe reactor/material systems	Claims anomalous heat and commercialization; mechanism and independent reproducibility unresolved	experimental claims; not validated as nuclear reactor or net-energy source	Patents selected papers and university collaborations	https://www.cleanplanet.co.jp/en/	https://callisto.report/	Company materials; existing DOE Google and Callisto counter-sources	2026-09-26
ENG8 International	ENG8; EnergiCell	United Kingdom / Gibraltar	2015	active status and claims require verification; speculative LENR	catalyzed fusion / plasma electrolysis claims	EnergiCell	Claims self-powering and high energy gain; lacks transparent independent peer-reviewed validation	company demonstrations and reports; evidence insufficient	Patents and company reports	https://eng8.energy/	https://callisto.report/	Company materials; critical LENR replication corpus	2026-09-26
Aureon Energy	Aureon; SAFIRE Project	Canada	2018	active status uncertain; speculative plasma/LENR	plasma discharge transmutation and energy claims	SAFIRE reactor	Claims elemental transmutation and excess energy; not independently established	company-controlled experiments; evidence insufficient	Patents videos and company reports	https://aureon.ca/	https://callisto.report/	Company materials; critical LENR replication corpus	2026-09-26
CTFusion	CT Fusion; Dynomak venture	United States	2015	closed or dormant since 2023	spheromak / dynomak	Dynomak reactor concept	Previously pursued compact spheromak; no public active program found after 2023	university experiments and concept studies; company inactive	Peer-reviewed Dynomak papers and patents		https://www.fusionindustryassociation.org/wp-content/uploads/2025/07/2025-Global-Fusion-Industry-Report.pdf	Historical FIA reports; company-status reporting	2026-09-26
HyperJet Fusion	HyperJet Fusion Corporation	United States	2017	acquired/integrated with General Fusion	plasma-jet magneto-inertial fusion	PLX plasma-jet work	Plasma-liner research continued through institutional programs; standalone corporate status ended	experimental plasma-jet hardware; no net energy	Peer-reviewed PLX and plasma-liner publications		https://generalfusion.com/	Historical FIA/DOE records; acquisition announcements	2026-09-26
EMC2 Fusion Development Corporation	EMC2; Energy Matter Conversion Corporation	United States	1985	dormant or status unclear	Polywell inertial electrostatic confinement	WB-series devices	Historical Navy-funded experiments; reactor gain claims remain unvalidated	experimental plasma devices; no demonstrated net energy	Technical reports papers and patents		https://www.osti.gov/	DOE/DTIC records; historical company sources	2026-09-26
Lockheed Martin Compact Fusion Reactor program	Skunk Works CFR	United States	2010	dormant or no current public development	compact high-beta magnetic mirror/cusp concept	T4 and proposed T5 concepts	Early corporate schedule claims were not met; little recent public evidence	concept and limited patent/publication trail; no public integrated result	reactor patents and conference presentation		https://www.frontiersin.org/articles/10.3389/fenrg.2023.1157394/full	Commercial-fusion review; historical company announcements	2026-09-26
Deutelio	Deutelio d.o.o.	Croatia	2010	status unclear	D-T tokamak concept	DEMO-oriented concept studies	Public activity and milestones unclear	conceptual engineering; no known company device	Technical presentations and regional project material		https://www.fusionindustryassociation.org/wp-content/uploads/2025/07/2025-Global-Fusion-Industry-Report.pdf	Historical FIA and IAEA survey leads	2026-09-26
Stellarex	Stellarex Inc.	United States	2024	stealth or newly public; status requires verification	stellarator-related concept	undisclosed	Insufficient public technical information	publicly named lead only; no maturity inference	No stable publication set identified		https://www.fusionindustryassociation.org/wp-content/uploads/2025/07/2025-Global-Fusion-Industry-Report.pdf	FIA/industry registry lead	2026-09-26
