domain	concept	variant_or_fuel	representative_source	year	authors_or_org	url_or_doi	source_kind	evidence_status	reactor_readiness	critical_assessment
fusion-plasma	Polywell magnetic-cusp electrostatic fusion	D-D or advanced fuels	High-Energy Electron Confinement in a Magnetic Cusp Configuration	2015	J Park et al	https://doi.org/10.1103/PhysRevX.5.021024	peer-reviewed experiment	component-demonstrated	plasma-physics experiment	High-beta cusp electron confinement was demonstrated; ion confinement fusion gain and a reactor-relevant integrated energy balance were not.
fusion-plasma	Gridded inertial electrostatic confinement fusor	D-D	Recent Progress on Inertial Electrostatic Confinement Fusion Neutron Sources	2018	J Hasegawa et al	https://doi.org/10.2184/lsj.46.10_589	peer-reviewed review	component-demonstrated	commercial neutron source	Reproducible fusion neutron production is established; grid losses and unfavorable scaling make electric-power production unsupported.
fusion-plasma	Flat multi-electrode IEC neutron source	D-D	Inertial electrostatic confinement fusion device with 3x3 electrodes for flat neutron source	2026	K Takakura et al	https://doi.org/10.1016/j.fusengdes.2026.115836	peer-reviewed experiment	component-demonstrated	laboratory neutron source	Reports stable 8.1e6 neutrons/s at 25 kV; useful source engineering but not evidence of net-energy fusion.
fusion-plasma	Non-equilibrium electrostatic or colliding-beam fusion	p-B11 and other fuels	Fundamental limitations on plasma fusion systems not in thermodynamic equilibrium	1997	T H Rider	https://doi.org/10.1063/1.872556	peer-reviewed theory	theoretical-negative	concept assessment	Collisional relaxation and recirculating-power losses impose severe constraints on broad classes of non-thermal reactor proposals.
fusion-plasma	Dense plasma focus fusion	D-D and p-B11	Focus Fusion: Overview of Progress Towards p-B11 Fusion with the Dense Plasma Focus	2023	E J Lerner et al	https://doi.org/10.1007/s10894-023-00345-z	peer-reviewed experiment/proposal	component-demonstrated	plasma experiment	High ion energies and low impurity claims are published, but p-B11 power gain and repetition-rate reactor operation remain unshown; authors are concept developers.
fusion-plasma	Plasma oscillatory confinement	p-B11	Proton-boron fusion in a compact scheme of plasma oscillatory confinement	2021	Yu K Kurilenkov et al	https://doi.org/10.1103/PhysRevE.103.043208	peer-reviewed experiment	component-demonstrated	laboratory reaction experiment	Fusion products demonstrate the nuclear reaction in a compact device, not net energy or a closed reactor cycle.
fusion-plasma	Aneutronic thermal/non-thermal fusion	p-B11	Assessing Proton-Boron Fusion Feasibility under non-Thermal Equilibrium Conditions: Rider's Inhibition Revisited	2024	X Liu et al	https://arxiv.org/abs/2405.13260	preprint theory	theoretical-negative	concept assessment	Updated modelling again finds required recirculating power above fusion output under studied non-equilibrium conditions.
fusion-plasma	Aneutronic inertial fusion	p-B11	Bremsstrahlung constraints on proton-boron-11 inertial fusion	2026	J Ochs et al	https://doi.org/10.1063/5.0305034	peer-reviewed theory	theoretical-negative	concept assessment	For transparent p-B11 ICF, irreducible bremsstrahlung limits calculated scientific gain below reactor-attractive values in the surveyed regime.
fusion-plasma	Gas dynamic magnetic mirror	D-T neutron source	Assessment of the gas dynamic trap mirror facility as intense neutron source for fusion material test irradiations	2001	GDT collaboration	https://doi.org/10.1016/S0920-3796(00)00164-2	peer-reviewed design assessment	proposed	neutron-source design	Mirror confinement is experimentally active, but this source assessment is a design study and not a power-reactor demonstration.
fusion-plasma	Levitated dipole confinement	high-beta plasma	Design and initial operation of the LDX facility	2006	LDX collaboration	https://doi.org/10.1016/j.fusengdes.2006.07.002	peer-reviewed experiment	component-demonstrated	plasma experiment	LDX demonstrated levitated superconducting-dipole plasma research; it did not approach fusion conditions or an integrated reactor.
fusion-plasma	Modern HTS levitated dipole	advanced magnet	Design and initial results from the Junior Levitated Dipole Experiment	2025	OpenStar Technologies et al	https://arxiv.org/abs/2508.17691	preprint experiment	component-demonstrated	early plasma experiment	A new HTS device and initial plasma operation are reported; commercial-fusion implications remain prospective and need independent peer review.
fusion-plasma	Princeton field-reversed configuration	D-He3 proposed	The Princeton Field-Reversed Configuration for Compact Nuclear Fusion Power Plants	2023	C Galea et al	https://doi.org/10.1007/s10894-023-00342-2	peer-reviewed review/proposal	component-demonstrated	early plasma experiment	Long-lived low-temperature FRC plasmas and simulations exist; reactor-scale temperature, confinement and advanced-fuel gain are projected rather than demonstrated.
fusion-plasma	Magnetized target fusion with imploding liner	magnetized FRC	Experimental and Computational Progress on Liner Implosions for Compression of FRCs	2008	D A Platts et al	https://doi.org/10.1109/TPS.2007.913814	peer-reviewed experiment	component-demonstrated	separate-component tests	Liner and FRC-related experiments support pieces of the concept; integrated fusion gain has not been demonstrated.
fusion-plasma	Plasma-jet-driven magneto-inertial fusion	plasma liner plus magnetized target	Magnetized Plasma Target for Plasma-Jet-Driven Magneto-Inertial Fusion	2018	S C Hsu et al	https://arxiv.org/abs/1803.03323	preprint theory/design	proposed	proof-of-principle planning	Defines target requirements and a sub-reactor-energy experiment; target formation and symmetric reactor-scale compression remain open.
fusion-plasma	Magnetized liner inertial fusion MagLIF	D-D/D-T	Mining experimental magnetized liner inertial fusion data: Trends in stagnation morphology	2024	Sandia-led collaboration	https://doi.org/10.1063/5.0206222	peer-reviewed experiment	component-demonstrated	fusion-yield experiment	Thermonuclear yields and detailed implosion data are real; target gain, driver efficiency, chamber repetition and power-plant integration remain unresolved.
fusion-plasma	Z-pinch-driven inertial fusion	D-T hohlraum	High yield inertial confinement fusion target design for a z-pinch-driven hohlraum	1999	J H Hammer et al	https://doi.org/10.1063/1.873677	peer-reviewed simulation/design	proposed	target-design study	A foundational calculated target design, not an experimental demonstration of reactor-level yield or repetition.
fusion-plasma	Spheromak compact torus	D-T proposed	The Spheromak	1994	T R Jarboe	https://doi.org/10.1088/0741-3335/36/7/001	peer-reviewed review	component-demonstrated	plasma experiment	Self-organized compact toroids are experimentally established, but confinement and sustainment have not reached power-reactor requirements.
fusion-catalyzed	Muon-catalyzed fusion	D-T	Progress in muon catalyzed fusion	1992	C Petitjean	https://doi.org/10.1016/0375-9474(92)90412-D	peer-reviewed review	component-demonstrated	laboratory nuclear process	Roughly 100-150 fusions per muon were observed; muon production energy/cost and sticking prevent a credible standalone energy reactor.
fusion-catalyzed	Antiproton-catalyzed microfission/fusion	space propulsion pellet	Antiproton catalyzed microfission/fusion propulsion	1994	NASA-associated study	https://ntrs.nasa.gov/citations/19950002761	government conference study	theoretical	concept study	Physics calculations exist, but antimatter production, storage and delivery are orders-of-magnitude engineering/economic barriers; no reactor experiment.
condensed-matter-nuclear	Fleischmann-Pons-type LENR	Pd-D electrolysis	Revisiting the cold case of cold fusion	2019	C P Berlinguette et al	https://doi.org/10.1038/s41586-019-1256-6	peer-reviewed multi-lab programme	falsified-or-null	replication programme	A well-resourced multi-institution effort found no cold-fusion effect; useful materials and measurement questions do not validate energy claims.
condensed-matter-nuclear	Electrochemically loaded beam-target fusion	D-D in palladium	Electrochemical loading enhances deuterium fusion rates in a metal target	2025	C P Berlinguette-led collaboration	https://doi.org/10.1038/s41586-025-09042-7	peer-reviewed experiment	component-demonstrated	beam-driven reaction experiment	A modest fusion-rate enhancement under external ion bombardment is credible; it is not spontaneous cold fusion and remains far from energy gain.
condensed-matter-nuclear	Cavitation or bubble fusion sonofusion	D-D in deuterated acetone	Nuclear Fusion in Collapsing Bubbles—Is It There? An Attempt to Repeat the Observation	2002	D Shapira and M Saltmarsh	https://doi.org/10.1103/PhysRevLett.89.104302	peer-reviewed replication	falsified-or-null	replication experiment	No correlated 2.5 MeV neutrons were found; any emission was at least four orders too small to explain the original tritium claim.
advanced-fission	Traveling-wave or standing-wave breed-and-burn reactor	depleted uranium fast spectrum	The Traveling Wave Reactor: Design and Development	2016	J Gilleland et al	https://doi.org/10.1016/J.ENG.2016.01.024	peer-reviewed design report	proposed	detailed engineering development	Neutronics and engineering programmes are substantial, but no traveling/standing-wave power reactor has operated and extreme fuel/cladding exposure remains challenging.
advanced-fission	Thorium molten-salt reactor	Th-U233 liquid fuel	The thorium molten salt reactor: Moving on from the MSBR	2006	E Merle-Lucotte et al	https://doi.org/10.1016/j.pnucene.2006.07.005	peer-reviewed design analysis	proposed	concept optimization	Builds on real MSRE heritage, while online processing, materials, safeguards and full thorium fuel-cycle qualification remain undemonstrated.
advanced-fission	Liquid-fuel MSR for thorium utilization	Th-U233 and other fuels	Liquid Fuel Molten Salt Reactors for Thorium Utilization	2016	J C Gehin and J J Powers	https://doi.org/10.13182/NT15-124	peer-reviewed review	component-demonstrated	historical experiment plus modern design	Molten-salt reactor operation was demonstrated historically; modern breeding, cleanup and commercial systems are still development programmes.
advanced-fission	Accelerator-driven subcritical transmuter	spallation plus fast/thermal blanket	Accelerator-Driven Systems for Nuclear Waste Transmutation	1998	C D Bowman	https://doi.org/10.1146/annurev.nucl.48.1.505	peer-reviewed review	component-demonstrated	integrated demonstrator development	Accelerators, spallation and subcritical assemblies are individually mature and coupled experiments exist; availability, target durability, fuel cycle and economics block power deployment.
advanced-fission	Fusion-driven subcritical waste burner	tokamak neutron source plus fast blanket	A fusion transmutation of waste reactor	2002	W M Stacey et al	https://doi.org/10.1016/S0920-3796(02)00147-3	peer-reviewed design study	proposed	integrated concept study	Can relax fusion gain by multiplying energy in a fission blanket, but combines the licensing, materials and fuel-cycle burdens of both technologies.
hybrid-nuclear	Fusion-fission hybrid breeder	D-T driver plus uranium/thorium blanket	Recent Progress in Fusion-Fission Hybrid Reactor Design Studies	1981	J A Maniscalco et al	https://doi.org/10.13182/FST81-A19943	peer-reviewed design review	proposed	conceptual reactor designs	Potential neutron and energy multiplication is well founded, but no power hybrid has integrated a fusion driver with a reactor blanket.
hybrid-energy	Nuclear-renewable hybrid energy system	fission plus renewables/hydrogen/process heat	Nuclear-renewable hybrid energy systems: 2016 technology development program plan	2016	Idaho National Laboratory	https://doi.org/10.2172/1333006	government R&D plan	proposed	system simulation and test planning	Uses mature components in a novel tightly coupled system; value depends on market design, control, heat transport and economics rather than new nuclear physics.
space-nuclear	Fission fragment rocket	direct fission-fragment exhaust	Studies of Fission Fragment Rocket Engine Propelled Spacecraft	2014	R Werka et al / NASA	https://ntrs.nasa.gov/citations/20150002578	government concept study	theoretical	spacecraft concept	Very high theoretical specific impulse is offset by low-density critical-core, fragment escape, heat rejection, radiological and test constraints; no engine demonstration.
space-nuclear	Aerogel-core fission fragment rocket	low-density fissile aerogel	Aerogel Core Fission Fragment Rocket Engine	2023	NASA NIAC / Positron Dynamics	https://www.nasa.gov/directorates/spacetech/niac/2023/Aerogel_Core_Fission_Fragment_Rocket_Engine/	NIAC concept study	theoretical	early feasibility study	Funded for concept exploration, not evidence that a critical aerogel core or direct-thrust engine is feasible.
space-nuclear	Nuclear thermal rocket	solid-core fission heating hydrogen	Rover Nuclear Rocket Engine Program: Final Report	1991	NASA and DOE	https://ntrs.nasa.gov/citations/19920005899	government programme report	system-demonstrated	ground-tested engines	Unlike most speculative entries, high-power reactors were ground tested; flight qualification, modern fuel, safety and programme deployment remain outstanding.
space-fusion	Direct Fusion Drive	FRC fusion propulsion and electric power	A direct fusion drive for rocket propulsion	2014	S A Cohen et al	https://doi.org/10.1016/j.actaastro.2014.08.008	peer-reviewed mission/concept study	proposed	mission analysis	Mission performance assumes a compact fusion core that has not demonstrated reactor conditions or net power.
chemical-plasma	Non-thermal plasma CO2 conversion	CO and oxygen/syngas	CO2 conversion by plasma: how to get efficient CO2 conversion and high energy efficiency	2021	A Bogaerts and E C Neyts	https://doi.org/10.1039/D0CP05275B	peer-reviewed critical review	component-demonstrated	laboratory reactors	Conversion is repeatedly demonstrated, but energy efficiency, selectivity, quenching and scale-up must compete with electrochemical and thermochemical routes.
chemical-plasma	Plasma-catalytic ammonia synthesis	N2 plus H2	Plasma-Catalytic Ammonia Synthesis Beyond the Equilibrium	2021	Oak Ridge-led team	https://www.osti.gov/servlets/purl/1803043	peer-reviewed experiment manuscript	component-demonstrated	laboratory reactor	Plasma-catalyst synergy is measurable; throughput and energy yield remain far from displacing optimized Haber-Bosch at scale.
photochemical	Particulate photocatalytic panel reactor	solar water splitting to hydrogen	Photocatalytic solar hydrogen production from water on a 100-m2 scale	2021	T Takata et al	https://doi.org/10.1038/s41586-021-03907-3	peer-reviewed field demonstration	system-demonstrated	100-square-metre pilot	Safe months-long operation was shown, but peak solar-to-hydrogen efficiency was only 0.76% and the reported system was energy-negative overall.
solar-thermochemical	Ceria redox solar aerosol reactor	H2O/CO2 splitting	Experimental Demonstration of the Thermochemical Reduction of Ceria in a Solar Aerosol Reactor	2016	M Welte et al	https://doi.org/10.1021/acs.iecr.6b02853	peer-reviewed experiment	component-demonstrated	2-kWth prototype	Fast high-temperature reduction was demonstrated; particle sintering, heat recovery, cycling and full-system efficiency govern scale-up.
solar-thermochemical	Integrated solar tower fuel plant	syngas to kerosene	A solar tower fuel plant for the thermochemical production of kerosene from H2O and CO2	2022	A Zoller et al	https://doi.org/10.1016/j.joule.2022.06.012	peer-reviewed pilot demonstration	system-demonstrated	demonstration plant	An integrated sunlight-to-liquid-fuel chain operated, but efficiency, capital intensity and durable large-scale operation remain pre-commercial.
sonochemical	Ultrasound-assisted hydrogen reactor	water/methanol sonoelectrochemistry	Ultrasound-assisted electrochemical hydrogen production in a 300 kHz sonoreactor	2026	S Akay et al	https://doi.org/10.1016/j.ultsonch.2026.107833	peer-reviewed experiment	component-demonstrated	laboratory reactor	Hydrogen generation was measurable, but absolute output was micromoles per minute and energy efficiency far below conventional electrolysis.
bioelectrochemical	Microbial fuel cell	wastewater to electricity	Bio-electrochemical frameworks governing microbial fuel cell performance	2022	A comprehensive author team	https://doi.org/10.1039/D1RA08487A	peer-reviewed critical review	component-demonstrated	lab and limited pilot systems	Electricity and treatment are real, but low current density, stability, materials cost and poorer scale efficiency prevent mainstream power generation.
bioelectrochemical	Microbial electrolysis cell	wastewater plus bias to hydrogen	Microbial bioelectrosynthesis of hydrogen: Current challenges and scale-up	2016	P Bakonyi et al	https://doi.org/10.1016/j.enzmictec.2016.09.002	peer-reviewed review	component-demonstrated	lab and pilot systems	Hydrogen and treatment co-production is established at small scale; applied voltage, electrode cost, fouling and gas purity complicate commercial scale-up.
hybrid-chemical	Artificial photosynthesis plus photovoltaic/photothermal stages	CO2 to CO	A new artificial photosynthetic system coupling photovoltaic electrocatalysis with photothermal catalysis	2022	Chinese research consortium	https://arxiv.org/abs/2204.04971	preprint experiment	component-demonstrated	square-metre outdoor demonstration	Reports high solar-to-chemical performance in an integrated prototype; durability, independent replication and complete lifecycle economics need validation.
hybrid-chemical	Plasma-catalyst CO2 conversion	CO2 to fuels/chemicals	Plasma-based CO2 conversion: How to correctly analyze the performance?	2023	A Bogaerts et al	https://doi.org/10.1016/j.jechem.2023.07.005	peer-reviewed critical review	component-demonstrated	measurement and method audit	Highlights inconsistent efficiency definitions and mass balances; many apparent advances cannot yet be compared reliably.
