stable_id	name	aliases	country	latitude	longitude	coordinate_precision	configuration	device_subtype	status	organization	first_operation_date	last_operation_date	source_url	source_role	retrieved_date	license	verification_evidence_notes
fusionbenchmark:cfetr										Institute of Plasma Physics, Chinese Academy of Sciences (ASIPP; project lead)			https://english.ipp.cas.cn/syxw/201812/t20181214_275108.html	primary institution project announcement	2026-09-28	Source copyright retained; factual metadata only	ASIPP states that it leads the CFETR-support facilities project and describes CFETR engineering design and R&D. Organization is recorded as project lead, not sole owner or operator.
fusionbenchmark:eu-demo										EUROfusion Consortium			https://euro-fusion.org/programme/demo/	primary programme page	2026-09-28	Source copyright retained; factual metadata only	EUROfusion identifies laying the foundation for DEMO as the objective of its Fusion Technology Programme. DEMO remains a programme/design rather than an operating facility.
fusionbenchmark:mast			United Kingdom							UK Atomic Energy Authority		2013	https://assets.publishing.service.gov.uk/media/611251268fa8f506c353a030/UKAEA_Annual_Report_and_Accounts_2020_21_P52.pdf	primary government annual report	2026-09-28	Open Government Licence v3.0	UKAEA states that MAST ran its final experiment in 2013 and was then developed into MAST Upgrade. The source identifies UKAEA and Culham context; no first-operation date is added.
fusionbenchmark:start			United Kingdom							UK Atomic Energy Authority			https://assets.publishing.service.gov.uk/media/63ea4173e90e077bb6c6d0fa/Our_Strategy_2022-2026.pdf	primary government strategy	2026-09-28	Open Government Licence v3.0	UKAEA identifies START as the first full-sized spherical tokamak operated at Culham and as the predecessor to MAST. No dates are added because this source does not state them precisely.
fusionbenchmark:joint-european-torus											1983-06-25	2023-12-18	https://www.gov.uk/government/news/pioneering-jet-delivers-final-plasma	primary government/operator announcement	2026-09-28	Open Government Licence v3.0	UKAEA states that JET's first pulse was 25 June 1983 and its final plasma pulse was 18 December 2023.
fusionbenchmark:mast-u											2020-10-27		https://assets.publishing.service.gov.uk/media/611251268fa8f506c353a030/UKAEA_Annual_Report_and_Accounts_2020_21_P52.pdf	primary government annual report	2026-09-28	Open Government Licence v3.0	UKAEA reports that MAST Upgrade ran its first plasma on 27 October 2020.
fusionbenchmark:national-ignition-facility											2009-03		https://nifuserguide.llnl.gov/home/1-national-ignition-facility-overview/11-national-ignition-facility-users	primary operator user guide	2026-09-28	Source copyright retained; factual metadata only	LLNL states that NIF construction was completed and full operations began in March 2009. Month precision is preserved.
fusionbenchmark:tftr											1982-12-24	1997-04-04	https://www.pppl.gov/timeline	primary laboratory timeline	2026-09-28	Source copyright retained; factual metadata only	PPPL records TFTR first plasma on 24 December 1982 and completion of its last experimental series on 4 April 1997.
fusionbenchmark:jt-60sa									Under upgrade (post-first-plasma)		2023-10-23		https://www.qst.go.jp/site/jt60/progress.html	primary government research institute status page	2026-09-28	Source copyright retained; factual metadata only	QST states that JT-60SA achieved first plasma on 23 October 2023 and is currently undergoing an approximately two-year performance upgrade. Status is a current lifecycle description, not a claim of routine experimental operation.
fusionbenchmark:kstar											2008-07-15		https://www.kfe.re.kr/board.es%3Bjsessionid%3DEB21B6D692C177C7E8A455F0D59EAAE0?act=view&bid=0026&keyField=&keyWord=cooler&list_no=7584&mid=a20402000000	primary operator announcement	2026-09-28	Source copyright retained; factual metadata only	KFE states that KSTAR achieved first plasma on 15 July 2008.
fusionbenchmark:west				43.717644	5.749712	host-campus GPS point published by CEA; not a device-building survey					2016-12-14		https://www.cea.fr/cad/Pages/Infos%20pratiques/Informations-pratiques.aspx | https://www.cea.fr/english/Pages/News/First-plasma-for-WEST-the-tokamak-is-ready-to-test-ITER%27s-internal-components.aspx	primary government research campus coordinates and device announcement	2026-09-28	Source copyright retained; factual metadata only	CEA publishes these GPS coordinates for the CEA Cadarache centre and separately identifies WEST as its Cadarache tokamak. CEA reports WEST first plasma on 14 December 2016. Coordinates are campus-level and are not inferred from a city centroid.
fusion-enrichment:cea-tore-supra				43.717644	5.749712	host-campus GPS point published by CEA; not a device-building survey							https://www.cea.fr/cad/Pages/Infos%20pratiques/Informations-pratiques.aspx | https://www.cea.fr/comprendre/Pages/energies/nucleaire/essentiel-sur-la-fusion-nucleaire.aspx	primary government research campus coordinates and facility history	2026-09-28	Source copyright retained; factual metadata only	CEA publishes these GPS coordinates for the CEA Cadarache centre and identifies Tore Supra as the Cadarache predecessor transformed into WEST. Coordinates are campus-level and are not inferred from a city centroid.
fusionbenchmark:nstx											1999-02-12		https://www.pppl.gov/timeline	primary laboratory timeline	2026-09-28	Source copyright retained; factual metadata only	PPPL records NSTX first plasma on 12 February 1999.
fusionbenchmark:nstx-u											2015-08-10		https://nstx.pppl.gov/DragNDrop/Scientific_Conferences/TOFE/2016/Battaglia_TOFE%20presentation.pdf	primary laboratory project presentation	2026-09-28	Source copyright retained; factual metadata only	A PPPL NSTX-U project presentation records first plasma on 10 August 2015.
fusionbenchmark:east											2006-09		https://english.ipp.cas.cn/syxw/202207/t20220704_275605.html	primary institution device report	2026-09-28	Source copyright retained; factual metadata only	ASIPP states that EAST achieved first plasma in September 2006. Month precision is preserved.
