country	records	missing_coordinates	missing_configuration	missing_device_subtype	missing_status	missing_organization	missing_first_operation_date	missing_last_operation_date
Australia	1	1	0	0	0	0	1	1
Brazil	3	3	0	0	0	0	3	3
Canada	2	2	0	0	0	0	1	2
China	12	12	0	0	0	0	11	12
Costa Rica	2	2	0	0	0	0	2	2
Czechia	2	2	0	0	0	0	2	2
Denmark	1	1	0	0	0	0	1	1
EG	1	1	0	0	0	0	1	1
France	6	4	0	0	0	0	3	5
Germany	10	10	0	0	0	0	5	5
India	3	3	0	0	0	0	3	3
Iran	3	3	0	0	0	0	3	3
Italy	3	3	0	0	0	0	3	3
Japan	22	22	0	0	0	0	21	22
Kazakhstan	1	1	0	0	0	0	1	1
LY	1	1	0	0	0	0	1	1
Pakistan	4	4	0	0	0	0	4	4
Portugal	1	1	0	0	0	0	1	1
Russia	12	12	0	0	0	0	12	12
South Korea	2	2	0	0	0	0	1	2
Spain	2	2	0	0	0	0	2	2
Sweden	1	1	0	0	0	0	1	1
Switzerland	2	2	0	0	0	0	2	2
Thailand	1	1	0	0	0	0	1	1
Ukraine	2	2	0	0	0	0	2	2
United Kingdom	8	8	0	0	0	0	5	6
United States	46	46	0	0	0	0	35	43
unknown	3	3	0	0	0	1	3	3
