source	source_record_id	reporting_year	facility_name	operator	country	lat	lon	source_north_lv95	source_east_lv95	nace_code	industrial_sector	ordinance_level_2	ordinance_level_3
swiss-prtr	4	2024	EMS-CHEMIE AG	Ems-Chemie AG	Switzerland	46.826386	9.430271	1188066	2751951	2016	4 - Chemische Industrie	a - Chemieanlagen zur industriellen Herstellung von organischen Grundchemikalien wie	8 - Basiskunststoffen (Polymeren, Chemiefasern, Fasern auf Zellstoffbasis)
swiss-prtr	6	2024	Novartis AG - Werk Basel St. Johann	Novartis AG - Werk Basel St. Johann	Switzerland	47.572518	7.579508	1269100	2610600	2110	4 - Chemische Industrie	e - Anlagen zur industriellen Herstellung von Grundarzneimitteln unter Verwendung eines chemischen oder biologischen Verfahrens	
swiss-prtr	11	2024	Varo Refining Cressier SA	Varo Refining Cressier SA	Switzerland	47.040038	7.035795	1209968	2569384	1920	1 - Energiesektor	a - Mineralöl- und Gasraffinerien	
swiss-prtr	12	2024	Bachem AG	Bachem AG	Switzerland	47.443079	7.732157	1254740	2622140	2110	4 - Chemische Industrie	e - Anlagen zur industriellen Herstellung von Grundarzneimitteln unter Verwendung eines chemischen oder biologischen Verfahrens	
swiss-prtr	16	2024	DSM Nutritional Products AG - Werk Sisseln	DSM Nutritional Products AG	Switzerland	47.547638	7.978615	1266464	2640650	2110	4 - Chemische Industrie	e - Anlagen zur industriellen Herstellung von Grundarzneimitteln unter Verwendung eines chemischen oder biologischen Verfahrens	
swiss-prtr	29	2024	Merck & Cie KmG	Merck & Cie	Switzerland	47.702206	8.647919	1284210	2690768	2110	4 - Chemische Industrie	e - Anlagen zur industriellen Herstellung von Grundarzneimitteln unter Verwendung eines chemischen oder biologischen Verfahrens	
swiss-prtr	30	2024	Grünenthal Firmen Schweiz	Grünenthal Firmen Schweiz	Switzerland	47.005000	9.080313	1207300	2724840	2110	4 - Chemische Industrie	e - Anlagen zur industriellen Herstellung von Grundarzneimitteln unter Verwendung eines chemischen oder biologischen Verfahrens	
swiss-prtr	32	2024	SANITIZED AG	SANITIZED AG	Switzerland	47.059872	7.618045	1212110	2613630	2059	4 - Chemische Industrie	d - Chemieanlagen zur industriellen Herstellung von Ausgangsstoffen für Pflanzenschutzmittel und Bioziden	
swiss-prtr	47	2024	Siegfried AG	Siegfried AG	Switzerland	47.289442	7.939731	1237738	2637906	2110	4 - Chemische Industrie	e - Anlagen zur industriellen Herstellung von Grundarzneimitteln unter Verwendung eines chemischen oder biologischen Verfahrens	
swiss-prtr	52	2024	Textilcolor AG	Textilcolor AG	Switzerland	47.116668	9.483329	1220430	2755157	2041	4 - Chemische Industrie	a - Chemieanlagen zur industriellen Herstellung von organischen Grundchemikalien wie	11 - Tensiden
swiss-prtr	55	2024	Chemische Fabrik Schärer & Schläpfer AG	Chemische Fabrik Schärer & Schläpfer AG	Switzerland	47.306461	7.872899	1239600	2632840	2041	4 - Chemische Industrie	a - Chemieanlagen zur industriellen Herstellung von organischen Grundchemikalien wie	11 - Tensiden
swiss-prtr	56	2024	Dottikon Exclusive Synthesis AG	Dottikon Exclusive Synthesis AG	Switzerland	47.373333	8.238617	1247252	2660420	2110	4 - Chemische Industrie	e - Anlagen zur industriellen Herstellung von Grundarzneimitteln unter Verwendung eines chemischen oder biologischen Verfahrens	
swiss-prtr	57	2024	Sigma-Aldrich Production GmbH	Sigma-Aldrich Production GmbH	Switzerland	47.174952	9.479527	1226900	2754700	2014	4 - Chemische Industrie	a - Chemieanlagen zur industriellen Herstellung von organischen Grundchemikalien wie	1 - einfachen Kohlenwasserstoffen (linearen oder ringförmigen, gesättigten oder ungesättigten, aliphatischen oder aromatischen)
swiss-prtr	64	2024	BASF Schweiz AG	BASF Schweiz AG	Switzerland	47.533945	7.668369	1264827	2617299	2014	4 - Chemische Industrie	a - Chemieanlagen zur industriellen Herstellung von organischen Grundchemikalien wie	4 - stickstoffhaltigen Kohlenwasserstoffen wie Aminen, Amiden, Nitroso-, Nitro- oder Nitratverbindungen,  Nitrilen, Cyanaten, Isocyanaten
swiss-prtr	67	2024	Cilag AG	Cilag AG	Switzerland	47.712086	8.640548	1285300	2690198	2110	4 - Chemische Industrie	e - Anlagen zur industriellen Herstellung von Grundarzneimitteln unter Verwendung eines chemischen oder biologischen Verfahrens	
swiss-prtr	75	2024	Cartaseta AG	Cartaseta AG	Switzerland	47.364722	7.976671	1246126	2640643	1722	6 - Be- und Verarbeitung von Papier und Holz	b - Industrieanlagen für die Herstellung von Papier und Pappe und sonstigen primären Holzprodukten (wie Spanplatten, Faserplatten und Sperrholz) mit einer Produktionskapazität von mindestens 20 t pro Tag	
swiss-prtr	76	2024	Perlen Papier AG	Perlen Papier AG	Switzerland	47.111936	8.368889	1218301	2670603	1712	6 - Be- und Verarbeitung von Papier und Holz	b - Industrieanlagen für die Herstellung von Papier und Pappe und sonstigen primären Holzprodukten (wie Spanplatten, Faserplatten und Sperrholz) mit einer Produktionskapazität von mindestens 20 t pro Tag	
swiss-prtr	81	2024	F. Hoffmann-La Roche AG	F. Hoffmann-La Roche AG	Switzerland	47.558890	7.608064	1267589	2612752	2110	4 - Chemische Industrie	e - Anlagen zur industriellen Herstellung von Grundarzneimitteln unter Verwendung eines chemischen oder biologischen Verfahrens	
swiss-prtr	83	2024	Société Suisse des Explosifs	Société Suisse des Explosifs	Switzerland	46.298652	7.949994	1127600	2639400	2051	4 - Chemische Industrie	f - Chemieanlagen zur industriellen Herstellung von Explosivstoffen und Feuerwerksmaterial	
swiss-prtr	86	2024	UCB Farchim SA	UCB Farchim SA	Switzerland	46.623407	7.041719	1163650	2569600	2110	4 - Chemische Industrie	e - Anlagen zur industriellen Herstellung von Grundarzneimitteln unter Verwendung eines chemischen oder biologischen Verfahrens	
swiss-prtr	88	2024	Collano AG	Collano AG	Switzerland	47.090420	9.504501	1217555	2756840	2052	4 - Chemische Industrie	a - Chemieanlagen zur industriellen Herstellung von organischen Grundchemikalien wie	2 - sauerstoffhaltigen Kohlenwasserstoffen wie Alkoholen, Aldehyden, Ketonen, Carbonsäuren, Estern, Acetaten, Ethern, Peroxiden, Epoxidharzen
swiss-prtr	100	2024	Vifor (International) AG	Vifor (International) AG	Switzerland	47.418347	9.336853	1253681	2743233	2110	4 - Chemische Industrie	e - Anlagen zur industriellen Herstellung von Grundarzneimitteln unter Verwendung eines chemischen oder biologischen Verfahrens	
swiss-prtr	102	2024	Dr. W. Kolb AG	Dr. W. Kolb AG	Switzerland	47.298888	8.442782	1239153	2675945	2041	4 - Chemische Industrie	a - Chemieanlagen zur industriellen Herstellung von organischen Grundchemikalien wie	11 - Tensiden
swiss-prtr	103	2024	CABB AG	CABB AG	Switzerland	47.529447	7.673343	1264328	2617675	2013	4 - Chemische Industrie	b - Chemieanlagen zur industriellen Herstellung von anorganischen Grundchemikalien wie	2 - Säuren wie Chromsäure, Flusssäure, Phosphorsäure, Salpetersäure, Salzsäure, Schwefelsäure, Oleum, schwefeligen Säuren
swiss-prtr	107	2024	Schweizer Zucker AG	Schweizer Zucker AG	Switzerland	47.040281	7.277505	1209929	2587754	1081	8 - Tierische und pflanzliche Produkte aus dem Lebensmittel- und Getränkesektor	b - Behandlung und Verarbeitung für die Herstellung von Nahrungsmittel- und Getränkeerzeugnissen aus:	2 - pflanzlichen Rohstoffen mit einer Produktionskapazität (Fertigprodukt) von mindestens 300 t pro Tag (Durchschnittswert aufgrund von Quartalszahlen)
swiss-prtr	113	2024	FFB-Group AG, Niederlassung Bischofszell	FFB-Group AG, Niederlassung Bischofszell	Switzerland	47.500181	9.237114	1262600	2735500	1032	8 - Tierische und pflanzliche Produkte aus dem Lebensmittel- und Getränkesektor	b - Behandlung und Verarbeitung für die Herstellung von Nahrungsmittel- und Getränkeerzeugnissen aus:	2 - pflanzlichen Rohstoffen mit einer Produktionskapazität (Fertigprodukt) von mindestens 300 t pro Tag (Durchschnittswert aufgrund von Quartalszahlen)
swiss-prtr	114	2024	SICPA SA	SICPA SA	Switzerland	46.702767	6.564081	1172768	2533117	2012	4 - Chemische Industrie	a - Chemieanlagen zur industriellen Herstellung von organischen Grundchemikalien wie	10 - Farbstoffen und Pigmenten
swiss-prtr	116	2024	BASF Schweiz AG Kaisten	BASF Schweiz AG Kaisten	Switzerland	47.546779	8.036390	1266400	2645000	2014	4 - Chemische Industrie	a - Chemieanlagen zur industriellen Herstellung von organischen Grundchemikalien wie	2 - sauerstoffhaltigen Kohlenwasserstoffen wie Alkoholen, Aldehyden, Ketonen, Carbonsäuren, Estern, Acetaten, Ethern, Peroxiden, Epoxidharzen
swiss-prtr	121	2024	Tela GmbH	Tela GmbH	Switzerland	47.274718	7.704180	1236014	2620093	1722	6 - Be- und Verarbeitung von Papier und Holz	b - Industrieanlagen für die Herstellung von Papier und Pappe und sonstigen primären Holzprodukten (wie Spanplatten, Faserplatten und Sperrholz) mit einer Produktionskapazität von mindestens 20 t pro Tag	
swiss-prtr	122	2024	Elsa Group SA	Elsa Group SA	Switzerland	46.845994	6.851612	1188485	2555225	1051	8 - Tierische und pflanzliche Produkte aus dem Lebensmittel- und Getränkesektor	c - Anlagen zur Behandlung und Verarbeitung von Milch mit einer Aufnahmekapazität von mindestens 200 t pro Tag (Durchschnittswert aufgrund von jährlichen Zahlen)	
swiss-prtr	129	2024	Celanese Production Switzerland AG	Celanese Production Switzerland AG	Switzerland	47.269197	8.056147	1235550	2646730	2016	4 - Chemische Industrie	a - Chemieanlagen zur industriellen Herstellung von organischen Grundchemikalien wie	8 - Basiskunststoffen (Polymeren, Chemiefasern, Fasern auf Zellstoffbasis)
swiss-prtr	132	2024	Firmenich SA	Firmenich SA	Switzerland	46.177794	6.003873	1115049	2489211	2042	4 - Chemische Industrie	a - Chemieanlagen zur industriellen Herstellung von organischen Grundchemikalien wie	2 - sauerstoffhaltigen Kohlenwasserstoffen wie Alkoholen, Aldehyden, Ketonen, Carbonsäuren, Estern, Acetaten, Ethern, Peroxiden, Epoxidharzen
swiss-prtr	139	2024	HAS Healthcare Advanced Synthesis SA	HAS Healthcare Advanced Synthesis SA	Switzerland	46.341661	8.973329	1133408	2718148	2110	4 - Chemische Industrie	e - Anlagen zur industriellen Herstellung von Grundarzneimitteln unter Verwendung eines chemischen oder biologischen Verfahrens	
swiss-prtr	140	2024	Haleon CH SARL	Haleon CH SARL	Switzerland	46.392418	6.239258	1138600	2507750	2110	4 - Chemische Industrie	e - Anlagen zur industriellen Herstellung von Grundarzneimitteln unter Verwendung eines chemischen oder biologischen Verfahrens	
swiss-prtr	142	2024	Feldschlösschen Supply Company AG	Feldschlösschen Supply Company AG	Switzerland	47.554164	7.795862	1267111	2626889	1105	8 - Tierische und pflanzliche Produkte aus dem Lebensmittel- und Getränkesektor	b - Behandlung und Verarbeitung für die Herstellung von Nahrungsmittel- und Getränkeerzeugnissen aus:	2 - pflanzlichen Rohstoffen mit einer Produktionskapazität (Fertigprodukt) von mindestens 300 t pro Tag (Durchschnittswert aufgrund von Quartalszahlen)
swiss-prtr	143	2024	GMT fine chemicals SA	GMT fine chemicals SA	Switzerland	46.929965	6.639910	1197962	2539173	2110	4 - Chemische Industrie	e - Anlagen zur industriellen Herstellung von Grundarzneimitteln unter Verwendung eines chemischen oder biologischen Verfahrens	
swiss-prtr	150	2024	Avery Dennison Materials Europe GmbH	Avery Dennison Materials Europe GmbH	Switzerland	47.644613	9.190588	1278576	2731637	2016	4 - Chemische Industrie	a - Chemieanlagen zur industriellen Herstellung von organischen Grundchemikalien wie	8 - Basiskunststoffen (Polymeren, Chemiefasern, Fasern auf Zellstoffbasis)
swiss-prtr	158	2024	CARBOGEN AMCIS AG	CARBOGEN AMCIS AG	Switzerland	47.440832	7.731349	1254490	2622080	2110	4 - Chemische Industrie	e - Anlagen zur industriellen Herstellung von Grundarzneimitteln unter Verwendung eines chemischen oder biologischen Verfahrens	
swiss-prtr	162	2024	Bachem S.A.	Bachem S.A.	Switzerland	46.306290	6.905920	1128460	2558960	2110	4 - Chemische Industrie	e - Anlagen zur industriellen Herstellung von Grundarzneimitteln unter Verwendung eines chemischen oder biologischen Verfahrens	
swiss-prtr	165	2024	CARBOGEN AMCIS AG	CARBOGEN AMCIS AG	Switzerland	47.390073	8.041388	1248980	2645510	2110	4 - Chemische Industrie	e - Anlagen zur industriellen Herstellung von Grundarzneimitteln unter Verwendung eines chemischen oder biologischen Verfahrens	
swiss-prtr	166	2024	CARBOGEN AMCIS AG	CARBOGEN AMCIS AG	Switzerland	47.386359	8.111406	1248610	2650800	2110	4 - Chemische Industrie	e - Anlagen zur industriellen Herstellung von Grundarzneimitteln unter Verwendung eines chemischen oder biologischen Verfahrens	
swiss-prtr	167	2024	Axalta Polymer Powders Switzerland Sàrl	Axalta Polymer Powders Switzerland Sàrl	Switzerland	46.614999	7.045280	1162714	2569868	2016	4 - Chemische Industrie	a - Chemieanlagen zur industriellen Herstellung von organischen Grundchemikalien wie	8 - Basiskunststoffen (Polymeren, Chemiefasern, Fasern auf Zellstoffbasis)
swiss-prtr	180	2024	Baxalta Manufacturing Sarl	Baxalta Manufacturing Sarl	Switzerland	47.000233	6.909423	1205600	2559750	2110	4 - Chemische Industrie	e - Anlagen zur industriellen Herstellung von Grundarzneimitteln unter Verwendung eines chemischen oder biologischen Verfahrens	
swiss-prtr	181	2024	Siegfried Evionnaz SA	Siegfried Evionnaz SA	Switzerland	46.172783	7.023880	1113564	2567969	2110	4 - Chemische Industrie	e - Anlagen zur industriellen Herstellung von Grundarzneimitteln unter Verwendung eines chemischen oder biologischen Verfahrens	
swiss-prtr	187	2024	DSM Nutrional Products - Werk Lalden	DSM Nutrional Products - Werk Lalden	Switzerland	46.302313	7.881885	1127975	2634150	2014	4 - Chemische Industrie	a - Chemieanlagen zur industriellen Herstellung von organischen Grundchemikalien wie	1 - einfachen Kohlenwasserstoffen (linearen oder ringförmigen, gesättigten oder ungesättigten, aliphatischen oder aromatischen)
swiss-prtr	188	2024	Merck SA	Merck Serono SA	Switzerland	46.482756	6.862383	1148100	2555750	2110	4 - Chemische Industrie	e - Anlagen zur industriellen Herstellung von Grundarzneimitteln unter Verwendung eines chemischen oder biologischen Verfahrens	
swiss-prtr	189	2024	analytecon sa	analytecon sa	Switzerland	46.931281	6.650750	1198100	2540000	2014	4 - Chemische Industrie	a - Chemieanlagen zur industriellen Herstellung von organischen Grundchemikalien wie	1 - einfachen Kohlenwasserstoffen (linearen oder ringförmigen, gesättigten oder ungesättigten, aliphatischen oder aromatischen)
swiss-prtr	194	2024	Syngenta Crop Protection Monthey SA	Syngenta Crop Protection Monthey SA	Switzerland	46.252939	6.965317	1122500	2563500	2020	4 - Chemische Industrie	d - Chemieanlagen zur industriellen Herstellung von Ausgangsstoffen für Pflanzenschutzmittel und Bioziden	
swiss-prtr	204	2024	Novartis AG - Werk Basel Klybeck	Novartis AG - Werk Basel St. Johann	Switzerland	47.571381	7.589592	1268975	2611359	2110	4 - Chemische Industrie	e - Anlagen zur industriellen Herstellung von Grundarzneimitteln unter Verwendung eines chemischen oder biologischen Verfahrens	
swiss-prtr	205	2024	Novartis Pharma Schweizerhalle AG	Novartis AG - Werk Basel St. Johann	Switzerland	47.531904	7.668374	1264600	2617300	2110	4 - Chemische Industrie	e - Anlagen zur industriellen Herstellung von Grundarzneimitteln unter Verwendung eines chemischen oder biologischen Verfahrens	
swiss-prtr	207	2024	Pentapharm AG	Pentapharm AG	Switzerland	47.481197	7.604474	1258950	2612500	2110	4 - Chemische Industrie	e - Anlagen zur industriellen Herstellung von Grundarzneimitteln unter Verwendung eines chemischen oder biologischen Verfahrens	
swiss-prtr	213	2024	Gnosis Bioresearch SA	Gnosis Bioresearch SA	Switzerland	46.156366	8.964449	1112800	2717865	2110	4 - Chemische Industrie	e - Anlagen zur industriellen Herstellung von Grundarzneimitteln unter Verwendung eines chemischen oder biologischen Verfahrens	
swiss-prtr	215	2024	Schweizer Zucker AG	Schweizer Zucker AG	Switzerland	47.556113	8.875269	1268256	2708128	1081	8 - Tierische und pflanzliche Produkte aus dem Lebensmittel- und Getränkesektor	b - Behandlung und Verarbeitung für die Herstellung von Nahrungsmittel- und Getränkeerzeugnissen aus:	2 - pflanzlichen Rohstoffen mit einer Produktionskapazität (Fertigprodukt) von mindestens 300 t pro Tag (Durchschnittswert aufgrund von Quartalszahlen)
swiss-prtr	235	2024	SI Group-Switzerland GmbH	SI Group-Switzerland GmbH	Switzerland	47.521808	7.679483	1263480	2618140	2014	4 - Chemische Industrie	a - Chemieanlagen zur industriellen Herstellung von organischen Grundchemikalien wie	2 - sauerstoffhaltigen Kohlenwasserstoffen wie Alkoholen, Aldehyden, Ketonen, Carbonsäuren, Estern, Acetaten, Ethern, Peroxiden, Epoxidharzen
swiss-prtr	241	2024	Merck & Cie KmG	Merck & Cie KmG	Switzerland	46.867213	8.633607	1191370	2691107	2110	4 - Chemische Industrie	e - Anlagen zur industriellen Herstellung von Grundarzneimitteln unter Verwendung eines chemischen oder biologischen Verfahrens	
swiss-prtr	242	2024	Emmi Schweiz AG	Emmi Schweiz AG	Switzerland	46.960833	7.481666	1201085	2603275	1051	8 - Tierische und pflanzliche Produkte aus dem Lebensmittel- und Getränkesektor	c - Anlagen zur Behandlung und Verarbeitung von Milch mit einer Aufnahmekapazität von mindestens 200 t pro Tag (Durchschnittswert aufgrund von jährlichen Zahlen)	
swiss-prtr	243	2024	Emmi Schweiz AG	Emmi Schweiz AG	Switzerland	47.214997	7.978333	1229481	2640883	1051	8 - Tierische und pflanzliche Produkte aus dem Lebensmittel- und Getränkesektor	c - Anlagen zur Behandlung und Verarbeitung von Milch mit einer Aufnahmekapazität von mindestens 200 t pro Tag (Durchschnittswert aufgrund von jährlichen Zahlen)	
swiss-prtr	244	2024	Emmi Schweiz AG	Emmi Schweiz AG	Switzerland	47.082496	8.307761	1214975	2666000	1051	8 - Tierische und pflanzliche Produkte aus dem Lebensmittel- und Getränkesektor	c - Anlagen zur Behandlung und Verarbeitung von Milch mit einer Aufnahmekapazität von mindestens 200 t pro Tag (Durchschnittswert aufgrund von jährlichen Zahlen)	
swiss-prtr	245	2024	Mittelland Molkerei AG	Emmi Schweiz AG	Switzerland	47.366382	8.076389	1246367	2648174	1051	8 - Tierische und pflanzliche Produkte aus dem Lebensmittel- und Getränkesektor	c - Anlagen zur Behandlung und Verarbeitung von Milch mit einer Aufnahmekapazität von mindestens 200 t pro Tag (Durchschnittswert aufgrund von jährlichen Zahlen)	
swiss-prtr	250	2024	Model AG	Model AG	Switzerland	47.562416	9.101582	1269293	2725144	1721	6 - Be- und Verarbeitung von Papier und Holz	b - Industrieanlagen für die Herstellung von Papier und Pappe und sonstigen primären Holzprodukten (wie Spanplatten, Faserplatten und Sperrholz) mit einer Produktionskapazität von mindestens 20 t pro Tag	
swiss-prtr	251	2024	Syngenta Crop Protection AG Münchwilen	Syngenta Crop Protection AG Münchwilen	Switzerland	47.543050	7.971117	1265950	2640089	2020	4 - Chemische Industrie	d - Chemieanlagen zur industriellen Herstellung von Ausgangsstoffen für Pflanzenschutzmittel und Bioziden	
swiss-prtr	254	2024	Syngenta Crop Protection AG Münchwilen	Syngenta Crop Protection AG Münchwilen	Switzerland	47.544995	8.035281	1266201	2644918	2020	4 - Chemische Industrie	d - Chemieanlagen zur industriellen Herstellung von Ausgangsstoffen für Pflanzenschutzmittel und Bioziden	
swiss-prtr	265	2024	BASF Suisse SA, site de Monthey	BASF Suisse SA	Switzerland	46.252939	6.965317	1122500	2563500	2041	4 - Chemische Industrie	a - Chemieanlagen zur industriellen Herstellung von organischen Grundchemikalien wie	11 - Tensiden
swiss-prtr	268	2024	LONZA AG	LONZA AG	Switzerland	46.296701	7.888199	1127354	2634640	2110	4 - Chemische Industrie	e - Anlagen zur industriellen Herstellung von Grundarzneimitteln unter Verwendung eines chemischen oder biologischen Verfahrens	
swiss-prtr	284	2024	Cerbios-Pharma SA	Cerbios-Pharma SA	Switzerland	45.963605	8.922500	1091313	2715030	2110	4 - Chemische Industrie	e - Anlagen zur industriellen Herstellung von Grundarzneimitteln unter Verwendung eines chemischen oder biologischen Verfahrens	
swiss-prtr	316	2024	OM PHARMA	OM PHARMA	Switzerland	46.225178	6.074906	1120218	2494787	2110	4 - Chemische Industrie	e - Anlagen zur industriellen Herstellung von Grundarzneimitteln unter Verwendung eines chemischen oder biologischen Verfahrens	
swiss-prtr	321	2024	CONICA AG	CONICA AG	Switzerland	47.721669	8.669436	1286399	2692349	2016	4 - Chemische Industrie	a - Chemieanlagen zur industriellen Herstellung von organischen Grundchemikalien wie	8 - Basiskunststoffen (Polymeren, Chemiefasern, Fasern auf Zellstoffbasis)
swiss-prtr	327	2024	Merck Serono SA	Merck Serono SA	Switzerland	46.486408	6.401289	1148870	2520350	2110	4 - Chemische Industrie	e - Anlagen zur industriellen Herstellung von Grundarzneimitteln unter Verwendung eines chemischen oder biologischen Verfahrens	
swiss-prtr	338	2024	Huntsman Advanced Materials Switzerland	Huntsman Advanced Materials Switzerland	Switzerland	46.252939	6.965317	1122500	2563500	2016	4 - Chemische Industrie	a - Chemieanlagen zur industriellen Herstellung von organischen Grundchemikalien wie	8 - Basiskunststoffen (Polymeren, Chemiefasern, Fasern auf Zellstoffbasis)
swiss-prtr	349	2024	Dr. Petry Chemie AG	Textilchemie Dr. Petry GmbH	Switzerland	47.260848	9.506601	1236500	2756500	2041	4 - Chemische Industrie	a - Chemieanlagen zur industriellen Herstellung von organischen Grundchemikalien wie	4 - stickstoffhaltigen Kohlenwasserstoffen wie Aminen, Amiden, Nitroso-, Nitro- oder Nitratverbindungen,  Nitrilen, Cyanaten, Isocyanaten
swiss-prtr	350	2024	Gremolith AG	Gremolith AG	Switzerland	47.411383	9.070548	1252455	2723158	2016	4 - Chemische Industrie	a - Chemieanlagen zur industriellen Herstellung von organischen Grundchemikalien wie	8 - Basiskunststoffen (Polymeren, Chemiefasern, Fasern auf Zellstoffbasis)
swiss-prtr	351	2024	Givaudan Suisse SA site de Vernier	Givaudan Suisse SA site de Vernier	Switzerland	46.205370	6.079639	1118010	2495114	2042	4 - Chemische Industrie	a - Chemieanlagen zur industriellen Herstellung von organischen Grundchemikalien wie	2 - sauerstoffhaltigen Kohlenwasserstoffen wie Alkoholen, Aldehyden, Ketonen, Carbonsäuren, Estern, Acetaten, Ethern, Peroxiden, Epoxidharzen
swiss-prtr	353	2024	Biosynth AG	Biosynth Holding AG	Switzerland	47.482958	9.557378	1261288	2759675	2014	4 - Chemische Industrie	a - Chemieanlagen zur industriellen Herstellung von organischen Grundchemikalien wie	2 - sauerstoffhaltigen Kohlenwasserstoffen wie Alkoholen, Aldehyden, Ketonen, Carbonsäuren, Estern, Acetaten, Ethern, Peroxiden, Epoxidharzen
swiss-prtr	364	2024	Nitrochemie Wimmis AG	Nitrochemie Wimmis AG	Switzerland	46.687497	7.636939	1170717	2615170	2051	4 - Chemische Industrie	f - Chemieanlagen zur industriellen Herstellung von Explosivstoffen und Feuerwerksmaterial	
swiss-prtr	365	2024	CSL Behring AG	CSL Behring AG	Switzerland	46.961405	7.461630	1201148	2601750	2110	4 - Chemische Industrie	e - Anlagen zur industriellen Herstellung von Grundarzneimitteln unter Verwendung eines chemischen oder biologischen Verfahrens	
swiss-prtr	372	2024	Cremo SA	Cremo SA	Switzerland	46.799168	7.124443	1183160	2576014	1051	8 - Tierische und pflanzliche Produkte aus dem Lebensmittel- und Getränkesektor	c - Anlagen zur Behandlung und Verarbeitung von Milch mit einer Aufnahmekapazität von mindestens 200 t pro Tag (Durchschnittswert aufgrund von jährlichen Zahlen)	
swiss-prtr	373	2024	Cremo SA	Cremo SA	Switzerland	46.544176	6.628612	1155086	2537870	1051	8 - Tierische und pflanzliche Produkte aus dem Lebensmittel- und Getränkesektor	c - Anlagen zur Behandlung und Verarbeitung von Milch mit einer Aufnahmekapazität von mindestens 200 t pro Tag (Durchschnittswert aufgrund von jährlichen Zahlen)	
swiss-prtr	374	2024	Cremo SA	Cremo SA	Switzerland	46.711674	6.846939	1173556	2554756	1051	8 - Tierische und pflanzliche Produkte aus dem Lebensmittel- und Getränkesektor	c - Anlagen zur Behandlung und Verarbeitung von Milch mit einer Aufnahmekapazität von mindestens 200 t pro Tag (Durchschnittswert aufgrund von jährlichen Zahlen)	
swiss-prtr	385	2024	Walter Mäder AG	AetA Mäder SA	Switzerland	47.431938	8.355562	1253864	2669176	2016	4 - Chemische Industrie	a - Chemieanlagen zur industriellen Herstellung von organischen Grundchemikalien wie	8 - Basiskunststoffen (Polymeren, Chemiefasern, Fasern auf Zellstoffbasis)
swiss-prtr	398	2024	TRB CHEMEDICA SA	TRB CHEMEDICA SA	Switzerland	46.335715	6.896463	1131736	2558254	2110	4 - Chemische Industrie	e - Anlagen zur industriellen Herstellung von Grundarzneimitteln unter Verwendung eines chemischen oder biologischen Verfahrens	
swiss-prtr	411	2024	Janssen Vaccines	Johnson & Johnson	Switzerland	46.935417	7.386016	1198260	2595993	2110	4 - Chemische Industrie	e - Anlagen zur industriellen Herstellung von Grundarzneimitteln unter Verwendung eines chemischen oder biologischen Verfahrens	
swiss-prtr	414	2024	CARBOGEN AMCIS AG	CARBOGEN AMCIS AG	Switzerland	46.306204	6.906830	1128450	2559030	2110	4 - Chemische Industrie	e - Anlagen zur industriellen Herstellung von Grundarzneimitteln unter Verwendung eines chemischen oder biologischen Verfahrens	
swiss-prtr	419	2024	Bayer CropScience Schweiz AG	Bayer CropScience Schweiz AG	Switzerland	47.533778	7.661848	1264807	2616808	2020	4 - Chemische Industrie	d - Chemieanlagen zur industriellen Herstellung von Ausgangsstoffen für Pflanzenschutzmittel und Bioziden	
swiss-prtr	431	2024	Nestlé Suisse SA	Nestlé Suisse SA	Switzerland	46.880586	7.619717	1192179	2613803	1051	8 - Tierische und pflanzliche Produkte aus dem Lebensmittel- und Getränkesektor	c - Anlagen zur Behandlung und Verarbeitung von Milch mit einer Aufnahmekapazität von mindestens 200 t pro Tag (Durchschnittswert aufgrund von jährlichen Zahlen)	
swiss-prtr	432	2024	Clariant Additives (Switzerland) AG	Clariant Additives (Switzerland) AG	Switzerland	47.533704	7.663083	1264799	2616901	2014	4 - Chemische Industrie	a - Chemieanlagen zur industriellen Herstellung von organischen Grundchemikalien wie	5 - phosphorhaltigen  Kohlenwasserstoffen
swiss-prtr	434	2024	Hoffmann Neopac AG	Hoffmann Neopac AG	Switzerland	46.842094	7.620204	1187900	2613850	2222	9 - Sonstige Tätigkeiten	c - Anlagen zur Oberflächenbehandlung von Stoffen, Gegenständen oder Erzeugnissen unter Verwendung organischer Lösungsmittel, insbesondere zum Appretieren, Bedrucken, Beschichten, Entfetten, Imprägnieren, Kleben, Lackieren, Reinigen oder Tränken mit einer Verbrauchskapazität von mehr als 150 kg Lösungsmitteln pro Stunde oder von mehr als 200 t pro Jahr	
swiss-prtr	435	2024	Arxada AG	Arxada AG	Switzerland	46.298973	7.891411	1127608	2634886	2014	4 - Chemische Industrie	a - Chemieanlagen zur industriellen Herstellung von organischen Grundchemikalien wie	1 - einfachen Kohlenwasserstoffen (linearen oder ringförmigen, gesättigten oder ungesättigten, aliphatischen oder aromatischen)
swiss-prtr	437	2024	Zeochem AG	Zeochem AG	Switzerland	47.262206	8.854165	1235555	2707129	2014	4 - Chemische Industrie	a - Chemieanlagen zur industriellen Herstellung von organischen Grundchemikalien wie	1 - einfachen Kohlenwasserstoffen (linearen oder ringförmigen, gesättigten oder ungesättigten, aliphatischen oder aromatischen)
swiss-prtr	439	2024	Syngenta Crop Protection AG	Syngenta Crop Protection AG	Switzerland	47.532884	7.668192	1264709	2617286	2020	4 - Chemische Industrie	d - Chemieanlagen zur industriellen Herstellung von Ausgangsstoffen für Pflanzenschutzmittel und Bioziden	
swiss-prtr	440	2024	Colors & Effects Switzerland AG	Colors & Effects Switzerland AG	Switzerland	46.252939	6.965317	1122500	2563500	2012	4 - Chemische Industrie	a - Chemieanlagen zur industriellen Herstellung von organischen Grundchemikalien wie	10 - Farbstoffen und Pigmenten
swiss-prtr	443	2024	Emmi Schweiz AG	Emmi Schweiz AG	Switzerland	46.954267	9.562145	1202541	2761625	1051	8 - Tierische und pflanzliche Produkte aus dem Lebensmittel- und Getränkesektor	c - Anlagen zur Behandlung und Verarbeitung von Milch mit einer Aufnahmekapazität von mindestens 200 t pro Tag (Durchschnittswert aufgrund von jährlichen Zahlen)	
swiss-prtr	449	2024	Suedpack Bioggio SA	Suedpack Bioggio SA	Switzerland	46.006240	8.914425	1096040	2714315	2222	9 - Sonstige Tätigkeiten	c - Anlagen zur Oberflächenbehandlung von Stoffen, Gegenständen oder Erzeugnissen unter Verwendung organischer Lösungsmittel, insbesondere zum Appretieren, Bedrucken, Beschichten, Entfetten, Imprägnieren, Kleben, Lackieren, Reinigen oder Tränken mit einer Verbrauchskapazität von mehr als 150 kg Lösungsmitteln pro Stunde oder von mehr als 200 t pro Jahr	
swiss-prtr	450	2024	Micarna SA	Micarna SA	Switzerland	46.866317	7.120274	1190626	2575726	1012	8 - Tierische und pflanzliche Produkte aus dem Lebensmittel- und Getränkesektor	a - Anlagen zum Schlachten mit einer Schlachtkapazität (Tierkörper) von mindestens 50 t pro Tag	
