category	title	year	authors_or_org	url	local_file	access	status	notes
fundamentals	Chemical Reaction Engineering: From First Principles to AI-Assisted Practice	2026	Bengt Andersson, Chalmers University of Technology	https://research.chalmers.se/publication/551551		open	catalog-only	303-page open textbook; ideal reactors, non-ideal flow, catalysis, stability and risk Retained research copy SHA-256 953c57fccf5a7d3838ebdbad140df1dcb7553ada4850e11fac0574f4c494e8e9; copy held in owner-controlled local custody, not redistributed.
ideal-flow-biochemical	Chemical and Biological Reaction Engineering, MIT 10.37 lecture notes	2007	MIT OpenCourseWare	https://ocw.mit.edu/courses/10-37-chemical-and-biological-reaction-engineering-spring-2007/pages/lecture-notes/	01_ideal_flow_batch_cstr_pfr/	CC BY-NC-SA	downloaded	25 PDFs: kinetics, batch, CSTR, PFR, RTD, heat effects, chemostats, catalysis, packed beds and mass transfer
fundamentals	Elements of Chemical Reaction Engineering learning resources	2026	University of Michigan	https://websites.umich.edu/~elements/5e/asyLearn/bits.htm		public web	online-only	Batch, semibatch, CSTR, PFR, PBR, membrane and microreactor learning modules
multiphase	Process Intensification in Pneumatically Agitated Slurry Reactors	2021	T. Wang et al.	https://doi.org/10.1016/j.eng.2021.03.002		open access	online-only	Bubble-column and airlift slurry reactors; mixing, heat/mass transfer and scale-up
slurry	Slurry Reactor Design Studies: Reactor Selection Criteria	1990	US DOE / OSTI	https://www.osti.gov/servlets/purl/6844613		public	online-only	DOE report; fixed-bed and slurry-reactor comparison and kinetics
fluidized-bed	Fluidized Bed Reactor Design IV	2019	NPTEL / IIT Bombay	https://ndl.iitkgp.ac.in/he_document/nptel/nptel/N_C_E_C_R_E_I_N_L_42_F_B_R_D_I_883760378		open	online-only	Open lecture and transcript; part of a broader fluidization course
packed-trickle-bed	Trickle Bed Reactors	2011	V. V. Ranade et al.	https://doi.org/10.1016/B978-0-444-52739-4.00004-6		paywalled	paywalled-metadata	Reference chapter; no paywall bypass attempted
membrane	Membrane and Membrane Reactors Operations in Chemical Engineering	2019	Adolfo Iulianelli, ed.; MDPI	https://mdpi-res.com/bookfiles/book/1347/Membrane_and_Membrane_Reactors_Operations_in_Chemical_Engineering.pdf		open access	catalog-only	156-page open collection on membrane operations and reactors Retained research copy SHA-256 9649e2c7e86df89b33e64a6859c02aa9af154450666e535ed3e0f71726f61328; copy held in owner-controlled local custody, not redistributed. Retained 156-page book; cited article published 10 October 2018, book printed pages115-116. Book CC BY-NC-ND differs from individual article CC BY; original retrieval time unknown. Original retrieval time unknown; retained custody SHA-256 9649e2c7e86df89b33e64a6859c02aa9af154450666e535ed3e0f71726f61328. Original privately retained, not redistributed; complete entry review pending.
membrane	Design and Fabrication of Ceramic Catalytic Membrane Reactors	2018	Z. Cao et al.	https://doi.org/10.1016/j.eng.2017.05.001		open access	online-only	Dense and porous ceramic catalytic membrane designs and scale-up challenges
microreactor	Democratizing Microreactor Technology for Accelerated Discoveries in Chemistry and Materials Research	2024	Tomomi Sato, Koji Masuda, Chikako Sano, Keiji Matsumoto, Hidetoshi Numata, Susumu Munetoh, Toru Kasama and Ryo Miyake	https://pmc.ncbi.nlm.nih.gov/articles/PMC11434323/		open access	catalog-only	Local capture was a Google Recaptcha interstitial, not the article. Capture retained privately for provenance; it is not full text or evidence. Article URL retained as a catalogue reference. Author review, Micromachines15(9):1064, published23August2024; CC BY4.0. Corrects original Jensen attribution. Current full article is distinct from retained historical Recaptcha capture. Captured 2026-10-01T10:17:15.422531+00:00 over verified publisher TLS; SHA-256 bc1682f135766154b424af6f29a7302ab54981bb2ae38852002ff8b83d430f39. Original privately retained, not redistributed; complete entry review pending.
flow-chemistry	Continuous Flow Multi-step Organic Synthesis	2010	D. Webb and T. F. Jamison	https://doi.org/10.1039/C0SC00381F		open access	online-only	Foundational flow-chemistry review; conceptual rather than recipe-focused
catalysis	MIT 10.37 lectures 16-22: heterogeneous catalysis and transport	2007	MIT OpenCourseWare	https://ocw.mit.edu/courses/10-37-chemical-and-biological-reaction-engineering-spring-2007/pages/lecture-notes/	01_ideal_flow_batch_cstr_pfr/	CC BY-NC-SA	downloaded	Catalysis, external/internal mass transfer, porous catalyst effectiveness and packed beds
electrochemical	Fuel Cell Handbook, Seventh Edition	2004	US DOE / NETL	https://netl.doe.gov/sites/default/files/netl-file/FCHandbook7.pdf		public	catalog-only	427-page fundamentals and system engineering handbook Retained research copy SHA-256 e932647a66512fd3c3adc5793508d0b0abe2e0c28f6d8fe47a97756b88e77f79; copy held in owner-controlled local custody, not redistributed.
electrolyzers	Water Electrolysis Technology Assessment	2024	US Department of Energy	https://www.energy.gov/eere/fuelcells/technical-targets-water-electrolysis		public web	online-only	Current DOE technical targets and linked electrolyzer resources
electrochemical	Electrochemical Engineering	1999	Hartmut Wendt and Gerhard Kreysa	https://doi.org/10.1007/978-3-662-03851-2		paywalled	paywalled-metadata	Includes batch/PFR electrolyzers, porous electrodes and fuel-cell engineering
photocatalytic	Photocatalytic Reactor Design: Guidelines for Kinetic Investigation	2019	Aura Visan; J. Ruud van Ommen; Michiel T. Kreutzer; Rob G. H. Lammertink	https://doi.org/10.1021/acs.iecr.9b00381		CC BY-NC-ND	catalog-only	Published20March2019; all four authors verified from actual nine-page original. Retained research copy SHA-256 708ff7750f3b82105ccde14aae68db3f0f253205042c76075fd0e349cb5f0aa9; original retrieval date unknown. Relevant photocatalytic radiation, mass-transfer and reactor-design sections inspected. Original remains in owner-controlled private custody, not redistributed; complete entry review pending.
photocatalytic	TiO2 Solar Photocatalytic Reactor Systems: Selection for Scale-up	2016	Y. Abdel-Maksoud, E. Imam, A. Ramadan	https://doi.org/10.3390/catal6090138		open access	online-only	Reactor configuration comparison and commercialization criteria
plasma	Review of Non-Thermal Plasma Technology for Hydrogenation of Vegetable Oils and Biodiesel	2023	Wijittra Wongjaikham; Doonyapong Wongsawaeng; Kanokwan Ngaosuwan; Worapon Kiatkittipong; Suttichai Assabumrungrat	https://engj.org/index.php/ej/article/download/4489/1271		open access	catalog-only	Published31May2023; DOI10.4186/ej.2023.27.5.1. Actual27-page original title/authors verified; historical custody unchanged and original retrieval date unknown. DBD/hydrogenation context only; not a universal plasma or thermal-arc qualification. Retained original SHA-256 b55a49a71c6cb2ab6c6b7a990f52a7485ce94909484a3b18f9f215ee17ba0030. Original not redistributed; complete entry review pending.
plasma	Application-oriented non-thermal plasma in chemical reaction engineering: A review	2023	Yu Miao; Alexandre Yokochi; Goran Jovanovic; Suping Zhang; Annette von Jouanne	https://doi.org/10.1016/j.gerr.2023.100004		open access	online-only	Title/allfiveauthors verified from publisher-deposited Crossref metadata on1October2026; original primary metadata SHA-256 baa041300a1b51c196eeea526a7965077a9997ba1295e216aa35a1f2780f1832. Full article not obtained or inspected; metadata alone does not support reactor physical claims or redistribution permission.
plasma-scaleup	Scaling up plasma technology for decarbonization of the chemical industry	2026	H. V. Parambath et al.	https://doi.org/10.1038/s44359-026-00201-1		paywalled	paywalled-metadata	Recent thermal/non-thermal plasma scale-up review; metadata only
polymerization	Modeling and Control of Polymerization Reactors	1992	W. H. Ray	https://doi.org/10.1016/S1474-6670(17)50967-2		complimentary access	online-only	Survey of models, monitoring, control and critical operating problems
polymerization	Polymerization reactor modeling: developments and future directions	1996	C. Kiparissides	https://doi.org/10.1016/0009-2509(96)00024-3		paywalled	paywalled-metadata	Foundational review; no paywall bypass attempted
combustion	Combustion Engineering, Second Edition	1998	Kenneth W. Ragland and Kenneth M. Bryden	https://doi.org/10.1201/9781420092516		paywalled	paywalled-metadata	Combustors, flames, emissions and engineering analysis
gasification	Gasification-Based Biomass	1998	National Renewable Energy Laboratory	https://www.nrel.gov/docs/gen/fy98/24496.pdf		public	online-only	DOE/NREL technology characterization; gasifiers and pyrolysis role
pyrolysis-gasification	Thermochemical Process Development Unit: Researching Fuels from Biomass	2009	Kristi Theis / National Renewable Energy Laboratory	https://docs.nlr.gov/docs/fy09osti/44034.pdf		public	online-only	Four-page NREL/BR-510-44034; January2009 footer, not catalogue2008. Bibliographic author KristiTheis verified from official NLR research record. Actual pages1-3 describe pyrolysis without added oxygen, rapid heating, products and spray condensation. Printed page labels absent. Historical pilot capabilities, not universal liquid yield or current commercial acceptance. Existing catalogue attribution/date corrected from inspected original and official bibliography; previous URL https://www.nrel.gov/docs/fy09osti/44034.pdf. Historical document-custody metadata preserved. Publisher TLS capture 2026-10-01T12:50:38.774148+00:00. Original SHA-256 fd477960b693718b2e9ddc7e18d9023110904d57102004ed8f4b31c518e7f372. Relevant sections inspected; complete entry review pending.
hydrothermal	Supercritical Water Gasification: Practical Design Strategies and Operational Challenges for Lab-Scale, Continuous Flow Reactors	2019	Brian R. Pinkard; David J. Gorman; Kartik Tiwari; Elizabeth G. Rasmussen; John C. Kramlich; Per G. Reinhall; Igor V. Novosselov	https://arxiv.org/abs/1901.09466		open access	catalog-only	Retained31-page author manuscript matches original document custody hash. Retrieval unknown/null. Title/allsevenauthors corrected from original; publisher metadata2019 submission/revision distinct from unverified exact retained version designation. Introduction2, material/pressurisation7-8, clogging11-12 inspected. No universal carbon-neutral/economic/corrosion-free or industrial qualification claim. Existing catalogue attribution/date corrected from inspected original and official bibliography; previous URL https://arxiv.org/abs/1901.09466. Historical document-custody metadata preserved. Retained owner-controlled copy; original retrieval date unknown. Original SHA-256 baf447a7310d7f89eab283e94b415f812a8ad02bf45b786c33a9efd25966d276. Relevant sections inspected; complete entry review pending.
anaerobic-digestion	Anaerobic Digester/Biogas System Operator Guidebook	2020	David Palmer; Phil Lusk; U.S. Environmental Protection Agency, AgSTAR	https://www.epa.gov/sites/default/files/2020-11/documents/agstar-operator-guidebook.pdf		public	catalog-only	November2020, EPA430-B-20-003. PDF acknowledgements identify DavidPalmer andPhilLusk as primary authors; other contributors distinguished. Retained original; retrieval date unknown. Selected biology, feeding and mixing pages inspected, not all77pages. Feedstock/operating-design dependence; no universal stability or performance guarantee. Third-party figures not redistributed. Retained original; retrieval timestamp unknown. Original SHA-256 e9d635dff05de1090c06c9ff74e1dde16c9b044712b3c94f03486c3b6177b6de. Relevant sections inspected; complete entry review pending.
anaerobic-digestion	AgSTAR Project Development Handbook, Third Edition	2020	U.S. Environmental Protection Agency, AgSTAR	https://www.epa.gov/sites/production/files/2014-12/documents/agstar-handbook.pdf		public	catalog-only	Third edition, EPA430-B-20-001, April2020 as identified by the official publication page. Retained original; retrieval date unknown. Selected Chapter3 design pages inspected, not all132pages. Farm manure/slurry scope; no universal solids ranges, current plant counts or cost guarantees. Agency hosting does not determine third-party figure rights. Retained original; retrieval timestamp unknown. Original SHA-256 a53cb580ddc079869c9292f5804f3bb43aa7d69d835bc07c3e53f3d80e772cc2. Relevant sections inspected; complete entry review pending.
fermentation	Scale-up/Scale-down of microbial bioprocesses: a modern light on an old issue	2017	Frank Delvigne; Henk Noorman	https://pmc.ncbi.nlm.nih.gov/articles/PMC5481528/		open access	online-only	Published29May2017, July2017 issue; actual two-author perspective corrects original van den Heuvel attribution. Genuine full text inspected for metadata and retained privately; not admitted as proof of the four culture-mode physical claims.
fermentation	Understanding fermentation scale-up from flow field and physiology	2021	J. Xia et al.	https://doi.org/10.1016/j.cjche.2020.12.004		free-to-read	online-only	Mixing, mass transfer, shear and cellular response during scale-up
fed-batch	Recent advances in fed-batch microscale bioreactor design	2022	S. Teworte et al.	https://discovery.ucl.ac.uk/id/eprint/10194388/		open repository	online-only	Fed-batch microbioreactors, automation and scale-up risk reduction
safety	Scale-Up Reaction Safety	2026	University of Illinois Division of Research Safety	https://drs.illinois.edu/Page/SafetyLibrary/ScaleUpReactionSafety		public	catalog-only	Risk assessment, thermal runaway, induction periods and scale-up controls Retained research copy SHA-256 e3438323a1a01d710137629ef33d1e68a306bdb480351a14929bd56689086f2e; copy held in owner-controlled local custody, not redistributed.
safety	Improving Reactive Chemical Process Safety	2002	US Chemical Safety and Hazard Investigation Board	https://www.csb.gov/assets/1/20/reactiveincidentdatareport.pdf		US government public report	catalog-only	Reactive-hazard incident data, regulatory gaps and recommendations; historical findings should be checked against current rules. Retained research copy SHA-256 9d33dc9cb05314f07e456a1dc8049f7ada703284d06d6e67a05941d3af466091; copy held in owner-controlled local custody, not redistributed.
safety	Chemical Reaction Engineering Safety Modules	2026	University of Michigan SAFEChE	https://safeche.engin.umich.edu/courses/chemical-reaction-engineering/		public web	online-only	CSB-based reactor runaway, dust explosion and refinery case studies
safety	What do we know already about reactor runaway? A review	2021	A. Kummer and T. Varga	https://doi.org/10.1016/j.psep.2020.09.059		open access	online-only	Runaway criteria, thermal-risk analysis, semibatch operating boundaries and detection
safety	CCPS Golden Rules and Key Principles of Process Safety	2026	AIChE Center for Chemical Process Safety	https://ccps.aiche.org/publications/golden-rules-process-safety		public web	online-only	Public CCPS-aligned principles; detailed CCPS books are commercial
safety	Handbook for Process Safety in Laboratories and Pilot Plants	2023	CCPS / AIChE	https://www.wiley.com/en-us/Handbook+for+Process+Safety+in+Laboratories+and+Pilot+Plants%3A+A+Risk+based+Approach-p-9781119010135		paywalled	paywalled-metadata	Commercial reference cataloged only
taxonomy-citation	Types of Fuel Cells		US Department of Energy	https://www.energy.gov/cmei/fuels/types-fuel-cells		open-web	catalog-only	Source-inspected partial statement(s): Alkaline fuel cells; Molten carbonate fuel cells; Phosphoric acid fuel cells; Polymer electrolyte membrane fuel cells; Solid oxide fuel cells. Captured 2026-10-01; SHA-256 a3ce1c882f2c57e2e674f6fe090cd234104f8fdfcd7295ca60366776b858f175. Original held privately, not redistributed; full entry review remains pending.
taxonomy-citation	Hydrogen Production: Electrolysis		US Department of Energy	https://www.energy.gov/cmei/fuels/hydrogen-production-electrolysis		open-web	catalog-only	Source-inspected partial statement(s): Alkaline Electrolyzers; Polymer Electrolyte Membrane Electrolyzers; Solid Oxide Electrolyzers. Captured 2026-10-01; SHA-256 afe3c47885635320836a481e3e26aeb4a15eacd8e9cb7ba4c9f0df23bb901f85. Original held privately, not redistributed; full entry review remains pending.
taxonomy-citation	Anaerobic System Design and Technology		US Environmental Protection Agency	https://www.epa.gov/agstar/anaerobic-system-design-and-technology		open-web	catalog-only	Source-inspected partial statement(s): Anaerobic Digester Designs / Complete Mix; Anaerobic Digester Designs / Covered Lagoon; Anaerobic Digester Designs / Other Designs; Anaerobic Digester Designs / Plug Flow. Captured 2026-10-01; SHA-256 7740f24a4e09ea3855d645a55e11992c2c2c689e1a4e2230b2f8e11d5af89adb. Original held privately, not redistributed; full entry review remains pending.
taxonomy-citation	Industrial Wastewater Treatment: archived 2014 glossary		US Environmental Protection Agency	https://www3.epa.gov/ghgreporting/help/tool2014/definitions/industrial-wastewater.html		open-web	catalog-only	Source-inspected partial statement(s): Industrial Wastewater Treatment / paragraph (b)(1). Captured 2026-10-01; SHA-256 f5b1138d908105c0f36ea40484675c256054f41962df52919084730eb4402d55. Original held privately, not redistributed; full entry review remains pending.
electrochemical	Hydrogen Shot: Water Electrolysis Technology Assessment	2024	US DOE / HFTO	https://www.energy.gov/sites/default/files/2024-12/hydrogen-shot-water-electrolysis-technology-assessment.pdf		open-fulltext	catalog-only	DOE publisher technical-publications index dates the report December 2024, independently of PDF timestamps. Electrolyte, material, thermal integration and durability assessment; cost/lifetime targets and fleet statements are historical, not current acceptance. Captured 2026-10-01T07:49:15.106593+00:00 over verified publisher TLS. SHA-256 d7fba11ec82d897e73ebed7433732a377f991cc613bd1d2b0906ea4f4373a269; original privately retained, not redistributed.
electrochemical	Tailored Syngas via High Temperature H2O-CO2 Co-Electrolysis	2019	Olga A. Marina et al.; PNNL	https://www.pnnl.gov/main/publications/external/technical_reports/PNNL-29240.pdf		open-fulltext	catalog-only	Title pages October 2019; publisher page dated July 26, 2024 is a separate posting date. Named high-temperature steam/carbon-dioxide co-electrolysis button-cell report, not commercial-scale acceptance or universal numerical operating conditions. Captured 2026-10-01T07:55:22.852884+00:00 over verified publisher TLS. SHA-256 19afa20044426078d1e8d2f28fd96f4875019f38b5fb3a7e9c410c1d86b05934; original privately retained, not redistributed.
taxonomy-citation	Lecture 7: Batch Reactors	2007	K. Dane Wittrup; MIT OpenCourseWare	https://ocw.mit.edu/courses/10-37-chemical-and-biological-reaction-engineering-spring-2007/283b16fdf984efdf4e6f5ecccffac44a_lec07_02282007_w.pdf		public full text	catalog-only	Source-inspected partial physical-field support. Captured 2026-10-01T08:31:40.370985+00:00 over verified TLS; SHA-256 a3b6a033c61594131636b50f738358506aa5fa366052bcdc654292f96136b1d3. Original privately retained, not redistributed; complete entry review remains pending. Preliminary MIT 10.37 Spring 2007 lecture notes; source equations are not reproduced. CC BY-NC-SA source terms remain separate from authored metadata.
taxonomy-citation	Lecture 5: Continuous Stirred Tank Reactors (CSTRs)	2007	William H. Green; MIT OpenCourseWare	https://ocw.mit.edu/courses/10-37-chemical-and-biological-reaction-engineering-spring-2007/9289fe86a4778895a9584bb4fca5c5c2_lec05_02212007_g.pdf		public full text	catalog-only	Source-inspected partial physical-field support. Captured 2026-10-01T08:31:40.071105+00:00 over verified TLS; SHA-256 80eea84fc58bc763ba38a8c8c15a71cb00e998975de485e1d423106124946b27. Original privately retained, not redistributed; complete entry review remains pending. Preliminary MIT 10.37 Spring 2007 lecture notes; source equations are not reproduced. CC BY-NC-SA source terms remain separate from authored metadata.
taxonomy-citation	Lecture 8: The Plug Flow Reactor	2007	William H. Green; MIT OpenCourseWare	https://ocw.mit.edu/courses/10-37-chemical-and-biological-reaction-engineering-spring-2007/d4c77250b11a07b28ed55f826c83b376_lec08_03022007_g.pdf		public full text	catalog-only	Source-inspected partial physical-field support. Captured 2026-10-01T08:31:40.724517+00:00 over verified TLS; SHA-256 07be2e4b33dc8000835d11eafc3e7c073cbb49f5766dc9f60f12ace2fc1840f1. Original privately retained, not redistributed; complete entry review remains pending. Preliminary MIT 10.37 Spring 2007 lecture notes; source equations are not reproduced. CC BY-NC-SA source terms remain separate from authored metadata.
taxonomy-citation	Lecture 9: Reactor Size Comparisons for PFR and CSTR	2007	K. Dane Wittrup; MIT OpenCourseWare	https://ocw.mit.edu/courses/10-37-chemical-and-biological-reaction-engineering-spring-2007/7f66d10fe91facfed4a32695695f2996_lec09_03072007_w.pdf		public full text	catalog-only	Source-inspected partial physical-field support. Captured 2026-10-01T08:31:41.060485+00:00 over verified TLS; SHA-256 96924f5c0b2ce16e5b9cba9e90e62329000719c9db3e84a5fa5c748c8c84c84b. Original privately retained, not redistributed; complete entry review remains pending. Preliminary MIT 10.37 Spring 2007 lecture notes; source equations are not reproduced. CC BY-NC-SA source terms remain separate from authored metadata.
taxonomy-citation	Lecture 10: Non-ideal Reactor Mixing Patterns	2007	K. Dane Wittrup; MIT OpenCourseWare	https://ocw.mit.edu/courses/10-37-chemical-and-biological-reaction-engineering-spring-2007/c74dac1784fab22deb39830c06a27fec_lec10_03092007_w.pdf		public full text	catalog-only	Source-inspected partial physical-field support. Captured 2026-10-01T08:31:41.457865+00:00 over verified TLS; SHA-256 bad76f0c1a6ff43e8c3627d005d3d2a88fded2d6f468a1788bf03839f88f7862. Original privately retained, not redistributed; complete entry review remains pending. Preliminary MIT 10.37 Spring 2007 lecture notes; source equations are not reproduced. CC BY-NC-SA source terms remain separate from authored metadata.
taxonomy-citation	Lecture 11: Non-isothermal Reactors, equilibrium limitations, and stability	2007	William H. Green; MIT OpenCourseWare	https://ocw.mit.edu/courses/10-37-chemical-and-biological-reaction-engineering-spring-2007/6e37d01fbdf96ce9a42a085c48bb9a26_lec11_03142007_g.pdf		public full text	catalog-only	Source-inspected partial physical-field support. Captured 2026-10-01T08:33:57.219944+00:00 over verified TLS; SHA-256 793df6c88e0eff15311c3925ef88cfaba8e0d5ad0a61b70cb1ea28f3db4baa5a. Original privately retained, not redistributed; complete entry review remains pending. Preliminary MIT 10.37 Spring 2007 lecture notes; source equations are not reproduced. CC BY-NC-SA source terms remain separate from authored metadata.
taxonomy-citation	Designing and operating safe chemical reaction processes (HSG143)	2000	Health and Safety Executive	https://www.hse.gov.uk/pubns/priced/hsg143.pdf		public full text	catalog-only	Source-inspected partial physical-field support. Captured 2026-10-01T08:35:55.179336+00:00 over verified TLS; SHA-256 bcbb2ee4cbcef2b1c46544fd3193c7bcc0ecab9e0882ce481037d002f1f2672f. Original privately retained, not redistributed; complete entry review remains pending. First published 2000/reprinted 2008; PDF reproduction notice applies, not an assumed general OGL grant. UK safety guidance, not site certification.
taxonomy-citation	Chemical reaction hazards and the risk of thermal runaway (INDG254)	2014	Health and Safety Executive	https://www.hse.gov.uk/pubns/indg254.pdf		public full text	catalog-only	Source-inspected partial physical-field support. Captured 2026-10-01T08:35:56.264992+00:00 over verified TLS; SHA-256 1dba9ff8ec35592ec013aa166b21348bb55c6ed3b788f7213d530df34663672f. Original privately retained, not redistributed; complete entry review remains pending. Publisher leaflet dated 08/14, seven pages; exothermic hazards depend on reaction and heat-removal conditions.
taxonomy-citation	A First Course on Kinetics and Reaction Engineering: Unit 29. Multiple Reactor Networks	2014	Carl R. F. Lund; University at Buffalo	https://wwwresearch.sens.buffalo.edu/karetext/unit_29/learning/29_Info.pdf		public full text	catalog-only	Source-inspected partial physical-field support. Captured 2026-10-01T08:58:36.742165+00:00 over verified TLS; SHA-256 0019f08f6618c0792097ceffe801b58ac2ed912864aafd9baf1b55b1be8b55a1. Original privately retained, not redistributed; complete entry review remains pending. Author copyright 2014; ideal networks and stage balances, not universal process superiority.
taxonomy-citation	Performance improvement and dynamical behaviour analysis of a cascade of two CSTRs: author abstract	2007	H. S. Sidhu, S. D. Watt, M. I. Nelson and A. K. Ray; University of Wollongong	https://documents.uow.edu.au/~mnelson/abstracts.dir/2007.html		public web	catalog-only	Source-inspected partial physical-field support. Captured 2026-10-01T08:56:07.312482+00:00 over verified TLS; SHA-256 1c773f0a9aa4a3103c14dd98495b83ebb4adf863e3cf8e50481a0f8948542fff. Original privately retained, not redistributed; complete entry review remains pending. Author-hosted abstract of IJCRE 5 A13 (2007), DOI 10.2202/1542-6580.1393. Full paper and numerical claims not inspected.
taxonomy-citation	Development of an automated multi-stage continuous reactive crystallisation system with inline PATs for high viscosity process: hosted case study	2019	IMA Group	https://imagroup.com/insights/development-of-an-automated-multi-stage-continuous-reactive-crystallization-system-with-inline-pats-for-high-viscosity-process/		public web	catalog-only	Source-inspected partial physical-field support. Captured 2026-10-01T08:58:37.179822+00:00 over verified TLS; SHA-256 969b50e742f500e83e31a45c80d557bb5ed32f5010d35c7cb80653a7cd3ecad9. Original privately retained, not redistributed; complete entry review remains pending. Hosted case study dated 6 February 2019 of Hu et al. research, DOI 10.1039/C8RE00078F; journal first publication 3 July 2018 differs from host dates. Temperature-stage example uses burst transfer; fresh feed enters first stage. Not FDA policy, universal performance or a publisher-original PDF.
taxonomy-citation	An analysis of a standard reactor cascade and a step-feed reactor cascade for biological processes described by Monod kinetics: institutional abstract	2015	H. S. Sidhu, M. I. Nelson and E. Balakrishnan; Sultan Qaboos University	https://squ.elsevierpure.com/en/publications/an-analysis-of-a-standard-reactor-cascade-and-a-step-feed-reactor/		public web	catalog-only	Source-inspected partial physical-field support. Captured 2026-10-01T08:59:36.057958+00:00 over verified TLS; SHA-256 4bf7efe6fc4e86300277485b14e338d758713537a43f10626763c6e87cef96ed. Original privately retained, not redistributed; complete entry review remains pending. Coauthor-institution abstract dates journal publication 1 March 2015; DOI suffix 2014 is not its publication year. Equal-feed Monod cascade without recycle has no generic performance advantage; full paper not inspected.
taxonomy-citation	Lecture 21: Porous Catalysts and Packed Bed Reactors	2007	William H. Green; MIT OpenCourseWare	https://ocw.mit.edu/courses/10-37-chemical-and-biological-reaction-engineering-spring-2007/4fea4f4e0f38526c4fa7f2d55c602427_lec21_05022007_g.pdf		public full text	catalog-only	Preliminary Spring2007 course notes; CC BY-NC-SA terms remain separate from metadata. Ideal balances are models, not universal thermal or flow uniformity. Captured 2026-10-01T09:30:44.378312+00:00 over verified publisher TLS; SHA-256 4663ccbf47f6d6515fcc25a3b5c48649c5cca3860218bfc7ebd23838b62c6936. Original privately retained, not redistributed; complete entry review pending.
taxonomy-citation	Three-phase slurry reactors: institutional chapter abstract	2016	Vivek V. Buwa; Shantanu Roy; Vivek V. Ranade; Queen’s University Belfast	https://pure.qub.ac.uk/en/publications/three-phase-slurry-reactors/		public web	catalog-only	Chapter6, Wiley Blackwell, pp132-155, published5July2016, DOI10.1002/9781119248491.ch6. Only institutional abstract inspected, not the full chapter. High catalyst loading is preferred for intrinsically slow reactions without rate-limiting transport. Captured 2026-10-01T09:38:38.199475+00:00 over verified publisher TLS; SHA-256 4cd5b0f7517844167a5e68ee492cc5d7443325101f0a207709ef98e63a9739cc. Original privately retained, not redistributed; complete entry review pending.
taxonomy-citation	Laboratory Reactors: Professional Reference Shelf R5.4	undated	H. Scott Fogler; University of Michigan	https://kinetics.engin.umich.edu/05chap/html/05prof3.htm		public web	catalog-only	Publication date unknown. Separate dispersed slurry and rotating contained-catalyst baskets; figures have third-party permission notices, not blanket open rights. Captured 2026-10-01T09:48:00.471197+00:00 over verified publisher TLS; SHA-256 1bd1205088956c49056c70669f59be69d6e8ace888a261e286e9c53ee8923773. Original privately retained, not redistributed; complete entry review pending.
taxonomy-citation	CCR Platforming Process for Motor Fuel Production	2016	UOP LLC, a Honeywell Company	https://uop.honeywell.com/content/dam/uop/en-us/documents/product-services/catalysts/refining/reforming/uop-ccr-platforming-motor-fuel-datasheet.pdf?download=true		public full text	catalog-only	September2016 UOP4523-2b, all rights reserved. Manufacturer process description, not independent/current commercial performance verification or a patent licence. Captured 2026-10-01T09:30:45.031246+00:00 over verified publisher TLS; SHA-256 e19953985a6a9f6f87f78c6a1b91fa40f8f9444018822b846d857997656f0b37. Original privately retained, not redistributed; complete entry review pending.
taxonomy-citation	Moving Bed Chemical Looping Combustion Fuel Reactor Modeling and Sensitivity Analysis	2017	Richard A. Newby; Dale L. Keairns; DOE/NETL	https://www.netl.doe.gov/projects/files/201.007_%20MB%20CLC%20Model_Final_Public.pdf		public full text	catalog-only	Cover24February2017; report identifier DOE/NETL-2018/1866 is not the publication year. Uniform flow and material distributions are design/model assumptions, not measured universal operating properties. Captured 2026-10-01T09:48:03.687256+00:00 over verified publisher TLS; SHA-256 e5e9af47887ca8e36b842d0de48e35121955e5428462826ea36c6a77335cd88f. Original privately retained, not redistributed; complete entry review pending.
taxonomy-citation	Bench-Scale Testing of Attrition Resistant Moving Bed Sorbents	1996	James H. Swisher; Raghubir P. Gupta	https://www.osti.gov/servlets/purl/419318		public full text	catalog-only	DOE/PC/92521-97/C0724; July1996 conference study. Bench-scale sorbent results and extrapolated cycle estimates do not establish a universal attrition rate, full moving-bed operation or current plant acceptance. Captured 2026-10-01T09:33:50.851941+00:00 over verified publisher TLS; SHA-256 d861d1e9e6e99603f80725d2d1d6fa7f9ea69f68b881f641dd6b6ebf04cba062. Original privately retained, not redistributed; complete entry review pending.
taxonomy-citation	Fluidized Bed Reactors: Professional Reference Shelf R12.3	undated	H. Scott Fogler; University of Michigan	https://kinetics.engin.umich.edu/12chap/html/12prof2a.htm		public web	catalog-only	Publication date unknown. Kunii-Levenspiel bubbling-bed model and flow-regime discussion; model assumptions and reproduced figure permissions are retained. Fast entrainment alone does not establish an external circulating loop. Captured 2026-10-01T09:32:03.884159+00:00 over verified publisher TLS; SHA-256 afb4545971f42c3d0014780df661e1165cfa5372dc23219a6e05569399dc8dee. Original privately retained, not redistributed; complete entry review pending.
taxonomy-citation	Module 2 Heterogeneous Catalysis: Lecture 18, Catalysts Test and Reactors	undated	NPTEL	https://archive.nptel.ac.in/content/storage2/courses/103103026/module2/lec18/1.html		public web	catalog-only	Publication date and individual authorship not verified. Course comparison of fixed, slurry and fluidized beds. Generic voidage numbers and blanket operating claims are not adopted. Captured 2026-10-01T09:32:08.158972+00:00 over verified publisher TLS; SHA-256 4132aec36ae84768565bd81796518aed39a64186748fc92589b85f32e83f4204. Original privately retained, not redistributed; complete entry review pending.
taxonomy-citation	Module 9: Frequently Asked Questions on Three-Phase Reactors	undated	NPTEL	https://archive.nptel.ac.in/content/storage2/courses/103102012/downloads/faqs%20for%20module%209.pdf		public full text	catalog-only	Publication date and individual authorship unknown; two unnumbered PDF pages. Qualitative flow, heat-transfer and erosion concerns only; no source dimensions or automatic reliability claims adopted. Captured 2026-10-01T09:32:06.451381+00:00 over verified publisher TLS; SHA-256 f753042543c4c0bc409290645f5eb3ea950fd72cc44544906b657a20857683c9. Original privately retained, not redistributed; complete entry review pending.
taxonomy-citation	High-Temperature, High-Capacity Oxygen Carrier Screening Study	2018	DOE/NETL	https://netl.doe.gov/projects/files/201.007_HTHC%20OC_Screening_Study_Public_Final.pdf		public full text	catalog-only	30April2018, DOE/NETL-2018/1898. Conceptual screening/reference plant; char/carrier separation explicitly undeveloped. A moving-bed HRSG here is a heat exchanger, not evidence of a moving-bed chemical reactor. Captured 2026-10-01T09:30:46.835057+00:00 over verified publisher TLS; SHA-256 09788fcc740eb6f196d007324058a76bc3b95adbb1195d1c5ba619ee854f5e2c. Original privately retained, not redistributed; complete entry review pending.
taxonomy-citation	Trickle Bed Reactors: Professional Reference Shelf R12.2	undated	H. Scott Fogler; University of Michigan	https://kinetics.engin.umich.edu/12chap/html/12prof.htm		public web	catalog-only	Publication date unknown. Historical processing examples and conditional wetting/transport models, not universal complete wetting or process certification. Captured 2026-10-01T09:29:04.834684+00:00 over verified publisher TLS; SHA-256 931a667e566eaed5b24f14e92a8b6a86779e7018cd7fb5d4f3db4e9977059f0b. Original privately retained, not redistributed; complete entry review pending.
taxonomy-citation	Multiphase reaction studies in stirred tank and fixed bed reactors: dissertation abstract	2015	Shinbeom Lee; Purdue University	https://docs.lib.purdue.edu/dissertations/AAI10100487/		public web	catalog-only	Publisher HTML bibliographic meta dates2015; online deposit27May2016 is separate. Abstract only, not full dissertation. Specific Rh/alumina acetophenone hydrogenation supports conditional partial wetting and transport effects; fitted predictions are not independent validation. Captured 2026-10-01T09:33:51.760505+00:00 over verified publisher TLS; SHA-256 c3bce571571e5a76315d639e072e1a8f4f4e6649141a207a0faad4e4b85fa9e0. Original privately retained, not redistributed; complete entry review pending.
taxonomy-citation	Scaleup and scaledown of slurry reactors: A new methodology — dissertation abstract	1997	Juan Ricardo Inga; University of Pittsburgh	https://sites.pitt.edu/~rapel/Inga.html		public web	catalog-only	Author/laboratory-hosted dissertation abstract only; stirred vessel measurements distinguished from a slurry bubble column and a conceptual large-scale design. No built-plant or full-dissertation claim. Captured 2026-10-01T09:29:06.340690+00:00 over verified publisher TLS; SHA-256 f9acf733da5450b7a38f91cb61487756f6ed33fdbacc1542e95679f0f4900974. Original privately retained, not redistributed; complete entry review pending.
taxonomy-citation	Slurry Reactors: Professional Reference Shelf R12.1	undated	H. Scott Fogler; University of Michigan	https://kinetics.engin.umich.edu/12chap/html/slurry.pdf		public full text	catalog-only	Scanned15-page chapter; source publication year unknown. PDF pages1-3/printed596-598 inspected with native rendering and derivative OCR. Native text extraction misses scanned body; original extraction retained. The first-edition footer and PDF creation date do not establish publication year. Captured 2026-10-01T09:38:37.650242+00:00 over verified publisher TLS; SHA-256 e9fd3459e4de68cb7bc4a84c4950588cf29a65b5f8c3c62509dbda5c420a99e2. Original privately retained, not redistributed; complete entry review pending.
taxonomy-citation	Buoyancy driven bubbly flows: scaling of velocities in bubble columns operated in the heterogeneous regime	2022	Y. Mezui; M. Obligado; A. Cartellier	https://arxiv.org/pdf/2203.07417		public full text	catalog-only	arXiv2203.07417v2 dated5October2022; preprint with placeholder journal received/accepted fields. Air-water experiments and heterogeneous-regime scaling, not universal reacting-fluid closure or journal acceptance. Numerical constants/units not adopted. Captured 2026-10-01T09:33:53.988719+00:00 over verified publisher TLS; SHA-256 ae4b8fbaf09938ce9d26990b6c3859d4354949bace3128f44b404eb5eed7bb7a. Original privately retained, not redistributed; complete entry review pending.
taxonomy-citation	Module 4 Application of Cell Culture Systems in Metabolic Engineering: Lecture 36, Bioreactors For Plant Engineering	undated	NPTEL	https://archive.nptel.ac.in/content/storage2/courses/102103016/module4/lec36/4.html		public web	catalog-only	Publication date and individual authorship unknown. Section6.2 plant-cell examples support basic pneumatic mixing geometry; no universal energy-cost benefit or suitability for highly viscous cultures. Captured 2026-10-01T09:48:57.955533+00:00 over verified publisher TLS; SHA-256 92607d8ee390ae2783c1c0b576209812a108d994babf1dedec80fdefa334c6d8. Original privately retained, not redistributed; complete entry review pending.
taxonomy-citation	Evaluation of the efficiency of alternative enzyme production technologies	2012	Mads Orla Albæk; Technical University of Denmark	https://backend.orbit.dtu.dk/ws/portalfiles/portal/9855372/PROCESS_Mads%20Orla%20Alb_k_PhD%20Thesis.pdf		public full text	catalog-only	March2012 PhD thesis, title notice30March2012. Chapter5 actual pilot fermentations; only relevant sections inspected, not all177pages. DTU permits private research copy and URL sharing, not original redistribution. PDF94 chapter-opening page has no printed numeral despite TOC73. Captured 2026-10-01T09:48:01.383000+00:00 over verified publisher TLS; SHA-256 127263563cfdf70b036f18491607533af952cd1e003ad2dd4a044ae565eabc04. Original privately retained, not redistributed; complete entry review pending.
taxonomy-citation	Hydrodynamics and Mass Transfer in a Concentric Internal Jet-Loop Airlift Bioreactor Equipped with a Deflector	2021	Radek Šulc; Jan Dymák	https://mdpi-res.com/d_attachment/energies/energies-14-04329/article_deploy/energies-14-04329.pdf		public full text	catalog-only	Energies14,4329; published18July2021, DOI10.3390/en14144329, author CC BY4 notice. Actual air-water/PVC-particle laboratory measurements; geometry-specific correlations and shear increases with aeration, not universal low shear or plant-scale acceptance. Captured 2026-10-01T09:30:44.599121+00:00 over verified publisher TLS; SHA-256 b769bfbfe79c620e219d6ebd17729e6296b18616ec2d3fb6d704427ada48c015. Original privately retained, not redistributed; complete entry review pending.
taxonomy-citation	Continuous Synthesis of Carbon-Coated Na3V2(PO4)3 by Segmented Flow Tubular Reactor	2026	Samuel Franz Gatti, Anton Beiersdorfer, Ionut Mihalcea, Sigita Trabesinger and Andrea Testino	https://pmc.ncbi.nlm.nih.gov/articles/PMC13159419/		public web	catalog-only	Original experiment, Small Methods10(9):e02388; published24March2026, issue8May2026; CC BY4.0. Reports3mm segmented-flow tube and oil separation/recycle. No categorical ideal plug flow, numerical electrochemical performance or PFA expansion is adopted. Captured 2026-10-01T10:18:14.711906+00:00 over verified publisher TLS; SHA-256 ffc79d08e1e6f10d12614e8f09d1d51e92305f64d9fc42a027575413f4ce5075. Original privately retained, not redistributed; complete entry review pending.
taxonomy-citation	Gas Slug Microfluidics: A Unique Tool for Ultrafast, Highly Controlled Growth of Iron Oxide Nanostructures	2015	Ane Larrea, Victor Sebastian, Alfonso Ibarra, Manuel Arruebo and Jesus Santamaria	https://pmc.ncbi.nlm.nih.gov/articles/PMC4547489/		public web	catalog-only	Original experiment; published16March2015, issue23June2015; publisher notice restricts reuse to noncommercial purposes. Gas-liquid wall contact differs from isolated liquid-liquid droplets. Captured 2026-10-01T10:18:14.848782+00:00 over verified publisher TLS; SHA-256 9f2772e6dcc044884c6552dc3813741f96b9f4f6f79f663f3bda79b5cf6d3d0f. Original privately retained, not redistributed; complete entry review pending.
taxonomy-citation	Scale-up of a Luminescent Solar Concentrator-Based Photomicroreactor via Numbering-up	2018	Fang Zhao, Dario Cambie, Jeroen Janse, Eric W. Wieland, Koen P. L. Kuijpers, Volker Hessel, Michael G. Debije and Timothy Noel	https://pmc.ncbi.nlm.nih.gov/articles/PMC5762165/		public web	catalog-only	Original parallel-channel photochemical experiment; published7November2017, issue2January2018. Noncommercial no-derivatives notice is not replaced by the catalogue licence. Single-phase balancing does not demonstrate parallel segmented-flow operation. Captured 2026-10-01T10:19:43.353389+00:00 over verified publisher TLS; SHA-256 0f5045c99df963ef614d7e075e94064a0d70c9770bf7a3d41e16045f3d446c5e. Original privately retained, not redistributed; complete entry review pending.
taxonomy-citation	Lecture 13: Biological Reactors - Chemostats	2007	K. Dane Wittrup; MIT OpenCourseWare	https://ocw.mit.edu/courses/10-37-chemical-and-biological-reaction-engineering-spring-2007/cacb521f9f123abde3b9a448c5e17d56_lec13_03212007_w.pdf		CC BY-NC-SA	catalog-only	Spring2007 preliminary course notes. Chemostat and fed-batch model assumptions; no universal steady state, feed law or cell density. Reused actual verified-TLS original from 2026-10-01T08:31:41.918921+00:00, not a new retrieval. First page has no printed page numeral. SHA-256 6c7813bb9984b31d56301f9729bbf72d5ac0f9d5e164e4d355e56ddafe65f06a. Original privately retained, not redistributed; complete entry review pending. Verified publisher-TLS retrieval 2026-10-01T08:31:41.918921+00:00.
taxonomy-citation	Lecture 19: Oxygen transfer in fermentors	2007	K. Dane Wittrup; MIT OpenCourseWare	https://ocw.mit.edu/courses/10-37-chemical-and-biological-reaction-engineering-spring-2007/85477ce30129fae080056a95bf5b3cdd_lec19_04202007_w.pdf		CC BY-NC-SA	catalog-only	Spring2007 course notes. Relevant gas-liquid transfer pages1-2 inspected; numerical correlations and tissue-diffusion example not adopted. Original retained private intake SHA matches document_custody.json; retrieval date unknown, not inferred from inspection or PDF metadata. First page has no printed page numeral. SHA-256 e7c71b43b52bd2aea9d41ed2150196c380214ea8ea089ca20517b945b341ba60. Original privately retained, not redistributed; complete entry review pending.
taxonomy-citation	Single-Use Bioreactors for Human Pluripotent and Adult Stem Cells: Towards Regenerative Medicine Applications	2021	Diogo E. S. Nogueira; Joaquim M. S. Cabral; Carlos A. V. Rodrigues	https://pmc.ncbi.nlm.nih.gov/articles/PMC8156863/		CC BY 4.0	catalog-only	Published17May2021. Author review, relevant introduction and sections2/2.1 inspected. Agitation/probes and cell-specific shear/hot-spots/dead-zones, not universal uniformity or clinical/manufacturing certification. Source regulatory discussion is historical, not current legal advice. SHA-256 f7c834f8bd3982cf6e03e24570a944ce2ad95a9f6ce118f0287c268c9c721032. Original privately retained, not redistributed; complete entry review pending. Verified publisher-TLS retrieval 2026-10-01T10:51:47.725126+00:00.
taxonomy-citation	Microfluidic Cell Retention Device for Perfusion of Mammalian Suspension Culture	2017	Taehong Kwon; Holly Prentice; Jonas De Oliveira; Nyasha Madziva; Majid Ebrahimi Warkiani; Jean-François P. Hamel; Jongyoon Han	https://pmc.ncbi.nlm.nih.gov/articles/PMC5532224/		CC BY 4.0	catalog-only	Published27July2017. Actual350mL CHO perfusion experiment; introduction, retention characterisation, perfusion results and methods inspected. Membrane-free inertial retention differs from fouling-prone filter systems; no universal sterile process, quantitative cell-density target, industrial scale-out or product recovery inferred. SHA-256 ba5d50dc20d510267170968850319c43778db0ac5dcf85a6747aba2d91975976. Original privately retained, not redistributed; complete entry review pending. Verified publisher-TLS retrieval 2026-10-01T10:50:03.378651+00:00.
taxonomy-citation	The Use of Chemostats in Microbial Systems Biology	2013	Naomi Ziv; Nathan J. Brandt; David Gresham	https://pmc.ncbi.nlm.nih.gov/articles/PMC3940325/		publisher copyright; full text accessible	catalog-only	Published14October2013 JoVE protocol. Equal feed/outflow, measured dilution and steady-state sampling in sections5/Discussion; not instantaneous steady state or invariant single-cell phenotype. Original copyright notice retained; accessible full text is not a redistribution grant. SHA-256 f5a6b7cae30c71d2a081e197d01ec5b4efbe29dc827d3bb1d034e3914ae2bc1b. Original privately retained, not redistributed; complete entry review pending. Verified publisher-TLS retrieval 2026-10-01T10:52:26.712014+00:00.
taxonomy-citation	Protocol to study human gut bacterial communities and rhythmicity ex vivo using a chemostat system	2024	Helena Heimes; Deborah Häcker; Hélène Omer; Daan R. van der Veen; Silke Kiessling; Dirk Haller	https://pmc.ncbi.nlm.nih.gov/articles/PMC11565388/		CC BY-NC-ND 4.0	catalog-only	Published31October2024, collection20December2024. Sterility-test steps30-31 and setup contamination controls inspected, not the entire lengthy protocol. Particular ex-vivo gut-culture protocol, not universal clinical acceptance, sterilisation settings or microbial-purity guarantee. SHA-256 c501ba2aa26f01985a084f1a5652a6028385af50adf1c97839566fb72882b4e8. Original privately retained, not redistributed; complete entry review pending. Verified publisher-TLS retrieval 2026-10-01T10:53:03.775874+00:00.
taxonomy-citation	Non-equilibrium Microwave Plasma for Efficient High Temperature Chemistry	2017	Dirk van den Bekerom; Niek den Harder; Teofil Minea; Nicola Gatti; Jose Palomares Linares; Waldo Bongers; Richard van de Sanden; Gerard van Rooij	https://pmc.ncbi.nlm.nih.gov/articles/PMC5613793/		catalogue-only; original not redistributed	catalogue-only	Published1August2017; DOI10.3791/55066. Experimental1kWCO2 setup; relevant Protocol1 inspected. Publisher notice remains distinct from authored catalogue licence. Publisher TLS capture 2026-10-01T11:35:27.739766+00:00; original SHA-256 85576f8393284038c0f59903de6a78d750ff222e0027cb05b29b65a2db6589de. Relevant sections inspected; complete entry review pending.
taxonomy-citation	Upscaling Plasma-Based CO2 Conversion: Case Study of a Multi-Reactor Gliding Arc Plasmatron	2024	Colin O’Modhrain; Georgi Trenchev; Yury Gorbanev; Annemie Bogaerts	https://pmc.ncbi.nlm.nih.gov/articles/PMC11191589/		catalogue-only; original not redistributed	catalogue-only	Published14February2024; issue19June2024; DOI10.1021/acsengineeringau.3c00067. Pilot prototype/warm-plasma design, not general industrial deployment. CC BY-NC-ND4.0 notice. Publisher TLS capture 2026-10-01T11:35:27.917831+00:00; original SHA-256 dcb48adfe63a8cbe9a593aa82a41e1e7fcd32c591925efc397ce28920b670728. Relevant sections inspected; complete entry review pending.
taxonomy-citation	CO2 conversion to CO via plasma and electrolysis: a techno-economic and energy cost analysis	2024	Jose Osorio-Tejada; Marc Escriba-Gelonch; Rani Vertongen; Annemie Bogaerts; Volker Hessel	https://pmc.ncbi.nlm.nih.gov/articles/PMC11320396/		catalogue-only; original not redistributed	catalogue-only	Published6May2024; issue13August2024; DOI10.1039/d4ee00164h. Section1.1 qualitative coupling/electrode constraints inspected; modelled cost values not accepted as operating performance. CC BY3.0 Unported notice. Publisher TLS capture 2026-10-01T11:35:27.685648+00:00; original SHA-256 c5eb5224a5db0e83e352408e2aaebf1f15c85172812f3a79366b3ca7b81b32e0. Relevant sections inspected; complete entry review pending.
taxonomy-citation	Plasma Arc Based Rare Earth Element Recovery from Coal Fly Ash	2017	Ken Jeffers; Jay Renew; Southern Research	https://netl.doe.gov/sites/default/files/2018-01/20170322_1300C_Presentation_FE0027102_SouthernResearch.pdf		catalogue-only; original not redistributed	catalogue-only	DOE-NETL presentation22March2017/awardDE-FE0027102. Bench smelting distinct from predicted vaporisation and preliminary pilot design. Power/refractory thermal requirements, not measured lifetime; public hosting is not a blanket public-domain grant. Publisher TLS capture 2026-10-01T11:35:29.349374+00:00; original SHA-256 4aaeb23c15eccde7ffb434a1de6b8a3ded2ad79e94861cbc842c6625745b57e9. Relevant sections inspected; complete entry review pending.
taxonomy-citation	Holistic analysis of a gliding arc discharge using 3D tomography and single-shot fluorescence lifetime imaging	2024	Sebastian Nilsson; David Sanned; Adrian Roth; Jinguo Sun; Edouard Berrocal; Mattias Richter; Andreas Ehn	https://pmc.ncbi.nlm.nih.gov/articles/PMC11269738/		catalogue-only; original not redistributed	catalogue-only	Published24July2024; DOI10.1038/s44172-024-00250-z. Actual air-jet/electrode experiment and flow-dependent arc elongation; no universal monotonic relation or industrial conversion claim. CC BY4.0 notice. Publisher TLS capture 2026-10-01T11:52:36.017074+00:00; original SHA-256 7b6f5dea5c85e4d7373fdab64547c085c416b4a03bc9c04a4cff12b21b0e2afe. Relevant sections inspected; complete entry review pending.
taxonomy-citation	Polymerization catalysts -II: Liquid phase polymerization		NPTEL	https://archive.nptel.ac.in/content/storage2/courses/103103026/module4/lec38/3.html		catalogue-only; original not redistributed	catalogue-only	Module4/Lecture38/page3; publication date unknown. Bulk/solution and suspension-stabilisation paragraphs inspected. Emulsion droplet shorthand and broad thermal claims not adopted. No whole-course rights grant inferred. Publisher TLS capture 2026-10-01T12:17:06.855195+00:00; original SHA-256 fb9266828f1b671f190ea0f57e50704ba67947c71e5f0d14c80cb7fb51ee3003. Relevant sections inspected; complete entry review pending.
taxonomy-citation	Classification According To Preparation Methods: bulk, solution and suspension polymerization		NPTEL	https://archive.nptel.ac.in/content/storage2/courses/103103029/module7/lec37/1.html		catalogue-only; original not redistributed	catalogue-only	Module7/Lecture37/page1; publication date unknown. Process categories, solvent recovery, droplet heat transfer and local polymer accumulation inspected. Blanket impossibility of continuous suspension operation not adopted. Publisher TLS capture 2026-10-01T12:17:05.939464+00:00; original SHA-256 44193d41f23d2903656cd1b288e7ea9f9fef62074172c8c6cd14044356890ced. Relevant sections inspected; complete entry review pending.
taxonomy-citation	Classification According To Preparation Methods: emulsion polymerization		NPTEL	https://archive.nptel.ac.in/content/storage2/courses/103103029/module7/lec37/2.html		catalogue-only; original not redistributed	catalogue-only	Module7/Lecture37/page2; publication date unknown. Named emulsion preparation method only; no agitation-free, universal particle-size or physical-properties claim accepted. Publisher TLS capture 2026-10-01T12:18:29.518614+00:00; original SHA-256 b8da7b5eb997bcf983875cb2fdc3e9c7bb4d28ff10e67ae911866df247954d0d. Relevant sections inspected; complete entry review pending.
taxonomy-citation	Liquid-liquid two phase systems for the production of porous hydrogels and hydrogel microspheres for biomedical applications: A tutorial review	2010	Donald L. Elbert	https://pmc.ncbi.nlm.nih.gov/articles/PMC2967636/		catalogue-only; original not redistributed	catalogue-only	Published24July2010; issueJanuary2011; author manuscript availableJanuary2012. DOI10.1016/j.actbio.2010.07.028. Suspension/emulsion initiation and particle-growth distinctions inspected; ideal Smith-Ewart rate conditions not universal. Elsevier/ActaMaterialia copyright notice, no CC grant inferred. Publisher TLS capture 2026-10-01T12:17:43.784359+00:00; original SHA-256 5851f9e5a4fe87053920eae6e0f4cce39660f88073427f7f7d0feb083fd200ed. Relevant sections inspected; complete entry review pending.
taxonomy-citation	Process Characterization of Polyvinyl Acetate Emulsions Applying Inline Photon Density Wave Spectroscopy at High Solid Contents	2021	Stephanie Schlappa; Lee Josephine Brenker; Lena Bressel; Roland Hass; Marvin Münzberg	https://pmc.ncbi.nlm.nih.gov/articles/PMC7926705/		catalogue-only; original not redistributed	catalogue-only	Published23February2021; DOI10.3390/polym13040669. Actual PVAc/PVA experiment, particle-size constraints and residual-monomer/gelation response inspected. Optical monitoring is not measured complete conversion. CC BY4.0 notice. Publisher TLS capture 2026-10-01T12:20:36.410247+00:00; original SHA-256 69529e59e6b2161e21dff2a70fa6b4f62d9613dabc799e51b22ad9451bbb3619. Relevant sections inspected; complete entry review pending.
taxonomy-citation	Different Types of Gasifiers and Their Integration with Gas Turbines		Jeffrey Phillips	https://netl.doe.gov/sites/default/files/netl-file/1-2-1.pdf		catalogue-only; original not redistributed	catalogue-only	Actual 11-page NETL-hosted EPRI chapter; printed67-77. Publication date unknown; dated references and expectations are not a publication date. Generic Types pages68-69 inspected. Coal-specific examples and historical plant counts are not present-day performance proof. No figure redistribution or blanket public-domain grant inferred. Publisher TLS capture 2026-10-01T12:49:15.708467+00:00. Original SHA-256 68b1b7f1a54c34cfe034e2fb05bd5acfe8ef224159bc0ce9db6584ba8c593f2e. Relevant sections inspected; complete entry review pending.
taxonomy-citation	Guidelines/Handbook for the Design of Modular Gasification Systems	2022	Henry Allen Long III; Barbara Arnold; Bob Brown; David Crouse; Santosh Gangwal; Steve Knudsen; Chris Munson; Norman Shilling; Bob Slettehaugh; Jim Sorensen; Brian Turk; Massood Ramezan	https://www.netl.doe.gov/sites/default/files/2026-02/Gasification%20Handbook.pdf		catalogue-only; original not redistributed	catalogue-only	July2022/DOE-NETL-2022/3209 title and twelve authors verified. Current file is hosted under2026-02 after2022-07 redirect; path is not publication date. PDF/printed38-40/43 inspected; rendered39 confirms zone labels. Broad feed-anything/performance and terminal-velocity fluidisation explanations not adopted. Third-party figures have separate rights. Publisher TLS capture 2026-10-01T12:52:09.119869+00:00. Original SHA-256 a5321047b7710a6321a6c103d5c746d341b4dd014cd917a140a6e21a3083f938. Relevant sections inspected; complete entry review pending.
taxonomy-citation	Advancing Entrained-Flow Gasification of Waste Materials and Biomass for Hydrogen Production	2024	David R. Wagner	https://netl.doe.gov/sites/default/files/netl-file/24FECM_GAS_Wagner.pdf		catalogue-only; original not redistributed	catalogue-only	University of Utah; FECM/NETL23-25April2024 meeting; DE-FE0032175. Actual PDF/printed4/14/15/23 inspected. Qualitative feed/atomisation capability distinct from equilibrium modelling, objectives and unmeasured generic conversion. No numerical plant-wide conversion accepted; DOE hosting is not a blanket original rights grant. Publisher TLS capture 2026-10-01T12:49:25.859794+00:00. Original SHA-256 63fb9e8f901a656c68557bf315e3bbe5a3ddbba645d9df66ce5a7052bbaaa173. Relevant sections inspected; complete entry review pending.
taxonomy-citation	Accelerated Aging of Fast Pyrolysis Bio-Oil using Carbonyl Titration	2021	Stuart Black; Earl Christensen; Jack R. Ferrell III	https://docs.nlr.gov/docs/fy22osti/80966.pdf		catalogue-only; original not redistributed	catalogue-only	NREL/TP-5100-80966/LAP issue7October2021. PDF5/printed1 Introduction/Terminology/Significance inspected. Bio-oil ageing includes viscosity/phase changes; procedure scope excludes other types of bio-oil. Methods notice permits specified uses with credit/full notice but excludes commercial sales; not a CC/public-domain declaration. Publisher TLS capture 2026-10-01T12:50:37.689187+00:00. Original SHA-256 07988116ca3187ead0df847de124ef02b00aa47f122e654fc37b4ecf8d8769bd. Relevant sections inspected; complete entry review pending.
taxonomy-citation	Fast Pyrolysis Behavior of Banagrass as a Function of Temperature and Volatiles Residence Time in a Fluidized Bed Reactor	2015	Trevor James Morgan; Scott Q Turn; Anthe George	https://pmc.ncbi.nlm.nih.gov/articles/PMC4550300/		catalogue-only; original not redistributed	catalogue-only	Published26August2015/DOI10.1371/journal.pone.0136511. Actual Introduction and Experimental reactor/condensation paragraphs inspected. Quenching limits secondary reactions; dry-ice/cryogenic apparatus is specific, not universal industrial design. Yield/feed/temperature targets not generalised. Article contains Creative Commons Public Domain declaration. Publisher TLS capture 2026-10-01T12:50:36.297148+00:00. Original SHA-256 be8b98543b4f9db4a769d462c59e42e55f575a8684329f3843da2a7819822d5d. Relevant sections inspected; complete entry review pending.
taxonomy-citation	Chemical looping combustion		National Energy Technology Laboratory	https://www.netl.doe.gov/node/7478		catalogue-only; original not redistributed	catalogue-only	Official undated NETL technology overview. Full substantive body inspected: solid oxygen-carrier reduction/oxidation, distinct fuel/air reactors, concentrated CO2/water stream, carrier durability/solids circulation and bench/pilot R&D. Not a measured commercial performance guarantee. No blanket figure/fulltext redistribution right inferred. Publisher TLS capture 2026-10-01T13:25:31.279202+00:00; original SHA-256 6681ef5a60ca34d43fa4fb2d6e6cb7e135a356fd37b740df2473f561e308b893. Relevant sections inspected; complete entry review pending.
taxonomy-citation	Wastewater Technology Fact Sheet: Sequencing Batch Reactors	1999	United States Environmental Protection Agency, Office of Water	https://www.epa.gov/system/files/documents/2022-10/sequencing-batch-reactors-factsheet.pdf		catalogue-only; original not redistributed	catalogue-only	EPA932-F-99-073, September1999 title despite2022-10 hosting path/PDF creation. ActualPDF1-6 plus references/endnotices inspected, PDF4 rendered. All pages unnumbered. Activated-sludge operating configuration with fill/react/settle/draw/idle, distinct from continuous-inflow ICEAS. Site-specific figures/manufacturer costs and guarantees not generalised; third-party material rights not assumed EPA-owned. No original redistributed. Publisher TLS capture 2026-10-01T13:25:32.268927+00:00; original SHA-256 0d7e79d703b68576a5c3ddd669522b29422f57e8e1b6ef23024bb9c4421a6912. Relevant sections inspected; complete entry review pending.
taxonomy-citation	Up-Flow Anaerobic Sludge Blanket (UASB) Technology for Energy Recovery: A Review on State-of-the-Art and Recent Technological Advances	2020	Matia Mainardis; Marco Buttazzoni; Daniele Goi	https://pmc.ncbi.nlm.nih.gov/articles/PMC7355771/		catalogue-only; original not redistributed	catalogue-only	Bioengineering7(2):43, published10May2020, DOI10.3390/bioengineering7020043. Author CC BY4.0 notice inspected. Review sections1,3,9 support granular-bed retention without carrier media, granulation/hydrodynamics and effluent treatment boundaries; review is not an independent new plant experiment. Ordinary native TLS capture contains the genuine complete article; separate web parser returned a recaptcha interstitial and was not bypassed. Publisher TLS capture 2026-10-01T13:47:57.884494+00:00. Original SHA-256 2ce91ec8e54965c136ca2ef344e06d30068c2ac99f83348331a68909e7f7a4c5. Relevant sections inspected; complete entry review pending.
