source_id	title	url	publisher	role	license_or_terms	retrieved_date	notes
nifs-lhd-completion	Academic Research Platform LHD - experiment completed	https://www-lhd.nifs.ac.jp/pub/index_e.html	National Institute for Fusion Science	Primary first and final experiment dates	Source copyright retained; factual metadata cited, no page content redistributed	2026-09-28	Exact programme boundary dates.
qst-jt60-history	JT-60 Project	https://www.qst.go.jp/site/jt60-english/6613.html	National Institutes for Quantum Science and Technology	Primary start year	Source copyright retained; factual metadata cited, no page content redistributed	2026-09-28	Supports 1985 operation start.
qst-jt60sa-construction	JT-60SA Construction	https://www.qst.go.jp/site/jt60-english/6599.html	National Institutes for Quantum Science and Technology	Primary predecessor end year	Source copyright retained; factual metadata cited, no page content redistributed	2026-09-28	States JT-60 operation finished in 2008.
enea-ftu-history	Frascati Tokamak Upgrade 1988-2019	https://agenda.enea.it/event/1141/attachments/1142/2934/verso%20il%20reattore.pdf	ENEA	Primary institutional presentation	Source copyright retained; factual metadata cited, no slides redistributed	2026-09-28	Title and timeline support year-level operational span.
seville-smart-first-plasma	SMART tokamak first plasma	https://www.us.es/actualidad-de-la-us/el-tokamak-smart-un-paso-mas-cerca-de-la-fusion-nuclear-con-su-primer-plasma	University of Seville	Primary operator announcement	Source copyright retained; factual metadata cited, no page content redistributed	2026-09-28	Supports 2025 first-plasma year without equating publication day to event day.
ipr-aditya-u	Tokamak plasma experiments	https://nsd.ipr.res.in/tokamak_research_1.html	Institute for Plasma Research	Primary operator device history	Source copyright retained; factual metadata cited, no page content redistributed	2026-09-28	Supports December 2016 first plasma.
nrcki-t15md	VANT Thermonuclear Fusion 2024 issue 47-4	https://nrcki.ru/files/pdf/VANT-TS-2024-47-4.pdf	National Research Centre Kurchatov Institute	Primary institution journal	Source copyright retained; factual metadata cited, no article redistributed	2026-09-28	Supports exact physical start-up date.
ga-diiid-history	History of Energy Research at General Atomics	https://www.ga.com/images/products/energy/pdf/history-of-energy-research-at-ga.pdf	General Atomics	Primary operator history	Source copyright retained; factual metadata cited, no booklet redistributed	2026-09-28	Distinguishes 1986 DIII-D operation from 1978 Doublet III first plasma.
lle-omega-timeline	LLE timeline 1994-1995	https://www.lle.rochester.edu/media/about/timeline/15_Timeline_1994_95.pdf	University of Rochester Laboratory for Laser Energetics	Primary operator timeline	Source copyright retained; factual metadata cited, no timeline redistributed	2026-09-28	Exact first 60-beam target-test-shot date.
epfl-tcv-history	History of TCV	https://www.epfl.ch/research/domains/swiss-plasma-center/history-of-tcv/	EPFL Swiss Plasma Center	Primary operator history	Source copyright retained; factual metadata cited, no page content redistributed	2026-09-28	Supports November 1992 first plasma.
sandia-z-history	Z machine 25-year retrospective and current facility page	https://www.sandia.gov/labnews/2021/09/24/look-whos-turning-25/ | https://www.sandia.gov/z-machine/about-z/	Sandia National Laboratories	Primary government laboratory history	U.S. federal laboratory factual metadata; page terms retained	2026-09-28	Supports the 1996 Z identity and current operation.
pppl-timeline	Timeline	https://www.pppl.gov/timeline	Princeton Plasma Physics Laboratory	Primary laboratory milestones	Source copyright retained; factual metadata cited, no page content redistributed	2026-09-28	Supports exact or month-level starts for ATC, PLT, and ST.
ukaea-annual-2013-14	UKAEA Annual Report and Accounts 2013-14	https://assets.publishing.service.gov.uk/media/5a7e11bc40f0b62302688f85/UKAEA_annual_report___accounts_2013-14_-_web_version.pdf	UK Atomic Energy Authority	Primary final-operation month	Open Government Licence v3.0	2026-09-28	Supports MAST operation through September 2013.
excluded-iaea-fusdis	IAEA Fusion Device Information System	Not accessed	International Atomic Energy Agency	Explicitly excluded source	Not evaluated for redistribution	2026-09-28	No FusDIS bulk extraction, scraping, or redistribution was performed.
