stable_id	name	aliases	country	lat	lon	coordinate_precision	configuration	device_subtype	status	organization	first_operation_date	last_operation_date	source_url	source_role	retrieved_date	license	verification_notes	ownership	design	operator_website
iaea-ffdb:HB11/Australia/HB11%20Energy	HB11		Australia	-33.7749	151.28783	publisher map location; unspecified precision	Laser/Inertial	Laser Fusion	Planned	HB11 Energy			https://nucleus.iaea.org/sites/fusion-portal/SitePages/FFDB.aspx?web=1	IAEA FFDB visible source catalogue	2026-10-02	IAEA FFDB source-specific reuse permission	Dated publisher discovery record; no independent scientific approval. Publisher map location; facility/device granularity and precision are unspecified.	Private	Experimental	https://hb11.energy/
iaea-ffdb:NOVA-FURG/Brazil/Federal%20University%20of%20Esp%C3%ADrito%20Santo	NOVA-FURG		Brazil	-20.27695	-40.30467	publisher map location; unspecified precision	Tokamaks	Conventional Tokamak	Operating	Federal University of Espírito Santo			https://nucleus.iaea.org/sites/fusion-portal/SitePages/FFDB.aspx?web=1	IAEA FFDB visible source catalogue	2026-10-02	IAEA FFDB source-specific reuse permission	Dated publisher discovery record; no independent scientific approval. Publisher map location; facility/device granularity and precision are unspecified.	Public	Experimental	https://portal.ifi.unicamp.br/en/deq/gfpftc
iaea-ffdb:ETE/Brazil/National%20Institute%20for%20Space%20Research-INPE	ETE		Brazil	-23.2237	-45.9009	publisher map location; unspecified precision	Tokamaks	Spherical Tokamak	Operating	National Institute for Space Research-INPE			https://nucleus.iaea.org/sites/fusion-portal/SitePages/FFDB.aspx?web=1	IAEA FFDB visible source catalogue	2026-10-02	IAEA FFDB source-specific reuse permission	Dated publisher discovery record; no independent scientific approval. Publisher map location; facility/device granularity and precision are unspecified.	Public	Experimental	http://www.inpe.br/
iaea-ffdb:TCABR/Brazil/University%20of%20S%C3%A3o%20Paulo	TCABR		Brazil	-23.56139	-46.73078	publisher map location; unspecified precision	Tokamaks	Conventional Tokamak	Operating	University of São Paulo			https://nucleus.iaea.org/sites/fusion-portal/SitePages/FFDB.aspx?web=1	IAEA FFDB visible source catalogue	2026-10-02	IAEA FFDB source-specific reuse permission	Dated publisher discovery record; no independent scientific approval. Publisher map location; facility/device granularity and precision are unspecified.	Public	Experimental	http://www.if.usp.br/indexeng/applied.shtml
iaea-ffdb:General%20Fusion%20Plant/Canada/General%20Fusion	General Fusion Plant		Canada				Innovative/Alternative Concepts	Magnetized Target Fusion	Planned	General Fusion			https://nucleus.iaea.org/sites/fusion-portal/SitePages/FFDB.aspx?web=1	IAEA FFDB visible source catalogue	2026-10-02	IAEA FFDB source-specific reuse permission	Dated publisher discovery record; no independent scientific approval. No coordinate supplied in the visible source map.	Private	Plant	
iaea-ffdb:LM26/Canada/General%20Fusion	LM26		Canada	49.25182	-122.91539	publisher map location; unspecified precision	Innovative/Alternative Concepts	Magnetized Target Fusion	Operating	General Fusion			https://nucleus.iaea.org/sites/fusion-portal/SitePages/FFDB.aspx?web=1	IAEA FFDB visible source catalogue	2026-10-02	IAEA FFDB source-specific reuse permission	Dated publisher discovery record; no independent scientific approval. Publisher map location; facility/device granularity and precision are unspecified.	Private	Experimental	https://generalfusion.com/
iaea-ffdb:STOR-M/Canada/University%20of%20Saskatchewan	STOR-M		Canada	52.1334	-106.63135	publisher map location; unspecified precision	Tokamaks	Conventional Tokamak	Operating	University of Saskatchewan			https://nucleus.iaea.org/sites/fusion-portal/SitePages/FFDB.aspx?web=1	IAEA FFDB visible source catalogue	2026-10-02	IAEA FFDB source-specific reuse permission	Dated publisher discovery record; no independent scientific approval. Publisher map location; facility/device granularity and precision are unspecified.	Public	Experimental	http://plasma.usask.ca/fusion/storm.php
iaea-ffdb:China%20Fusion%20Energy%20Inc.%20FPP/China/China%20Fusion%20Energy%20Co.%20Ltd.	China Fusion Energy Inc. FPP		China				Tokamaks	Conventional Tokamak	Planned	China Fusion Energy Co. Ltd.			https://nucleus.iaea.org/sites/fusion-portal/SitePages/FFDB.aspx?web=1	IAEA FFDB visible source catalogue	2026-10-02	IAEA FFDB source-specific reuse permission	Dated publisher discovery record; no independent scientific approval. No coordinate supplied in the visible source map.	Private	Experimental	
iaea-ffdb:CFEDR/China/Chinese%20Consortium	CFEDR		China	31.82059	117.22721	publisher map location; unspecified precision	Tokamaks	Conventional Tokamak	Planned	Chinese Consortium			https://nucleus.iaea.org/sites/fusion-portal/SitePages/FFDB.aspx?web=1	IAEA FFDB visible source catalogue	2026-10-02	IAEA FFDB source-specific reuse permission	Dated publisher discovery record; no independent scientific approval. Publisher map location; facility/device granularity and precision are unspecified.	Public	Plant	https://www.siffer.science/Pages/DEVICES/CFETR.aspx
iaea-ffdb:HH70/China/Energy%20Singularity	HH70		China	30.89834	121.91966	publisher map location; unspecified precision	Tokamaks	Conventional Tokamak	Operating	Energy Singularity			https://nucleus.iaea.org/sites/fusion-portal/SitePages/FFDB.aspx?web=1	IAEA FFDB visible source catalogue	2026-10-02	IAEA FFDB source-specific reuse permission	Dated publisher discovery record; no independent scientific approval. Publisher map location; facility/device granularity and precision are unspecified.	Private	Experimental	https://www.energysingularity.cn/en/
iaea-ffdb:EXL-2/China/ENN	EXL-2		China	39.5798	116.77035	publisher map location; unspecified precision	Tokamaks	Spherical Tokamak	Planned	ENN			https://nucleus.iaea.org/sites/fusion-portal/SitePages/FFDB.aspx?web=1	IAEA FFDB visible source catalogue	2026-10-02	IAEA FFDB source-specific reuse permission	Dated publisher discovery record; no independent scientific approval. Publisher map location; facility/device granularity and precision are unspecified.	Private	Experimental	http://www.ennresearch.com/
iaea-ffdb:EXL-50U/China/ENN	EXL-50U		China	39.5798	116.77035	publisher map location; unspecified precision	Tokamaks	Spherical Tokamak	Operating	ENN			https://nucleus.iaea.org/sites/fusion-portal/SitePages/FFDB.aspx?web=1	IAEA FFDB visible source catalogue	2026-10-02	IAEA FFDB source-specific reuse permission	Dated publisher discovery record; no independent scientific approval. Publisher map location; facility/device granularity and precision are unspecified.	Private	Experimental	http://www.ennresearch.com/
iaea-ffdb:HHMAX-901/China/Hanhai%20Fusion%20Energy	HHMAX-901		China	30.57225	104.0665	publisher map location; unspecified precision	Innovative/Alternative Concepts	Field Reversed Configuration	Operating	Hanhai Fusion Energy			https://nucleus.iaea.org/sites/fusion-portal/SitePages/FFDB.aspx?web=1	IAEA FFDB visible source catalogue	2026-10-02	IAEA FFDB source-specific reuse permission	Dated publisher discovery record; no independent scientific approval. Publisher map location; facility/device granularity and precision are unspecified.	Private	Experimental	https://www.hhmax-energy.com/
iaea-ffdb:J-TEXT/China/Huazhong%20University%20of%20Science%20and%20Technology	J-TEXT		China	30.513	114.42027	publisher map location; unspecified precision	Tokamaks	Conventional Tokamak	Operating	Huazhong University of Science and Technology			https://nucleus.iaea.org/sites/fusion-portal/SitePages/FFDB.aspx?web=1	IAEA FFDB visible source catalogue	2026-10-02	IAEA FFDB source-specific reuse permission	Dated publisher discovery record; no independent scientific approval. Publisher map location; facility/device granularity and precision are unspecified.	Public	Experimental	http://english.hust.edu.cn/
iaea-ffdb:EAST/China/Institute%20of%20Plasma%20Physics%2C%20Chinese%20Academy%20of%20Sciences	EAST		China	31.89501	117.17085	publisher map location; unspecified precision	Tokamaks	Conventional Tokamak	Operating	Institute of Plasma Physics, Chinese Academy of Sciences			https://nucleus.iaea.org/sites/fusion-portal/SitePages/FFDB.aspx?web=1	IAEA FFDB visible source catalogue	2026-10-02	IAEA FFDB source-specific reuse permission	Dated publisher discovery record; no independent scientific approval. Publisher map location; facility/device granularity and precision are unspecified.	Public	Experimental	http://english.ipp.cas.cn/
iaea-ffdb:CFQS/China/Southwest%20Jiaotong%20University	CFQS		China	35.86166	104.19539	publisher map location; unspecified precision	Stellarators/Heliotrons	Stellarator	Under construction	Southwest Jiaotong University			https://nucleus.iaea.org/sites/fusion-portal/SitePages/FFDB.aspx?web=1	IAEA FFDB visible source catalogue	2026-10-02	IAEA FFDB source-specific reuse permission	Dated publisher discovery record; no independent scientific approval. Publisher map location; facility/device granularity and precision are unspecified.	Public	Experimental	
iaea-ffdb:HL-3/China/Southwestern%20Institute%20of%20Physics	HL-3		China	30.63039	104.02821	publisher map location; unspecified precision	Tokamaks	Conventional Tokamak	Operating	Southwestern Institute of Physics			https://nucleus.iaea.org/sites/fusion-portal/SitePages/FFDB.aspx?web=1	IAEA FFDB visible source catalogue	2026-10-02	IAEA FFDB source-specific reuse permission	Dated publisher discovery record; no independent scientific approval. Publisher map location; facility/device granularity and precision are unspecified.	Public	Experimental	http://jbs.swip.ac.cn/cfs/english/
iaea-ffdb:SUNIST-2/China/Startorus%20Fusion	SUNIST-2		China	40.00323	116.33317	publisher map location; unspecified precision	Tokamaks	Spherical Tokamak	Operating	Startorus Fusion			https://nucleus.iaea.org/sites/fusion-portal/SitePages/FFDB.aspx?web=1	IAEA FFDB visible source catalogue	2026-10-02	IAEA FFDB source-specific reuse permission	Dated publisher discovery record; no independent scientific approval. Publisher map location; facility/device granularity and precision are unspecified.	Private	Experimental	https://startorus.com/
iaea-ffdb:KTX/China/University%20of%20Science%20and%20Technology%20of%20China	KTX		China	31.82199	117.28059	publisher map location; unspecified precision	Innovative/Alternative Concepts	Reversed Field Pinch	Operating	University of Science and Technology of China			https://nucleus.iaea.org/sites/fusion-portal/SitePages/FFDB.aspx?web=1	IAEA FFDB visible source catalogue	2026-10-02	IAEA FFDB source-specific reuse permission	Dated publisher discovery record; no independent scientific approval. Publisher map location; facility/device granularity and precision are unspecified.	Public	Experimental	http://ktx.ustc.edu.cn/english.html
iaea-ffdb:BEST/China/Xeonova	BEST		China	31.89501	117.17085	publisher map location; unspecified precision	Tokamaks	Conventional Tokamak	Under construction	Xeonova			https://nucleus.iaea.org/sites/fusion-portal/SitePages/FFDB.aspx?web=1	IAEA FFDB visible source catalogue	2026-10-02	IAEA FFDB source-specific reuse permission	Dated publisher discovery record; no independent scientific approval. Publisher map location; facility/device granularity and precision are unspecified.	Private	Experimental	http://english.ipp.cas.cn/
iaea-ffdb:MEDUSA-CR/Costa%20Rica/Instituto%20Tecnologico%20de%20Costa%20Rica	MEDUSA-CR		Costa Rica	10.36131	-84.5097	publisher map location; unspecified precision	Tokamaks	Spherical Tokamak	Operating	Instituto Tecnologico de Costa Rica			https://nucleus.iaea.org/sites/fusion-portal/SitePages/FFDB.aspx?web=1	IAEA FFDB visible source catalogue	2026-10-02	IAEA FFDB source-specific reuse permission	Dated publisher discovery record; no independent scientific approval. Publisher map location; facility/device granularity and precision are unspecified.	Public	Experimental	https://www.tec.ac.cr/grupo-investigacion/grupo-plasmas-0
iaea-ffdb:SCR-1/Costa%20Rica/Instituto%20Tecnologico%20de%20Costa%20Rica	SCR-1		Costa Rica	9.85724	-83.91231	publisher map location; unspecified precision	Stellarators/Heliotrons	Stellarator	Operating	Instituto Tecnologico de Costa Rica			https://nucleus.iaea.org/sites/fusion-portal/SitePages/FFDB.aspx?web=1	IAEA FFDB visible source catalogue	2026-10-02	IAEA FFDB source-specific reuse permission	Dated publisher discovery record; no independent scientific approval. Publisher map location; facility/device granularity and precision are unspecified.	Public	Experimental	https://www.tec.ac.cr/grupo-investigacion/grupo-plasmas-0
iaea-ffdb:GOLEM/Czech%20Republic/Czech%20Technical%20University	GOLEM		Czech Republic	50.12331	14.4641	publisher map location; unspecified precision	Tokamaks	Conventional Tokamak	Operating	Czech Technical University			https://nucleus.iaea.org/sites/fusion-portal/SitePages/FFDB.aspx?web=1	IAEA FFDB visible source catalogue	2026-10-02	IAEA FFDB source-specific reuse permission	Dated publisher discovery record; no independent scientific approval. Publisher map location; facility/device granularity and precision are unspecified.	Public	Experimental	http://www.ipp.cas.cz/
iaea-ffdb:COMPASS-U/Czech%20Republic/Institute%20of%20Plasma%20Physics%20of%20the%20Czech%20Academy%20of%20Sciences	COMPASS-U		Czech Republic	50.12331	14.4641	publisher map location; unspecified precision	Tokamaks	Conventional Tokamak	Under construction	Institute of Plasma Physics of the Czech Academy of Sciences			https://nucleus.iaea.org/sites/fusion-portal/SitePages/FFDB.aspx?web=1	IAEA FFDB visible source catalogue	2026-10-02	IAEA FFDB source-specific reuse permission	Dated publisher discovery record; no independent scientific approval. Publisher map location; facility/device granularity and precision are unspecified.	Public	Experimental	http://www.ipp.cas.cz/vedecka_struktura_ufp/tokamak/tokamak_compass/
iaea-ffdb:NORTH/Denmark/Technical%20University%20of%20Denmark	NORTH		Denmark	55.78469	12.51678	publisher map location; unspecified precision	Tokamaks	Spherical Tokamak	Operating	Technical University of Denmark			https://nucleus.iaea.org/sites/fusion-portal/SitePages/FFDB.aspx?web=1	IAEA FFDB visible source catalogue	2026-10-02	IAEA FFDB source-specific reuse permission	Dated publisher discovery record; no independent scientific approval. Publisher map location; facility/device granularity and precision are unspecified.	Public	Experimental	https://www.fysik.dtu.dk/english/research/ppfe/research-at-ppfe/dtu-tokamak/
iaea-ffdb:HIPER%2B/European%20Union/Eurofusion	HIPER+		European Union				Laser/Inertial	Laser Fusion	Planned	Eurofusion			https://nucleus.iaea.org/sites/fusion-portal/SitePages/FFDB.aspx?web=1	IAEA FFDB visible source catalogue	2026-10-02	IAEA FFDB source-specific reuse permission	Dated publisher discovery record; no independent scientific approval. No coordinate supplied in the visible source map.	Public	Experimental	
iaea-ffdb:VNS/European%20Union/Eurofusion	VNS		European Union				Tokamaks	Conventional Tokamak	Planned	Eurofusion			https://nucleus.iaea.org/sites/fusion-portal/SitePages/FFDB.aspx?web=1	IAEA FFDB visible source catalogue	2026-10-02	IAEA FFDB source-specific reuse permission	Dated publisher discovery record; no independent scientific approval. No coordinate supplied in the visible source map.	Public	Plant	
iaea-ffdb:LMJ/France/CEA	LMJ		France	44.65784	-0.8075	publisher map location; unspecified precision	Laser/Inertial	Laser Fusion	Operating	CEA			https://nucleus.iaea.org/sites/fusion-portal/SitePages/FFDB.aspx?web=1	IAEA FFDB visible source catalogue	2026-10-02	IAEA FFDB source-specific reuse permission	Dated publisher discovery record; no independent scientific approval. Publisher map location; facility/device granularity and precision are unspecified.	Public	Experimental	http://www-lmj.cea.fr/
iaea-ffdb:WEST/France/CEA	WEST		France	43.69971	5.74005	publisher map location; unspecified precision	Tokamaks	Conventional Tokamak	Operating	CEA			https://nucleus.iaea.org/sites/fusion-portal/SitePages/FFDB.aspx?web=1	IAEA FFDB visible source catalogue	2026-10-02	IAEA FFDB source-specific reuse permission	Dated publisher discovery record; no independent scientific approval. Publisher map location; facility/device granularity and precision are unspecified.	Public	Experimental	http://irfm.cea.fr/en/west/index.php
iaea-ffdb:ToriX/France/%C3%89cole%20Polytechnique	ToriX		France	48.71429	2.21129	publisher map location; unspecified precision	Innovative/Alternative Concepts	Simple Magnetized Torus	Operating	École Polytechnique			https://nucleus.iaea.org/sites/fusion-portal/SitePages/FFDB.aspx?web=1	IAEA FFDB visible source catalogue	2026-10-02	IAEA FFDB source-specific reuse permission	Dated publisher discovery record; no independent scientific approval. Publisher map location; facility/device granularity and precision are unspecified.	Public	Experimental	https://www.lpp.polytechnique.fr/ToriX?lang=fr
iaea-ffdb:TARANIS/France/GenF	TARANIS		France				Laser/Inertial	Laser Fusion	Planned	GenF			https://nucleus.iaea.org/sites/fusion-portal/SitePages/FFDB.aspx?web=1	IAEA FFDB visible source catalogue	2026-10-02	IAEA FFDB source-specific reuse permission	Dated publisher discovery record; no independent scientific approval. No coordinate supplied in the visible source map.	Private	Plant	
iaea-ffdb:ITER/France/ITER%20Organization	ITER		France	43.71052	5.77692	publisher map location; unspecified precision	Tokamaks	Conventional Tokamak	Under construction	ITER Organization			https://nucleus.iaea.org/sites/fusion-portal/SitePages/FFDB.aspx?web=1	IAEA FFDB visible source catalogue	2026-10-02	IAEA FFDB source-specific reuse permission	Dated publisher discovery record; no independent scientific approval. Publisher map location; facility/device granularity and precision are unspecified.	Public	Experimental	https://www.iter.org/
iaea-ffdb:Renaissance%20Fusion/France/Renaissance%20Fusion	Renaissance Fusion		France	45.18942	5.71654	publisher map location; unspecified precision	Stellarators/Heliotrons	Stellarator	Planned	Renaissance Fusion			https://nucleus.iaea.org/sites/fusion-portal/SitePages/FFDB.aspx?web=1	IAEA FFDB visible source catalogue	2026-10-02	IAEA FFDB source-specific reuse permission	Dated publisher discovery record; no independent scientific approval. Publisher map location; facility/device granularity and precision are unspecified.	Private	Experimental	https://renfusion.eu/
iaea-ffdb:Aurora/Germany/Focused%20Energy	Aurora		Germany	49.70921	8.41506	publisher map location; unspecified precision	Laser/Inertial	Laser Fusion	Planned	Focused Energy			https://nucleus.iaea.org/sites/fusion-portal/SitePages/FFDB.aspx?web=1	IAEA FFDB visible source catalogue	2026-10-02	IAEA FFDB source-specific reuse permission	Dated publisher discovery record; no independent scientific approval. Publisher map location; facility/device granularity and precision are unspecified.	Private	Plant	https://www.focused-energy.co/technology/lighthouse
iaea-ffdb:Gauss%20GIGA/Germany/Gauss%20Fusion	Gauss GIGA		Germany				Stellarators/Heliotrons	Stellarator	Planned	Gauss Fusion			https://nucleus.iaea.org/sites/fusion-portal/SitePages/FFDB.aspx?web=1	IAEA FFDB visible source catalogue	2026-10-02	IAEA FFDB source-specific reuse permission	Dated publisher discovery record; no independent scientific approval. No coordinate supplied in the visible source map.	Private	Plant	
iaea-ffdb:ASDEX%20Upgrade/Germany/Max%20Planck%20Institute%20for%20Plasma%20Physics	ASDEX Upgrade		Germany	48.26318	11.67189	publisher map location; unspecified precision	Tokamaks	Conventional Tokamak	Operating	Max Planck Institute for Plasma Physics			https://nucleus.iaea.org/sites/fusion-portal/SitePages/FFDB.aspx?web=1	IAEA FFDB visible source catalogue	2026-10-02	IAEA FFDB source-specific reuse permission	Dated publisher discovery record; no independent scientific approval. Publisher map location; facility/device granularity and precision are unspecified.	Public	Experimental	https://www.ipp.mpg.de/16195/asdex
iaea-ffdb:Wendelstein%207-X/Germany/Max%20Planck%20Institute%20for%20Plasma%20Physics	Wendelstein 7-X		Germany	54.073	13.42349	publisher map location; unspecified precision	Stellarators/Heliotrons	Stellarator	Operating	Max Planck Institute for Plasma Physics			https://nucleus.iaea.org/sites/fusion-portal/SitePages/FFDB.aspx?web=1	IAEA FFDB visible source catalogue	2026-10-02	IAEA FFDB source-specific reuse permission	Dated publisher discovery record; no independent scientific approval. Publisher map location; facility/device granularity and precision are unspecified.	Public	Experimental	https://www.ipp.mpg.de/w7x
iaea-ffdb:Alpha/Germany/Proxima%20Fusion	Alpha		Germany	48.26318	11.67189	publisher map location; unspecified precision	Stellarators/Heliotrons	Stellarator	Planned	Proxima Fusion			https://nucleus.iaea.org/sites/fusion-portal/SitePages/FFDB.aspx?web=1	IAEA FFDB visible source catalogue	2026-10-02	IAEA FFDB source-specific reuse permission	Dated publisher discovery record; no independent scientific approval. Publisher map location; facility/device granularity and precision are unspecified.	Private	Experimental	https://www.proximafusion.com/
iaea-ffdb:Stellaris/Germany/Proxima%20Fusion	Stellaris		Germany	48.51437	10.40159	publisher map location; unspecified precision	Stellarators/Heliotrons	Stellarator	Planned	Proxima Fusion			https://nucleus.iaea.org/sites/fusion-portal/SitePages/FFDB.aspx?web=1	IAEA FFDB visible source catalogue	2026-10-02	IAEA FFDB source-specific reuse permission	Dated publisher discovery record; no independent scientific approval. Publisher map location; facility/device granularity and precision are unspecified.	Private	Plant	https://showcase.proximafusion.com/stellaris/
iaea-ffdb:TJ-K/Germany/University%20of%20Stuttgart	TJ-K		Germany	48.78151	9.17358	publisher map location; unspecified precision	Stellarators/Heliotrons	Stellarator	Operating	University of Stuttgart			https://nucleus.iaea.org/sites/fusion-portal/SitePages/FFDB.aspx?web=1	IAEA FFDB visible source catalogue	2026-10-02	IAEA FFDB source-specific reuse permission	Dated publisher discovery record; no independent scientific approval. Publisher map location; facility/device granularity and precision are unspecified.	Public	Experimental	https://www.igvp.uni-stuttgart.de/en/research/plasma-dynamics-and-diagnostics/
iaea-ffdb:ADITYA-U/India/Institute%20for%20Plasma%20Research	ADITYA-U		India	23.0976	72.6242	publisher map location; unspecified precision	Tokamaks	Conventional Tokamak	Operating	Institute for Plasma Research			https://nucleus.iaea.org/sites/fusion-portal/SitePages/FFDB.aspx?web=1	IAEA FFDB visible source catalogue	2026-10-02	IAEA FFDB source-specific reuse permission	Dated publisher discovery record; no independent scientific approval. Publisher map location; facility/device granularity and precision are unspecified.	Public	Experimental	https://www.ipr.res.in/tokamak_research.html
iaea-ffdb:SSST/India/Institute%20for%20Plasma%20Research	SSST		India	23.0975	72.6242	publisher map location; unspecified precision	Tokamaks	Spherical Tokamak	Planned	Institute for Plasma Research			https://nucleus.iaea.org/sites/fusion-portal/SitePages/FFDB.aspx?web=1	IAEA FFDB visible source catalogue	2026-10-02	IAEA FFDB source-specific reuse permission	Dated publisher discovery record; no independent scientific approval. Publisher map location; facility/device granularity and precision are unspecified.	Public	Experimental	https://www.ipr.res.in/tokamak_research.html
iaea-ffdb:SST-1/India/Institute%20for%20Plasma%20Research	SST-1		India	23.0974	72.6242	publisher map location; unspecified precision	Tokamaks	Conventional Tokamak	Operating	Institute for Plasma Research			https://nucleus.iaea.org/sites/fusion-portal/SitePages/FFDB.aspx?web=1	IAEA FFDB visible source catalogue	2026-10-02	IAEA FFDB source-specific reuse permission	Dated publisher discovery record; no independent scientific approval. Publisher map location; facility/device granularity and precision are unspecified.	Public	Experimental	https://www.ipr.res.in/tokamak_research.html
iaea-ffdb:SST-Bharat/India/Institute%20for%20Plasma%20Research	SST-Bharat		India				Tokamaks	Conventional Tokamak	Planned	Institute for Plasma Research			https://nucleus.iaea.org/sites/fusion-portal/SitePages/FFDB.aspx?web=1	IAEA FFDB visible source catalogue	2026-10-02	IAEA FFDB source-specific reuse permission	Dated publisher discovery record; no independent scientific approval. No coordinate supplied in the visible source map.	Public	Experimental	
iaea-ffdb:Alvand/Iran/Iran%20Atomic%20Energy%20Organization	Alvand		Iran	35.73871	51.38847	publisher map location; unspecified precision	Tokamaks	Conventional Tokamak	Operating	Iran Atomic Energy Organization			https://nucleus.iaea.org/sites/fusion-portal/SitePages/FFDB.aspx?web=1	IAEA FFDB visible source catalogue	2026-10-02	IAEA FFDB source-specific reuse permission	Dated publisher discovery record; no independent scientific approval. Publisher map location; facility/device granularity and precision are unspecified.	Public	Experimental	
iaea-ffdb:Damavand/Iran/Iran%20Atomic%20Energy%20Organization	Damavand		Iran	35.73969	51.38826	publisher map location; unspecified precision	Tokamaks	Conventional Tokamak	Operating	Iran Atomic Energy Organization			https://nucleus.iaea.org/sites/fusion-portal/SitePages/FFDB.aspx?web=1	IAEA FFDB visible source catalogue	2026-10-02	IAEA FFDB source-specific reuse permission	Dated publisher discovery record; no independent scientific approval. Publisher map location; facility/device granularity and precision are unspecified.	Public	Experimental	
iaea-ffdb:IR-T1/Iran/Islamic%20Azad%20University	IR-T1		Iran	35.78869	51.31727	publisher map location; unspecified precision	Tokamaks	Conventional Tokamak	Operating	Islamic Azad University			https://nucleus.iaea.org/sites/fusion-portal/SitePages/FFDB.aspx?web=1	IAEA FFDB visible source catalogue	2026-10-02	IAEA FFDB source-specific reuse permission	Dated publisher discovery record; no independent scientific approval. Publisher map location; facility/device granularity and precision are unspecified.	Public	Experimental	http://pprc.srbiau.ac.ir/en/page/2913/tokamak-ir-t1
iaea-ffdb:Tao%20Energy%20Box/Israel/nT-Tao	Tao Energy Box		Israel				Stellarators/Heliotrons	Stellarator	Planned	nT-Tao			https://nucleus.iaea.org/sites/fusion-portal/SitePages/FFDB.aspx?web=1	IAEA FFDB visible source catalogue	2026-10-02	IAEA FFDB source-specific reuse permission	Dated publisher discovery record; no independent scientific approval. No coordinate supplied in the visible source map.	Private	Plant	
iaea-ffdb:RFX/Italy/Consorzio%20RFX	RFX		Italy	45.39506	11.93034	publisher map location; unspecified precision	Innovative/Alternative Concepts	Reversed Field Pinch	Operating	Consorzio RFX			https://nucleus.iaea.org/sites/fusion-portal/SitePages/FFDB.aspx?web=1	IAEA FFDB visible source catalogue	2026-10-02	IAEA FFDB source-specific reuse permission	Dated publisher discovery record; no independent scientific approval. Publisher map location; facility/device granularity and precision are unspecified.	Public	Experimental	https://www.igi.cnr.it/?q=content/experiment-introduction
iaea-ffdb:DTT/Italy/ENEA	DTT		Italy	41.9	12.7	publisher map location; unspecified precision	Tokamaks	Conventional Tokamak	Under construction	ENEA			https://nucleus.iaea.org/sites/fusion-portal/SitePages/FFDB.aspx?web=1	IAEA FFDB visible source catalogue	2026-10-02	IAEA FFDB source-specific reuse permission	Dated publisher discovery record; no independent scientific approval. Publisher map location; facility/device granularity and precision are unspecified.	Public	Experimental	https://www.dtt-project.enea.it/index.php/what-is-dtt
iaea-ffdb:Proto-Sphera/Italy/ENEA	Proto-Sphera		Italy	41.82213	12.67163	publisher map location; unspecified precision	Innovative/Alternative Concepts	Pinch	Operating	ENEA			https://nucleus.iaea.org/sites/fusion-portal/SitePages/FFDB.aspx?web=1	IAEA FFDB visible source catalogue	2026-10-02	IAEA FFDB source-specific reuse permission	Dated publisher discovery record; no independent scientific approval. Publisher map location; facility/device granularity and precision are unspecified.	Public	Experimental	https://www.afs.enea.it/project/protosphera/
iaea-ffdb:Helix%20HARUKA/Japan/Helical%20Fusion	Helix HARUKA		Japan				Stellarators/Heliotrons	Heliotron	Planned	Helical Fusion			https://nucleus.iaea.org/sites/fusion-portal/SitePages/FFDB.aspx?web=1	IAEA FFDB visible source catalogue	2026-10-02	IAEA FFDB source-specific reuse permission	Dated publisher discovery record; no independent scientific approval. No coordinate supplied in the visible source map.	Private	Experimental	
iaea-ffdb:Helix%20KANATA/Japan/Helical%20Fusion	Helix KANATA		Japan				Stellarators/Heliotrons	Heliotron	Planned	Helical Fusion			https://nucleus.iaea.org/sites/fusion-portal/SitePages/FFDB.aspx?web=1	IAEA FFDB visible source catalogue	2026-10-02	IAEA FFDB source-specific reuse permission	Dated publisher discovery record; no independent scientific approval. No coordinate supplied in the visible source map.	Private	Plant	
iaea-ffdb:HU-Heliac/Japan/Hiroshima%20University	HU-Heliac		Japan	34.39912	132.71404	publisher map location; unspecified precision	Stellarators/Heliotrons	Stellarator	Operating	Hiroshima University			https://nucleus.iaea.org/sites/fusion-portal/SitePages/FFDB.aspx?web=1	IAEA FFDB visible source catalogue	2026-10-02	IAEA FFDB source-specific reuse permission	Dated publisher discovery record; no independent scientific approval. Publisher map location; facility/device granularity and precision are unspecified.	Public	Experimental	
iaea-ffdb:PHiX/Japan/Hiroshima%20University	PHiX		Japan	34.39912	132.71404	publisher map location; unspecified precision	Tokamaks	Conventional Tokamak	Operating	Hiroshima University			https://nucleus.iaea.org/sites/fusion-portal/SitePages/FFDB.aspx?web=1	IAEA FFDB visible source catalogue	2026-10-02	IAEA FFDB source-specific reuse permission	Dated publisher discovery record; no independent scientific approval. Publisher map location; facility/device granularity and precision are unspecified.	Public	Experimental	
iaea-ffdb:Q-DEMO/Japan/Japanese%20Consortium	Q-DEMO		Japan				Tokamaks	Conventional Tokamak	Planned	Japanese Consortium			https://nucleus.iaea.org/sites/fusion-portal/SitePages/FFDB.aspx?web=1	IAEA FFDB visible source catalogue	2026-10-02	IAEA FFDB source-specific reuse permission	Dated publisher discovery record; no independent scientific approval. No coordinate supplied in the visible source map.	Public	Plant	
iaea-ffdb:RELAX/Japan/Kyoto%20Institute%20of%20Technology	RELAX		Japan	35.04978	135.78202	publisher map location; unspecified precision	Innovative/Alternative Concepts	Reversed Field Pinch	Operating	Kyoto Institute of Technology			https://nucleus.iaea.org/sites/fusion-portal/SitePages/FFDB.aspx?web=1	IAEA FFDB visible source catalogue	2026-10-02	IAEA FFDB source-specific reuse permission	Dated publisher discovery record; no independent scientific approval. Publisher map location; facility/device granularity and precision are unspecified.	Public	Experimental	http://nuclear.es.kit.ac.jp/?lang=en
iaea-ffdb:Heliotron%20J/Japan/Kyoto%20University	Heliotron J		Japan	34.91075	135.79639	publisher map location; unspecified precision	Stellarators/Heliotrons	Heliotron	Operating	Kyoto University			https://nucleus.iaea.org/sites/fusion-portal/SitePages/FFDB.aspx?web=1	IAEA FFDB visible source catalogue	2026-10-02	IAEA FFDB source-specific reuse permission	Dated publisher discovery record; no independent scientific approval. Publisher map location; facility/device granularity and precision are unspecified.	Public	Experimental	http://www.iae.kyoto-u.ac.jp/heliotronj/en/
iaea-ffdb:LATE/Japan/Kyoto%20University	LATE		Japan	35.02624	135.78082	publisher map location; unspecified precision	Tokamaks	Spherical Tokamak	Operating	Kyoto University			https://nucleus.iaea.org/sites/fusion-portal/SitePages/FFDB.aspx?web=1	IAEA FFDB visible source catalogue	2026-10-02	IAEA FFDB source-specific reuse permission	Dated publisher discovery record; no independent scientific approval. Publisher map location; facility/device granularity and precision are unspecified.	Public	Experimental	http://plasma47.energy.kyoto-u.ac.jp/index_e.html
iaea-ffdb:PLATO/Japan/Kyushu%20University	PLATO		Japan	33.52279	130.47633	publisher map location; unspecified precision	Tokamaks	Conventional Tokamak	Planned	Kyushu University			https://nucleus.iaea.org/sites/fusion-portal/SitePages/FFDB.aspx?web=1	IAEA FFDB visible source catalogue	2026-10-02	IAEA FFDB source-specific reuse permission	Dated publisher discovery record; no independent scientific approval. Publisher map location; facility/device granularity and precision are unspecified.	Public	Experimental	http://tokusui.riam.kyushu-u.ac.jp/PLATO_project/index-e.html
iaea-ffdb:QUEST/Japan/Kyushu%20University	QUEST		Japan	33.62665	130.42504	publisher map location; unspecified precision	Tokamaks	Spherical Tokamak	Operating	Kyushu University			https://nucleus.iaea.org/sites/fusion-portal/SitePages/FFDB.aspx?web=1	IAEA FFDB visible source catalogue	2026-10-02	IAEA FFDB source-specific reuse permission	Dated publisher discovery record; no independent scientific approval. Publisher map location; facility/device granularity and precision are unspecified.	Public	Experimental	http://www.triam.kyushu-u.ac.jp/QUEST_HP/indexen.html
iaea-ffdb:UH-CTI/Japan/Kyushu%20University	UH-CTI		Japan	33.4	130.5	publisher map location; unspecified precision	Innovative/Alternative Concepts	Spheromak	Operating	Kyushu University			https://nucleus.iaea.org/sites/fusion-portal/SitePages/FFDB.aspx?web=1	IAEA FFDB visible source catalogue	2026-10-02	IAEA FFDB source-specific reuse permission	Dated publisher discovery record; no independent scientific approval. Publisher map location; facility/device granularity and precision are unspecified.	Public	Experimental	
iaea-ffdb:HYBTOK-II/Japan/Nagoya%20University	HYBTOK-II		Japan	35.15385	136.96824	publisher map location; unspecified precision	Tokamaks	Conventional Tokamak	Operating	Nagoya University			https://nucleus.iaea.org/sites/fusion-portal/SitePages/FFDB.aspx?web=1	IAEA FFDB visible source catalogue	2026-10-02	IAEA FFDB source-specific reuse permission	Dated publisher discovery record; no independent scientific approval. Publisher map location; facility/device granularity and precision are unspecified.	Public	Experimental	http://www.nuee.nagoya-u.ac.jp/labs/plaene/e/equipments/hybtok-ii.html
iaea-ffdb:TOKASTAR-2/Japan/Nagoya%20University	TOKASTAR-2		Japan	35.2	137	publisher map location; unspecified precision	Tokamaks	Conventional Tokamak	Operating	Nagoya University			https://nucleus.iaea.org/sites/fusion-portal/SitePages/FFDB.aspx?web=1	IAEA FFDB visible source catalogue	2026-10-02	IAEA FFDB source-specific reuse permission	Dated publisher discovery record; no independent scientific approval. Publisher map location; facility/device granularity and precision are unspecified.	Public	Experimental	http://fuspla.energy.nagoya-u.ac.jp/
iaea-ffdb:LHD/Japan/National%20Institute%20for%20Fusion%20Science	LHD		Japan	35.3249	137.16781	publisher map location; unspecified precision	Stellarators/Heliotrons	Heliotron	Operating	National Institute for Fusion Science			https://nucleus.iaea.org/sites/fusion-portal/SitePages/FFDB.aspx?web=1	IAEA FFDB visible source catalogue	2026-10-02	IAEA FFDB source-specific reuse permission	Dated publisher discovery record; no independent scientific approval. Publisher map location; facility/device granularity and precision are unspecified.	Public	Experimental	https://www.nifs.ac.jp/
iaea-ffdb:JT-60SA/Japan/National%20Institutes%20for%20Quantum%20and%20Radiological%20Science%20and%20Technology	JT-60SA		Japan	36.47457	140.53522	publisher map location; unspecified precision	Tokamaks	Conventional Tokamak	Operating	National Institutes for Quantum and Radiological Science and Technology			https://nucleus.iaea.org/sites/fusion-portal/SitePages/FFDB.aspx?web=1	IAEA FFDB visible source catalogue	2026-10-02	IAEA FFDB source-specific reuse permission	Dated publisher discovery record; no independent scientific approval. Publisher map location; facility/device granularity and precision are unspecified.	Public	Experimental	http://www.jt60sa.org/b/index.htm
iaea-ffdb:FAT-CM/Japan/Nihon%20University	FAT-CM		Japan	35.69977	139.7555	publisher map location; unspecified precision	Innovative/Alternative Concepts	Field Reversed Configuration	Operating	Nihon University			https://nucleus.iaea.org/sites/fusion-portal/SitePages/FFDB.aspx?web=1	IAEA FFDB visible source catalogue	2026-10-02	IAEA FFDB source-specific reuse permission	Dated publisher discovery record; no independent scientific approval. Publisher map location; facility/device granularity and precision are unspecified.	Private	Experimental	http://www.phys.cst.nihon-u.ac.jp/~plasma/
iaea-ffdb:GEKKO%20XII/Japan/Osaka%20University	GEKKO XII		Japan	34.9	135.6	publisher map location; unspecified precision	Laser/Inertial	Laser Fusion	Operating	Osaka University			https://nucleus.iaea.org/sites/fusion-portal/SitePages/FFDB.aspx?web=1	IAEA FFDB visible source catalogue	2026-10-02	IAEA FFDB source-specific reuse permission	Dated publisher discovery record; no independent scientific approval. Publisher map location; facility/device granularity and precision are unspecified.	Public	Experimental	https://www.ile.osaka-u.ac.jp/eng/facilities/gxii/index.html
iaea-ffdb:LFEX/Japan/Osaka%20University	LFEX		Japan	34.82026	135.52365	publisher map location; unspecified precision	Laser/Inertial	Laser Fusion	Operating	Osaka University			https://nucleus.iaea.org/sites/fusion-portal/SitePages/FFDB.aspx?web=1	IAEA FFDB visible source catalogue	2026-10-02	IAEA FFDB source-specific reuse permission	Dated publisher discovery record; no independent scientific approval. Publisher map location; facility/device granularity and precision are unspecified.	Public	Experimental	https://www.ile.osaka-u.ac.jp/eng/facilities/lfex/index.html
iaea-ffdb:FAST/Japan/Starlight%20Engine	FAST		Japan				Tokamaks	Spherical Tokamak	Planned	Starlight Engine			https://nucleus.iaea.org/sites/fusion-portal/SitePages/FFDB.aspx?web=1	IAEA FFDB visible source catalogue	2026-10-02	IAEA FFDB source-specific reuse permission	Dated publisher discovery record; no independent scientific approval. No coordinate supplied in the visible source map.	Private	Plant	
iaea-ffdb:RT-1/Japan/The%20University%20of%20Tokyo	RT-1		Japan	35.8	139.8	publisher map location; unspecified precision	Innovative/Alternative Concepts	Levitated Dipole	Operating	The University of Tokyo			https://nucleus.iaea.org/sites/fusion-portal/SitePages/FFDB.aspx?web=1	IAEA FFDB visible source catalogue	2026-10-02	IAEA FFDB source-specific reuse permission	Dated publisher discovery record; no independent scientific approval. Publisher map location; facility/device granularity and precision are unspecified.	Public	Experimental	http://www.ppl.k.u-tokyo.ac.jp/
iaea-ffdb:TS-4U/Japan/The%20University%20of%20Tokyo	TS-4U		Japan	35.6	139.8	publisher map location; unspecified precision	Tokamaks	Spherical Tokamak	Operating	The University of Tokyo			https://nucleus.iaea.org/sites/fusion-portal/SitePages/FFDB.aspx?web=1	IAEA FFDB visible source catalogue	2026-10-02	IAEA FFDB source-specific reuse permission	Dated publisher discovery record; no independent scientific approval. Publisher map location; facility/device granularity and precision are unspecified.	Public	Experimental	http://tanuki.t.u-tokyo.ac.jp/english-lab/
iaea-ffdb:TS-6/Japan/The%20University%20of%20Tokyo	TS-6		Japan	35.71654	139.76082	publisher map location; unspecified precision	Tokamaks	Spherical Tokamak	Operating	The University of Tokyo			https://nucleus.iaea.org/sites/fusion-portal/SitePages/FFDB.aspx?web=1	IAEA FFDB visible source catalogue	2026-10-02	IAEA FFDB source-specific reuse permission	Dated publisher discovery record; no independent scientific approval. Publisher map location; facility/device granularity and precision are unspecified.	Public	Experimental	http://tanuki.t.u-tokyo.ac.jp/english-lab/
iaea-ffdb:TST-2/Japan/The%20University%20of%20Tokyo	TST-2		Japan	35.71267	139.76198	publisher map location; unspecified precision	Tokamaks	Spherical Tokamak	Operating	The University of Tokyo			https://nucleus.iaea.org/sites/fusion-portal/SitePages/FFDB.aspx?web=1	IAEA FFDB visible source catalogue	2026-10-02	IAEA FFDB source-specific reuse permission	Dated publisher discovery record; no independent scientific approval. Publisher map location; facility/device granularity and precision are unspecified.	Public	Experimental	http://fusion.k.u-tokyo.ac.jp/index-e.html
iaea-ffdb:UTST/Japan/The%20University%20of%20Tokyo	UTST		Japan	35.90232	139.93585	publisher map location; unspecified precision	Tokamaks	Spherical Tokamak	Operating	The University of Tokyo			https://nucleus.iaea.org/sites/fusion-portal/SitePages/FFDB.aspx?web=1	IAEA FFDB visible source catalogue	2026-10-02	IAEA FFDB source-specific reuse permission	Dated publisher discovery record; no independent scientific approval. Publisher map location; facility/device granularity and precision are unspecified.	Public	Experimental	http://tanuki.t.u-tokyo.ac.jp/english-lab/
iaea-ffdb:HIST/Japan/University%20of%20Hyogo	HIST		Japan	34.9	134.7	publisher map location; unspecified precision	Tokamaks	Spherical Tokamak	Operating	University of Hyogo			https://nucleus.iaea.org/sites/fusion-portal/SitePages/FFDB.aspx?web=1	IAEA FFDB visible source catalogue	2026-10-02	IAEA FFDB source-specific reuse permission	Dated publisher discovery record; no independent scientific approval. Publisher map location; facility/device granularity and precision are unspecified.	Public	Experimental	
iaea-ffdb:UH-MCPG1/Japan/University%20of%20Hyogo	UH-MCPG1		Japan	34.87691	134.64973	publisher map location; unspecified precision	Innovative/Alternative Concepts	Spheromak	Operating	University of Hyogo			https://nucleus.iaea.org/sites/fusion-portal/SitePages/FFDB.aspx?web=1	IAEA FFDB visible source catalogue	2026-10-02	IAEA FFDB source-specific reuse permission	Dated publisher discovery record; no independent scientific approval. Publisher map location; facility/device granularity and precision are unspecified.	Public	Experimental	
iaea-ffdb:KTM/Kazakhstan/Institute%20of%20Atomic%20Energy%20NNC%20RK	KTM		Kazakhstan	50.40606	80.24739	publisher map location; unspecified precision	Tokamaks	Spherical Tokamak	Operating	Institute of Atomic Energy NNC RK			https://nucleus.iaea.org/sites/fusion-portal/SitePages/FFDB.aspx?web=1	IAEA FFDB visible source catalogue	2026-10-02	IAEA FFDB source-specific reuse permission	Dated publisher discovery record; no independent scientific approval. Publisher map location; facility/device granularity and precision are unspecified.	Public	Experimental	https://ktm.nnc.kz/
iaea-ffdb:Junior/New%20Zealand/OpenStar%20Technologies	Junior		New Zealand	-41.23958	174.81366	publisher map location; unspecified precision	Innovative/Alternative Concepts	Levitated Dipole	Operating	OpenStar Technologies			https://nucleus.iaea.org/sites/fusion-portal/SitePages/FFDB.aspx?web=1	IAEA FFDB visible source catalogue	2026-10-02	IAEA FFDB source-specific reuse permission	Dated publisher discovery record; no independent scientific approval. Publisher map location; facility/device granularity and precision are unspecified.	Private	Experimental	https://www.openstar.tech/
iaea-ffdb:Maui/New%20Zealand/OpenStar%20Technologies	Maui		New Zealand				Innovative/Alternative Concepts	Levitated Dipole	Planned	OpenStar Technologies			https://nucleus.iaea.org/sites/fusion-portal/SitePages/FFDB.aspx?web=1	IAEA FFDB visible source catalogue	2026-10-02	IAEA FFDB source-specific reuse permission	Dated publisher discovery record; no independent scientific approval. No coordinate supplied in the visible source map.	Private	Experimental	
iaea-ffdb:Tahi/New%20Zealand/OpenStar%20Technologies	Tahi		New Zealand				Innovative/Alternative Concepts	Levitated Dipole	Planned	OpenStar Technologies			https://nucleus.iaea.org/sites/fusion-portal/SitePages/FFDB.aspx?web=1	IAEA FFDB visible source catalogue	2026-10-02	IAEA FFDB source-specific reuse permission	Dated publisher discovery record; no independent scientific approval. No coordinate supplied in the visible source map.	Private	Experimental	
iaea-ffdb:Tama%20Nui/New%20Zealand/OpenStar%20Technologies	Tama Nui		New Zealand				Innovative/Alternative Concepts	Levitated Dipole	Planned	OpenStar Technologies			https://nucleus.iaea.org/sites/fusion-portal/SitePages/FFDB.aspx?web=1	IAEA FFDB visible source catalogue	2026-10-02	IAEA FFDB source-specific reuse permission	Dated publisher discovery record; no independent scientific approval. No coordinate supplied in the visible source map.	Private	Plant	
iaea-ffdb:GLAST-III/Pakistan/Pakistan%20Atomic%20Energy%20Commission	GLAST-III		Pakistan	33.74238	73.09604	publisher map location; unspecified precision	Tokamaks	Spherical Tokamak	Operating	Pakistan Atomic Energy Commission			https://nucleus.iaea.org/sites/fusion-portal/SitePages/FFDB.aspx?web=1	IAEA FFDB visible source catalogue	2026-10-02	IAEA FFDB source-specific reuse permission	Dated publisher discovery record; no independent scientific approval. Publisher map location; facility/device granularity and precision are unspecified.	Public	Experimental	http://www.paec.gov.pk/
iaea-ffdb:MT-1/Pakistan/Pakistan%20Atomic%20Energy%20Commission	MT-1		Pakistan	33.76	73.12	publisher map location; unspecified precision	Tokamaks	Spherical Tokamak	Operating	Pakistan Atomic Energy Commission			https://nucleus.iaea.org/sites/fusion-portal/SitePages/FFDB.aspx?web=1	IAEA FFDB visible source catalogue	2026-10-02	IAEA FFDB source-specific reuse permission	Dated publisher discovery record; no independent scientific approval. Publisher map location; facility/device granularity and precision are unspecified.	Public	Experimental	http://www.paec.gov.pk/
iaea-ffdb:MT-2/Pakistan/Pakistan%20Atomic%20Energy%20Commission	MT-2		Pakistan	33.77	73.13	publisher map location; unspecified precision	Tokamaks	Spherical Tokamak	Under construction	Pakistan Atomic Energy Commission			https://nucleus.iaea.org/sites/fusion-portal/SitePages/FFDB.aspx?web=1	IAEA FFDB visible source catalogue	2026-10-02	IAEA FFDB source-specific reuse permission	Dated publisher discovery record; no independent scientific approval. Publisher map location; facility/device granularity and precision are unspecified.	Public	Experimental	http://www.paec.gov.pk/
iaea-ffdb:PST/Pakistan/Pakistan%20Atomic%20Energy%20Commission	PST		Pakistan	33.75	73.1	publisher map location; unspecified precision	Tokamaks	Spherical Tokamak	Planned	Pakistan Atomic Energy Commission			https://nucleus.iaea.org/sites/fusion-portal/SitePages/FFDB.aspx?web=1	IAEA FFDB visible source catalogue	2026-10-02	IAEA FFDB source-specific reuse permission	Dated publisher discovery record; no independent scientific approval. Publisher map location; facility/device granularity and precision are unspecified.	Public	Experimental	http://www.paec.gov.pk/
iaea-ffdb:ISTTOK/Portugal/Instituto%20Superior%20T%C3%A9cnico	ISTTOK		Portugal	38.73681	-9.1387	publisher map location; unspecified precision	Tokamaks	Conventional Tokamak	Operating	Instituto Superior Técnico			https://nucleus.iaea.org/sites/fusion-portal/SitePages/FFDB.aspx?web=1	IAEA FFDB visible source catalogue	2026-10-02	IAEA FFDB source-specific reuse permission	Dated publisher discovery record; no independent scientific approval. Publisher map location; facility/device granularity and precision are unspecified.	Public	Experimental	https://isttok.tecnico.ulisboa.pt/
iaea-ffdb:CDP/Republic%20of%20Korea/Korea%20Institute%20of%20Fusion%20Energy	CDP		Republic of Korea				Tokamaks	Conventional Tokamak	Planned	Korea Institute of Fusion Energy			https://nucleus.iaea.org/sites/fusion-portal/SitePages/FFDB.aspx?web=1	IAEA FFDB visible source catalogue	2026-10-02	IAEA FFDB source-specific reuse permission	Dated publisher discovery record; no independent scientific approval. No coordinate supplied in the visible source map.	Public	Plant	
iaea-ffdb:KSTAR/Republic%20of%20Korea/Korea%20Institute%20of%20Fusion%20Energy	KSTAR		Republic of Korea	36.37205	127.35217	publisher map location; unspecified precision	Tokamaks	Conventional Tokamak	Operating	Korea Institute of Fusion Energy			https://nucleus.iaea.org/sites/fusion-portal/SitePages/FFDB.aspx?web=1	IAEA FFDB visible source catalogue	2026-10-02	IAEA FFDB source-specific reuse permission	Dated publisher discovery record; no independent scientific approval. Publisher map location; facility/device granularity and precision are unspecified.	Public	Experimental	https://www.kfe.re.kr/eng/index
iaea-ffdb:VEST/Republic%20of%20Korea/Seoul%20National%20University	VEST		Republic of Korea	37.45988	126.9519	publisher map location; unspecified precision	Tokamaks	Spherical Tokamak	Operating	Seoul National University			https://nucleus.iaea.org/sites/fusion-portal/SitePages/FFDB.aspx?web=1	IAEA FFDB visible source catalogue	2026-10-02	IAEA FFDB source-specific reuse permission	Dated publisher discovery record; no independent scientific approval. Publisher map location; facility/device granularity and precision are unspecified.	Public	Experimental	http://nuplex.snu.ac.kr/new/research/st.php
iaea-ffdb:CAT/Russia/Budker%20Institute%20of%20Nuclear%20Physics	CAT		Russia	54.848234	83.11131	publisher map location; unspecified precision	Innovative/Alternative Concepts	Magnetic Mirror Machine	Under construction	Budker Institute of Nuclear Physics			https://nucleus.iaea.org/sites/fusion-portal/SitePages/FFDB.aspx?web=1	IAEA FFDB visible source catalogue	2026-10-02	IAEA FFDB source-specific reuse permission	Dated publisher discovery record; no independent scientific approval. Publisher map location; facility/device granularity and precision are unspecified.	Public	Experimental	http://www.inp.nsk.su/budker-institute-of-nuclear-physics
iaea-ffdb:GDMT/Russia/Budker%20Institute%20of%20Nuclear%20Physics	GDMT		Russia	54.848232	83.11131	publisher map location; unspecified precision	Innovative/Alternative Concepts	Magnetic Mirror Machine	Planned	Budker Institute of Nuclear Physics			https://nucleus.iaea.org/sites/fusion-portal/SitePages/FFDB.aspx?web=1	IAEA FFDB visible source catalogue	2026-10-02	IAEA FFDB source-specific reuse permission	Dated publisher discovery record; no independent scientific approval. Publisher map location; facility/device granularity and precision are unspecified.	Public	Experimental	http://www.inp.nsk.su/budker-institute-of-nuclear-physics
iaea-ffdb:GDMT%20Core/Russia/Budker%20Institute%20of%20Nuclear%20Physics	GDMT Core		Russia	54.848231	83.11131	publisher map location; unspecified precision	Innovative/Alternative Concepts	Magnetic Mirror Machine	Planned	Budker Institute of Nuclear Physics			https://nucleus.iaea.org/sites/fusion-portal/SitePages/FFDB.aspx?web=1	IAEA FFDB visible source catalogue	2026-10-02	IAEA FFDB source-specific reuse permission	Dated publisher discovery record; no independent scientific approval. Publisher map location; facility/device granularity and precision are unspecified.	Public	Experimental	http://www.inp.nsk.su/budker-institute-of-nuclear-physics
iaea-ffdb:GDT/Russia/Budker%20Institute%20of%20Nuclear%20Physics	GDT		Russia	54.84823	83.11131	publisher map location; unspecified precision	Innovative/Alternative Concepts	Magnetic Mirror Machine	Operating	Budker Institute of Nuclear Physics			https://nucleus.iaea.org/sites/fusion-portal/SitePages/FFDB.aspx?web=1	IAEA FFDB visible source catalogue	2026-10-02	IAEA FFDB source-specific reuse permission	Dated publisher discovery record; no independent scientific approval. Publisher map location; facility/device granularity and precision are unspecified.	Public	Experimental	http://www.inp.nsk.su/budker-institute-of-nuclear-physics
iaea-ffdb:GOL-NB/Russia/Budker%20Institute%20of%20Nuclear%20Physics	GOL-NB		Russia	54.84879	83.11101	publisher map location; unspecified precision	Innovative/Alternative Concepts	Magnetic Mirror Machine	Operating	Budker Institute of Nuclear Physics			https://nucleus.iaea.org/sites/fusion-portal/SitePages/FFDB.aspx?web=1	IAEA FFDB visible source catalogue	2026-10-02	IAEA FFDB source-specific reuse permission	Dated publisher discovery record; no independent scientific approval. Publisher map location; facility/device granularity and precision are unspecified.	Public	Experimental	http://www.inp.nsk.su/budker-institute-of-nuclear-physics
iaea-ffdb:SMOLA/Russia/Budker%20Institute%20of%20Nuclear%20Physics	SMOLA		Russia	54.848233	83.11131	publisher map location; unspecified precision	Innovative/Alternative Concepts	Magnetic Mirror Machine	Operating	Budker Institute of Nuclear Physics			https://nucleus.iaea.org/sites/fusion-portal/SitePages/FFDB.aspx?web=1	IAEA FFDB visible source catalogue	2026-10-02	IAEA FFDB source-specific reuse permission	Dated publisher discovery record; no independent scientific approval. Publisher map location; facility/device granularity and precision are unspecified.	Public	Experimental	http://www.inp.nsk.su/budker-institute-of-nuclear-physics
iaea-ffdb:FT-2/Russia/Ioffe%20Institute	FT-2		Russia	60.00693	30.36861	publisher map location; unspecified precision	Tokamaks	Conventional Tokamak	Operating	Ioffe Institute			https://nucleus.iaea.org/sites/fusion-portal/SitePages/FFDB.aspx?web=1	IAEA FFDB visible source catalogue	2026-10-02	IAEA FFDB source-specific reuse permission	Dated publisher discovery record; no independent scientific approval. Publisher map location; facility/device granularity and precision are unspecified.	Public	Experimental	http://www.ioffe.ru/
iaea-ffdb:Globus-3/Russia/Ioffe%20Institute	Globus-3		Russia	60.00703	30.36771	publisher map location; unspecified precision	Tokamaks	Spherical Tokamak	Planned	Ioffe Institute			https://nucleus.iaea.org/sites/fusion-portal/SitePages/FFDB.aspx?web=1	IAEA FFDB visible source catalogue	2026-10-02	IAEA FFDB source-specific reuse permission	Dated publisher discovery record; no independent scientific approval. Publisher map location; facility/device granularity and precision are unspecified.	Public	Experimental	http://www.ioffe.ru/
iaea-ffdb:Globus-M2/Russia/Ioffe%20Institute	Globus-M2		Russia	60.00703	30.36771	publisher map location; unspecified precision	Tokamaks	Spherical Tokamak	Operating	Ioffe Institute			https://nucleus.iaea.org/sites/fusion-portal/SitePages/FFDB.aspx?web=1	IAEA FFDB visible source catalogue	2026-10-02	IAEA FFDB source-specific reuse permission	Dated publisher discovery record; no independent scientific approval. Publisher map location; facility/device granularity and precision are unspecified.	Public	Experimental	http://www.ioffe.ru/
iaea-ffdb:TUMAN-3M/Russia/Ioffe%20Institute	TUMAN-3M		Russia	60.00653	30.36844	publisher map location; unspecified precision	Tokamaks	Conventional Tokamak	Operating	Ioffe Institute			https://nucleus.iaea.org/sites/fusion-portal/SitePages/FFDB.aspx?web=1	IAEA FFDB visible source catalogue	2026-10-02	IAEA FFDB source-specific reuse permission	Dated publisher discovery record; no independent scientific approval. Publisher map location; facility/device granularity and precision are unspecified.	Public	Experimental	http://www.ioffe.ru/HTPPL/Tuman3.html
iaea-ffdb:T-15MD/Russia/National%20Research%20Centre%20Kurchatov%20Institute	T-15MD		Russia	55.80129	37.47703	publisher map location; unspecified precision	Tokamaks	Conventional Tokamak	Operating	National Research Centre Kurchatov Institute			https://nucleus.iaea.org/sites/fusion-portal/SitePages/FFDB.aspx?web=1	IAEA FFDB visible source catalogue	2026-10-02	IAEA FFDB source-specific reuse permission	Dated publisher discovery record; no independent scientific approval. Publisher map location; facility/device granularity and precision are unspecified.	Public	Experimental	
iaea-ffdb:MYTHIST-0/Russia/National%20Research%20Nuclear%20University%20MEPhI	MYTHIST-0		Russia	55.6502	37.6643	publisher map location; unspecified precision	Tokamaks	Conventional Tokamak	Operating	National Research Nuclear University MEPhI			https://nucleus.iaea.org/sites/fusion-portal/SitePages/FFDB.aspx?web=1	IAEA FFDB visible source catalogue	2026-10-02	IAEA FFDB source-specific reuse permission	Dated publisher discovery record; no independent scientific approval. Publisher map location; facility/device granularity and precision are unspecified.	Public	Experimental	https://eng.mephi.ru/news/121072
iaea-ffdb:DEMO-RF/Russia/Russian%20Consortium	DEMO-RF		Russia				Tokamaks	Conventional Tokamak	Planned	Russian Consortium			https://nucleus.iaea.org/sites/fusion-portal/SitePages/FFDB.aspx?web=1	IAEA FFDB visible source catalogue	2026-10-02	IAEA FFDB source-specific reuse permission	Dated publisher discovery record; no independent scientific approval. No coordinate supplied in the visible source map.	Public	Plant	
iaea-ffdb:GUTTA/Russia/Saint%20Petersburg%20State%20University	GUTTA		Russia	59.94189	30.29891	publisher map location; unspecified precision	Tokamaks	Spherical Tokamak	Operating	Saint Petersburg State University			https://nucleus.iaea.org/sites/fusion-portal/SitePages/FFDB.aspx?web=1	IAEA FFDB visible source catalogue	2026-10-02	IAEA FFDB source-specific reuse permission	Dated publisher discovery record; no independent scientific approval. Publisher map location; facility/device granularity and precision are unspecified.	Public	Experimental	https://spbu.ru/
iaea-ffdb:T-11M/Russia/Troitsk%20Institute%20for%20Innovation%20and%20Fusion%20Research	T-11M		Russia	55.48722	37.30465	publisher map location; unspecified precision	Tokamaks	Conventional Tokamak	Operating	Troitsk Institute for Innovation and Fusion Research			https://nucleus.iaea.org/sites/fusion-portal/SitePages/FFDB.aspx?web=1	IAEA FFDB visible source catalogue	2026-10-02	IAEA FFDB source-specific reuse permission	Dated publisher discovery record; no independent scientific approval. Publisher map location; facility/device granularity and precision are unspecified.	Public	Experimental	http://www.triniti.ru/Triniti_eng/
iaea-ffdb:TRT/Russia/Troitsk%20Institute%20for%20Innovation%20and%20Fusion%20Research	TRT		Russia				Tokamaks	Conventional Tokamak	Planned	Troitsk Institute for Innovation and Fusion Research			https://nucleus.iaea.org/sites/fusion-portal/SitePages/FFDB.aspx?web=1	IAEA FFDB visible source catalogue	2026-10-02	IAEA FFDB source-specific reuse permission	Dated publisher discovery record; no independent scientific approval. No coordinate supplied in the visible source map.	Public	Experimental	
iaea-ffdb:TJ-II/Spain/CIEMAT	TJ-II		Spain	40.45518	-3.72668	publisher map location; unspecified precision	Stellarators/Heliotrons	Stellarator	Operating	CIEMAT			https://nucleus.iaea.org/sites/fusion-portal/SitePages/FFDB.aspx?web=1	IAEA FFDB visible source catalogue	2026-10-02	IAEA FFDB source-specific reuse permission	Dated publisher discovery record; no independent scientific approval. Publisher map location; facility/device granularity and precision are unspecified.	Public	Experimental	http://www.fusion.ciemat.es/tj-ii-2/
iaea-ffdb:SMART/Spain/University%20of%20Seville	SMART		Spain	37.38075	-5.99123	publisher map location; unspecified precision	Tokamaks	Spherical Tokamak	Under construction	University of Seville			https://nucleus.iaea.org/sites/fusion-portal/SitePages/FFDB.aspx?web=1	IAEA FFDB visible source catalogue	2026-10-02	IAEA FFDB source-specific reuse permission	Dated publisher discovery record; no independent scientific approval. Publisher map location; facility/device granularity and precision are unspecified.	Public	Experimental	https://ics-seville.org/university-of-seville/
iaea-ffdb:EXTRAP%20T2R/Sweden/KTH%20Royal%20Institute%20of%20Technology	EXTRAP T2R		Sweden	59.34994	18.06971	publisher map location; unspecified precision	Innovative/Alternative Concepts	Reversed Field Pinch	Operating	KTH Royal Institute of Technology			https://nucleus.iaea.org/sites/fusion-portal/SitePages/FFDB.aspx?web=1	IAEA FFDB visible source catalogue	2026-10-02	IAEA FFDB source-specific reuse permission	Dated publisher discovery record; no independent scientific approval. Publisher map location; facility/device granularity and precision are unspecified.	Public	Experimental	https://www.kth.se/fpp/research/experiment/experimental-research-at-extrap-t2r-1.34940
iaea-ffdb:N1/Sweden/Novatron	N1		Sweden	59.34948	18.07269	publisher map location; unspecified precision	Innovative/Alternative Concepts	Magnetic Mirror Machine	Under construction	Novatron			https://nucleus.iaea.org/sites/fusion-portal/SitePages/FFDB.aspx?web=1	IAEA FFDB visible source catalogue	2026-10-02	IAEA FFDB source-specific reuse permission	Dated publisher discovery record; no independent scientific approval. Publisher map location; facility/device granularity and precision are unspecified.	Private	Experimental	https://www.novatronfusion.com/
iaea-ffdb:N2/Sweden/Novatron	N2		Sweden	59.34948	18.07269	publisher map location; unspecified precision	Innovative/Alternative Concepts	Magnetic Mirror Machine	Planned	Novatron			https://nucleus.iaea.org/sites/fusion-portal/SitePages/FFDB.aspx?web=1	IAEA FFDB visible source catalogue	2026-10-02	IAEA FFDB source-specific reuse permission	Dated publisher discovery record; no independent scientific approval. Publisher map location; facility/device granularity and precision are unspecified.	Private	Experimental	https://www.novatronfusion.com/
iaea-ffdb:NOVATRON%20Fusion%20Plant/Sweden/Novatron	NOVATRON Fusion Plant		Sweden				Innovative/Alternative Concepts	Magnetic Mirror Machine	Planned	Novatron			https://nucleus.iaea.org/sites/fusion-portal/SitePages/FFDB.aspx?web=1	IAEA FFDB visible source catalogue	2026-10-02	IAEA FFDB source-specific reuse permission	Dated publisher discovery record; no independent scientific approval. No coordinate supplied in the visible source map.	Private	Plant	
iaea-ffdb:TCV/Switzerland/Swiss%20Plasma%20Center	TCV		Switzerland	46.5176	6.56508	publisher map location; unspecified precision	Tokamaks	Conventional Tokamak	Operating	Swiss Plasma Center			https://nucleus.iaea.org/sites/fusion-portal/SitePages/FFDB.aspx?web=1	IAEA FFDB visible source catalogue	2026-10-02	IAEA FFDB source-specific reuse permission	Dated publisher discovery record; no independent scientific approval. Publisher map location; facility/device granularity and precision are unspecified.	Public	Experimental	https://www.epfl.ch/research/domains/swiss-plasma-center/research/tcv/research_tcv_tokamak/
iaea-ffdb:TORPEX/Switzerland/Swiss%20Plasma%20Center	TORPEX		Switzerland	46.51764	6.56488	publisher map location; unspecified precision	Innovative/Alternative Concepts	Simple Magnetized Torus	Operating	Swiss Plasma Center			https://nucleus.iaea.org/sites/fusion-portal/SitePages/FFDB.aspx?web=1	IAEA FFDB visible source catalogue	2026-10-02	IAEA FFDB source-specific reuse permission	Dated publisher discovery record; no independent scientific approval. Publisher map location; facility/device granularity and precision are unspecified.	Public	Experimental	https://www.epfl.ch/research/domains/swiss-plasma-center/research/research_basic_plasmas/research_basic_plasmas_torpex/
iaea-ffdb:TT-1/Thailand/Thailand%20Institute%20of%20Nuclear%20Technology	TT-1		Thailand	14.1198	101.02557	publisher map location; unspecified precision	Tokamaks	Conventional Tokamak	Operating	Thailand Institute of Nuclear Technology			https://nucleus.iaea.org/sites/fusion-portal/SitePages/FFDB.aspx?web=1	IAEA FFDB visible source catalogue	2026-10-02	IAEA FFDB source-specific reuse permission	Dated publisher discovery record; no independent scientific approval. Publisher map location; facility/device granularity and precision are unspecified.	Public	Experimental	https://www.tint.or.th/main/index.php/en/
iaea-ffdb:Uragan-2M/Ukraine/Institute%20of%20Plasma%20Physics%20National%20Science%20Center	Uragan-2M		Ukraine	50.08665	36.25209	publisher map location; unspecified precision	Stellarators/Heliotrons	Stellarator	Operating	Institute of Plasma Physics National Science Center			https://nucleus.iaea.org/sites/fusion-portal/SitePages/FFDB.aspx?web=1	IAEA FFDB visible source catalogue	2026-10-02	IAEA FFDB source-specific reuse permission	Dated publisher discovery record; no independent scientific approval. Publisher map location; facility/device granularity and precision are unspecified.	Public	Experimental	https://ipp.kipt.kharkov.ua/u2m/u2m_en.html
iaea-ffdb:Uragan-3M/Ukraine/Institute%20of%20Plasma%20Physics%20National%20Science%20Center	Uragan-3M		Ukraine	50.08665	36.25209	publisher map location; unspecified precision	Stellarators/Heliotrons	Stellarator	Operating	Institute of Plasma Physics National Science Center			https://nucleus.iaea.org/sites/fusion-portal/SitePages/FFDB.aspx?web=1	IAEA FFDB visible source catalogue	2026-10-02	IAEA FFDB source-specific reuse permission	Dated publisher discovery record; no independent scientific approval. Publisher map location; facility/device granularity and precision are unspecified.	Public	Experimental	https://ipp.kipt.kharkov.ua/u3m/u3m_eng.html
iaea-ffdb:FLARE/United%20Kingdom/First%20Light%20Fusion%20Ltd	FLARE		United Kingdom				Laser/Inertial	Inertial Fusion	Planned	First Light Fusion Ltd			https://nucleus.iaea.org/sites/fusion-portal/SitePages/FFDB.aspx?web=1	IAEA FFDB visible source catalogue	2026-10-02	IAEA FFDB source-specific reuse permission	Dated publisher discovery record; no independent scientific approval. No coordinate supplied in the visible source map.	Private	Plant	
iaea-ffdb:Machine%203/United%20Kingdom/First%20Light%20Fusion%20Ltd	Machine 3		United Kingdom	51.75186	-1.29123	publisher map location; unspecified precision	Laser/Inertial	Inertial Fusion	Operating	First Light Fusion Ltd			https://nucleus.iaea.org/sites/fusion-portal/SitePages/FFDB.aspx?web=1	IAEA FFDB visible source catalogue	2026-10-02	IAEA FFDB source-specific reuse permission	Dated publisher discovery record; no independent scientific approval. Publisher map location; facility/device granularity and precision are unspecified.	Private	Experimental	https://firstlightfusion.com/
iaea-ffdb:FDP/United%20Kingdom/General%20Fusion	FDP		United Kingdom	51.65781	-1.22845	publisher map location; unspecified precision	Innovative/Alternative Concepts	Magnetized Target Fusion	Planned	General Fusion			https://nucleus.iaea.org/sites/fusion-portal/SitePages/FFDB.aspx?web=1	IAEA FFDB visible source catalogue	2026-10-02	IAEA FFDB source-specific reuse permission	Dated publisher discovery record; no independent scientific approval. Publisher map location; facility/device granularity and precision are unspecified.	Private	Experimental	https://generalfusion.com/
iaea-ffdb:ST40/United%20Kingdom/Tokamak%20Energy	ST40		United Kingdom	51.62308	-1.28174	publisher map location; unspecified precision	Tokamaks	Spherical Tokamak	Operating	Tokamak Energy			https://nucleus.iaea.org/sites/fusion-portal/SitePages/FFDB.aspx?web=1	IAEA FFDB visible source catalogue	2026-10-02	IAEA FFDB source-specific reuse permission	Dated publisher discovery record; no independent scientific approval. Publisher map location; facility/device granularity and precision are unspecified.	Private	Experimental	https://www.tokamakenergy.co.uk/technology/st40/
iaea-ffdb:ST-E1/United%20Kingdom/Tokamak%20Energy	ST-E1		United Kingdom				Tokamaks	Spherical Tokamak	Planned	Tokamak Energy			https://nucleus.iaea.org/sites/fusion-portal/SitePages/FFDB.aspx?web=1	IAEA FFDB visible source catalogue	2026-10-02	IAEA FFDB source-specific reuse permission	Dated publisher discovery record; no independent scientific approval. No coordinate supplied in the visible source map.	Private	Plant	
iaea-ffdb:MAST-U/United%20Kingdom/UKAEA	MAST-U		United Kingdom	51.65781	-1.22845	publisher map location; unspecified precision	Tokamaks	Spherical Tokamak	Operating	UKAEA			https://nucleus.iaea.org/sites/fusion-portal/SitePages/FFDB.aspx?web=1	IAEA FFDB visible source catalogue	2026-10-02	IAEA FFDB source-specific reuse permission	Dated publisher discovery record; no independent scientific approval. Publisher map location; facility/device granularity and precision are unspecified.	Public	Experimental	https://ccfe.ukaea.uk/
iaea-ffdb:STEP/United%20Kingdom/UKAEA	STEP		United Kingdom	53.35938	-0.80816	publisher map location; unspecified precision	Tokamaks	Spherical Tokamak	Planned	UKAEA			https://nucleus.iaea.org/sites/fusion-portal/SitePages/FFDB.aspx?web=1	IAEA FFDB visible source catalogue	2026-10-02	IAEA FFDB source-specific reuse permission	Dated publisher discovery record; no independent scientific approval. Publisher map location; facility/device granularity and precision are unspecified.	Public	Plant	https://ccfe.ukaea.uk/research/step/
iaea-ffdb:CTH/United%20States/Auburn%20University	CTH		United States	32.59853	-85.48836	publisher map location; unspecified precision	Stellarators/Heliotrons	Torsatron	Operating	Auburn University			https://nucleus.iaea.org/sites/fusion-portal/SitePages/FFDB.aspx?web=1	IAEA FFDB visible source catalogue	2026-10-02	IAEA FFDB source-specific reuse permission	Dated publisher discovery record; no independent scientific approval. Publisher map location; facility/device granularity and precision are unspecified.	Public	Experimental	http://www.auburn.edu/academic/cosam/departments/physics/research/fusion/more-fusion-research.htm
iaea-ffdb:FusionWERX/United%20States/Avalanche%20Energy	FusionWERX		United States	46.32556	-119.29128	publisher map location; unspecified precision	Innovative/Alternative Concepts	Inertial Electrostatic Fusion	Under construction	Avalanche Energy			https://nucleus.iaea.org/sites/fusion-portal/SitePages/FFDB.aspx?web=1	IAEA FFDB visible source catalogue	2026-10-02	IAEA FFDB source-specific reuse permission	Dated publisher discovery record; no independent scientific approval. Publisher map location; facility/device granularity and precision are unspecified.	Private	Experimental	https://www.avalanchefusion.com/news-release/avalanche-energy-announces-new-fusionwerx-test-facility-to-accelerate-commercial-fusion-development
iaea-ffdb:CSX/United%20States/Columbia%20University	CSX		United States	40.80942	-73.96004	publisher map location; unspecified precision	Stellarators/Heliotrons	Stellarator	Under construction	Columbia University			https://nucleus.iaea.org/sites/fusion-portal/SitePages/FFDB.aspx?web=1	IAEA FFDB visible source catalogue	2026-10-02	IAEA FFDB source-specific reuse permission	Dated publisher discovery record; no independent scientific approval. Publisher map location; facility/device granularity and precision are unspecified.	Public	Experimental	https://plasma.apam.columbia.edu/facilities/columbia-stellarator-experiment-csx
iaea-ffdb:CUTE/United%20States/Columbia%20University	CUTE		United States	40.80942	-73.96004	publisher map location; unspecified precision	Tokamaks	Spherical Tokamak	Under construction	Columbia University			https://nucleus.iaea.org/sites/fusion-portal/SitePages/FFDB.aspx?web=1	IAEA FFDB visible source catalogue	2026-10-02	IAEA FFDB source-specific reuse permission	Dated publisher discovery record; no independent scientific approval. Publisher map location; facility/device granularity and precision are unspecified.	Public	Experimental	
iaea-ffdb:HBT-EP/United%20States/Columbia%20University	HBT-EP		United States	40.80942	-73.96004	publisher map location; unspecified precision	Tokamaks	Conventional Tokamak	Operating	Columbia University			https://nucleus.iaea.org/sites/fusion-portal/SitePages/FFDB.aspx?web=1	IAEA FFDB visible source catalogue	2026-10-02	IAEA FFDB source-specific reuse permission	Dated publisher discovery record; no independent scientific approval. Publisher map location; facility/device granularity and precision are unspecified.	Public	Experimental	http://sites.apam.columbia.edu/HBT-EP/pages/about_hbtep.html
iaea-ffdb:ARC/United%20States/Commonwealth%20Fusion%20Systems	ARC		United States	37.36732	-77.60778	publisher map location; unspecified precision	Tokamaks	Conventional Tokamak	Planned	Commonwealth Fusion Systems			https://nucleus.iaea.org/sites/fusion-portal/SitePages/FFDB.aspx?web=1	IAEA FFDB visible source catalogue	2026-10-02	IAEA FFDB source-specific reuse permission	Dated publisher discovery record; no independent scientific approval. Publisher map location; facility/device granularity and precision are unspecified.	Private	Plant	https://cfs.energy/
iaea-ffdb:SPARC/United%20States/Commonwealth%20Fusion%20Systems	SPARC		United States	42.36427	-71.10149	publisher map location; unspecified precision	Tokamaks	Conventional Tokamak	Under construction	Commonwealth Fusion Systems			https://nucleus.iaea.org/sites/fusion-portal/SitePages/FFDB.aspx?web=1	IAEA FFDB visible source catalogue	2026-10-02	IAEA FFDB source-specific reuse permission	Dated publisher discovery record; no independent scientific approval. Publisher map location; facility/device granularity and precision are unspecified.	Private	Experimental	https://cfs.energy/
iaea-ffdb:Focused%20Energy/United%20States/Focused%20Energy	Focused Energy		United States	37.82717	-122.2913	publisher map location; unspecified precision	Laser/Inertial	Laser Fusion	Planned	Focused Energy			https://nucleus.iaea.org/sites/fusion-portal/SitePages/FFDB.aspx?web=1	IAEA FFDB visible source catalogue	2026-10-02	IAEA FFDB source-specific reuse permission	Dated publisher discovery record; no independent scientific approval. Publisher map location; facility/device granularity and precision are unspecified.	Private	Experimental	https://focused-energy.world/
iaea-ffdb:DIII-D/United%20States/General%20Atomics	DIII-D		United States	32.89386	-117.23606	publisher map location; unspecified precision	Tokamaks	Conventional Tokamak	Operating	General Atomics			https://nucleus.iaea.org/sites/fusion-portal/SitePages/FFDB.aspx?web=1	IAEA FFDB visible source catalogue	2026-10-02	IAEA FFDB source-specific reuse permission	Dated publisher discovery record; no independent scientific approval. Publisher map location; facility/device granularity and precision are unspecified.	Public	Experimental	http://www.ga.com/diii-d
iaea-ffdb:STAR_LITE/United%20States/Hampton%20University%20School%20of%20Science	STAR_LITE		United States	37.02283	-76.33436	publisher map location; unspecified precision	Stellarators/Heliotrons	Stellarator	Under construction	Hampton University School of Science			https://nucleus.iaea.org/sites/fusion-portal/SitePages/FFDB.aspx?web=1	IAEA FFDB visible source catalogue	2026-10-02	IAEA FFDB source-specific reuse permission	Dated publisher discovery record; no independent scientific approval. Publisher map location; facility/device granularity and precision are unspecified.	Public	Experimental	https://home.hamptonu.edu/blog/2023/10/19/hu-awarded-a-1-7m-grant-to-help-develop-a-new-stellarator-experiment-group-to-advance-research-in-fusion-plasma-science/
iaea-ffdb:Helicity%20Drive/United%20States/HelicitySpace	Helicity Drive		United States	37.87009	-122.26702	publisher map location; unspecified precision	Innovative/Alternative Concepts	Space Propulsor	Planned	HelicitySpace			https://nucleus.iaea.org/sites/fusion-portal/SitePages/FFDB.aspx?web=1	IAEA FFDB visible source catalogue	2026-10-02	IAEA FFDB source-specific reuse permission	Dated publisher discovery record; no independent scientific approval. Publisher map location; facility/device granularity and precision are unspecified.	Private	Experimental	https://www.helicityspace.com/
iaea-ffdb:Orion/United%20States/Helion%20Energy	Orion		United States	47.37235	-120.20117	publisher map location; unspecified precision	Innovative/Alternative Concepts	Field Reversed Configuration	Planned	Helion Energy			https://nucleus.iaea.org/sites/fusion-portal/SitePages/FFDB.aspx?web=1	IAEA FFDB visible source catalogue	2026-10-02	IAEA FFDB source-specific reuse permission	Dated publisher discovery record; no independent scientific approval. Publisher map location; facility/device granularity and precision are unspecified.	Private	Plant	https://www.helionenergy.com/articles/starting-to-build-the-worlds-first-fusion-power-plant-in-malaga-wa/
iaea-ffdb:Polaris/United%20States/Helion%20Energy	Polaris		United States	47.97898	-122.20207	publisher map location; unspecified precision	Innovative/Alternative Concepts	Field Reversed Configuration	Planned	Helion Energy			https://nucleus.iaea.org/sites/fusion-portal/SitePages/FFDB.aspx?web=1	IAEA FFDB visible source catalogue	2026-10-02	IAEA FFDB source-specific reuse permission	Dated publisher discovery record; no independent scientific approval. Publisher map location; facility/device granularity and precision are unspecified.	Private	Plant	https://www.helionenergy.com/
iaea-ffdb:Argo-1/United%20States/Inertia%20Enterprises	Argo-1		United States				Laser/Inertial	Laser Fusion	Planned	Inertia Enterprises			https://nucleus.iaea.org/sites/fusion-portal/SitePages/FFDB.aspx?web=1	IAEA FFDB visible source catalogue	2026-10-02	IAEA FFDB source-specific reuse permission	Dated publisher discovery record; no independent scientific approval. No coordinate supplied in the visible source map.	Private	Plant	
iaea-ffdb:NIF/United%20States/Lawrence%20Livermore%20National%20Laboratory	NIF		United States	37.69092	-121.70047	publisher map location; unspecified precision	Laser/Inertial	Laser Fusion	Operating	Lawrence Livermore National Laboratory			https://nucleus.iaea.org/sites/fusion-portal/SitePages/FFDB.aspx?web=1	IAEA FFDB visible source catalogue	2026-10-02	IAEA FFDB source-specific reuse permission	Dated publisher discovery record; no independent scientific approval. Publisher map location; facility/device granularity and precision are unspecified.	Public	Experimental	https://lasers.llnl.gov/about/how-nif-works
iaea-ffdb:Focus%20Fusion/United%20States/Lawrenceville%20Plasma%20Physics%2C%20Inc.%20DBA%20LPPFusion	Focus Fusion		United States	40.56214	-74.51982	publisher map location; unspecified precision	Innovative/Alternative Concepts	Dense Plasma Focus	Operating	Lawrenceville Plasma Physics, Inc. DBA LPPFusion			https://nucleus.iaea.org/sites/fusion-portal/SitePages/FFDB.aspx?web=1	IAEA FFDB visible source catalogue	2026-10-02	IAEA FFDB source-specific reuse permission	Dated publisher discovery record; no independent scientific approval. Publisher map location; facility/device granularity and precision are unspecified.	Private	Experimental	https://lppfusion.com/technology/dpf-device/
iaea-ffdb:CFR/United%20States/Lockheed%20Martin	CFR		United States	34.62241	-118.10897	publisher map location; unspecified precision	Innovative/Alternative Concepts	Magnetic Mirror Machine	Operating	Lockheed Martin			https://nucleus.iaea.org/sites/fusion-portal/SitePages/FFDB.aspx?web=1	IAEA FFDB visible source catalogue	2026-10-02	IAEA FFDB source-specific reuse permission	Dated publisher discovery record; no independent scientific approval. Publisher map location; facility/device granularity and precision are unspecified.	Public	Experimental	https://www.lockheedmartin.com/en-us/products/compact-fusion.html
iaea-ffdb:Longview%20Plant/United%20States/Longview%20Fusion%20Energy%20Systems%2C%20Inc.	Longview Plant		United States				Laser/Inertial	Laser Fusion	Planned	Longview Fusion Energy Systems, Inc.			https://nucleus.iaea.org/sites/fusion-portal/SitePages/FFDB.aspx?web=1	IAEA FFDB visible source catalogue	2026-10-02	IAEA FFDB source-specific reuse permission	Dated publisher discovery record; no independent scientific approval. No coordinate supplied in the visible source map.	Private	Plant	
iaea-ffdb:ATLAS/United%20States/Marvel%20Fusion	ATLAS		United States	40.58526	-105.08442	publisher map location; unspecified precision	Laser/Inertial	Laser Fusion	Planned	Marvel Fusion			https://nucleus.iaea.org/sites/fusion-portal/SitePages/FFDB.aspx?web=1	IAEA FFDB visible source catalogue	2026-10-02	IAEA FFDB source-specific reuse permission	Dated publisher discovery record; no independent scientific approval. Publisher map location; facility/device granularity and precision are unspecified.	Private	Experimental	https://marvelfusion.com/
iaea-ffdb:TITAN/United%20States/Marvel%20Fusion	TITAN		United States				Laser/Inertial	Laser Fusion	Planned	Marvel Fusion			https://nucleus.iaea.org/sites/fusion-portal/SitePages/FFDB.aspx?web=1	IAEA FFDB visible source catalogue	2026-10-02	IAEA FFDB source-specific reuse permission	Dated publisher discovery record; no independent scientific approval. No coordinate supplied in the visible source map.	Private	Experimental	
iaea-ffdb:Commercial%20System/United%20States/Pacific%20Fusion	Commercial System		United States				Innovative/Alternative Concepts	Pinch	Planned	Pacific Fusion			https://nucleus.iaea.org/sites/fusion-portal/SitePages/FFDB.aspx?web=1	IAEA FFDB visible source catalogue	2026-10-02	IAEA FFDB source-specific reuse permission	Dated publisher discovery record; no independent scientific approval. No coordinate supplied in the visible source map.	Private	Plant	
iaea-ffdb:Demonstration%20System/United%20States/Pacific%20Fusion	Demonstration System		United States	37.54853	-121.98858	publisher map location; unspecified precision	Innovative/Alternative Concepts	Pinch	Planned	Pacific Fusion			https://nucleus.iaea.org/sites/fusion-portal/SitePages/FFDB.aspx?web=1	IAEA FFDB visible source catalogue	2026-10-02	IAEA FFDB source-specific reuse permission	Dated publisher discovery record; no independent scientific approval. Publisher map location; facility/device granularity and precision are unspecified.	Private	Experimental	https://www.pacificfusion.com/updates/pacific-fusion-announces-expansion-to-new-mexico-with-new-research-and-manufacturing-campus
iaea-ffdb:GigaPulse%2FTerapulse%20Foundry/United%20States/Pacific%20Fusion	GigaPulse/Terapulse Foundry		United States				Innovative/Alternative Concepts	Pinch	Planned	Pacific Fusion			https://nucleus.iaea.org/sites/fusion-portal/SitePages/FFDB.aspx?web=1	IAEA FFDB visible source catalogue	2026-10-02	IAEA FFDB source-specific reuse permission	Dated publisher discovery record; no independent scientific approval. No coordinate supplied in the visible source map.	Private	Experimental	
iaea-ffdb:LTX-%CE%B2/United%20States/Princeton%20Plasma%20Physics%20Laboratory	LTX-β		United States	40.34822	-74.60277	publisher map location; unspecified precision	Tokamaks	Spherical Tokamak	Operating	Princeton Plasma Physics Laboratory			https://nucleus.iaea.org/sites/fusion-portal/SitePages/FFDB.aspx?web=1	IAEA FFDB visible source catalogue	2026-10-02	IAEA FFDB source-specific reuse permission	Dated publisher discovery record; no independent scientific approval. Publisher map location; facility/device granularity and precision are unspecified.	Public	Experimental	https://www.pppl.gov/LTX
iaea-ffdb:MUSE/United%20States/Princeton%20Plasma%20Physics%20Laboratory	MUSE		United States	40.35003	-74.60303	publisher map location; unspecified precision	Stellarators/Heliotrons	Stellarator	Operating	Princeton Plasma Physics Laboratory			https://nucleus.iaea.org/sites/fusion-portal/SitePages/FFDB.aspx?web=1	IAEA FFDB visible source catalogue	2026-10-02	IAEA FFDB source-specific reuse permission	Dated publisher discovery record; no independent scientific approval. Publisher map location; facility/device granularity and precision are unspecified.	Public	Experimental	https://www.pppl.gov/news/2024/return-roots-pppl-builds-its-first-stellarator-decades-and-opens-door-research-new-plasma
iaea-ffdb:NSTX-U/United%20States/Princeton%20Plasma%20Physics%20Laboratory	NSTX-U		United States	40.35003	-74.60303	publisher map location; unspecified precision	Tokamaks	Spherical Tokamak	Operating	Princeton Plasma Physics Laboratory			https://nucleus.iaea.org/sites/fusion-portal/SitePages/FFDB.aspx?web=1	IAEA FFDB visible source catalogue	2026-10-02	IAEA FFDB source-specific reuse permission	Dated publisher discovery record; no independent scientific approval. Publisher map location; facility/device granularity and precision are unspecified.	Public	Experimental	https://www.pppl.gov/nstx
iaea-ffdb:Hammir-DT/United%20States/Realta%20Fusion	Hammir-DT		United States				Innovative/Alternative Concepts	Magnetic Mirror Machine	Planned	Realta Fusion			https://nucleus.iaea.org/sites/fusion-portal/SitePages/FFDB.aspx?web=1	IAEA FFDB visible source catalogue	2026-10-02	IAEA FFDB source-specific reuse permission	Dated publisher discovery record; no independent scientific approval. No coordinate supplied in the visible source map.	Private	Plant	
iaea-ffdb:WHAM/United%20States/Realta%20Fusion	WHAM		United States	42.96084	-89.29009	publisher map location; unspecified precision	Innovative/Alternative Concepts	Magnetic Mirror Machine	Operating	Realta Fusion			https://nucleus.iaea.org/sites/fusion-portal/SitePages/FFDB.aspx?web=1	IAEA FFDB visible source catalogue	2026-10-02	IAEA FFDB source-specific reuse permission	Dated publisher discovery record; no independent scientific approval. Publisher map location; facility/device granularity and precision are unspecified.	Public	Experimental	https://wippl.wisc.edu/wisconsin-hts-axisymmetric-mirror/
iaea-ffdb:Z%20Machine/United%20States/Sandia%20National%20Laboratories	Z Machine		United States	35.06062	-106.53461	publisher map location; unspecified precision	Innovative/Alternative Concepts	Pinch	Operating	Sandia National Laboratories			https://nucleus.iaea.org/sites/fusion-portal/SitePages/FFDB.aspx?web=1	IAEA FFDB visible source catalogue	2026-10-02	IAEA FFDB source-specific reuse permission	Dated publisher discovery record; no independent scientific approval. Publisher map location; facility/device granularity and precision are unspecified.	Public	Experimental	https://www.sandia.gov/z-machine/
iaea-ffdb:Da%20Vinci/United%20States/TAE%20Technologies	Da Vinci		United States				Innovative/Alternative Concepts	Field Reversed Configuration	Planned	TAE Technologies			https://nucleus.iaea.org/sites/fusion-portal/SitePages/FFDB.aspx?web=1	IAEA FFDB visible source catalogue	2026-10-02	IAEA FFDB source-specific reuse permission	Dated publisher discovery record; no independent scientific approval. No coordinate supplied in the visible source map.	Private	Plant	
iaea-ffdb:Norm/United%20States/TAE%20Technologies	Norm		United States	33.67642	-117.65131	publisher map location; unspecified precision	Innovative/Alternative Concepts	Field Reversed Configuration	Operating	TAE Technologies			https://nucleus.iaea.org/sites/fusion-portal/SitePages/FFDB.aspx?web=1	IAEA FFDB visible source catalogue	2026-10-02	IAEA FFDB source-specific reuse permission	Dated publisher discovery record; no independent scientific approval. Publisher map location; facility/device granularity and precision are unspecified.	Private	Experimental	https://tae.com/
iaea-ffdb:Eos/United%20States/Thea%20Energy	Eos		United States				Stellarators/Heliotrons	Stellarator	Planned	Thea Energy			https://nucleus.iaea.org/sites/fusion-portal/SitePages/FFDB.aspx?web=1	IAEA FFDB visible source catalogue	2026-10-02	IAEA FFDB source-specific reuse permission	Dated publisher discovery record; no independent scientific approval. No coordinate supplied in the visible source map.	Private	Experimental	
iaea-ffdb:Helios/United%20States/Thea%20Energy	Helios		United States				Stellarators/Heliotrons	Stellarator	Planned	Thea Energy			https://nucleus.iaea.org/sites/fusion-portal/SitePages/FFDB.aspx?web=1	IAEA FFDB visible source catalogue	2026-10-02	IAEA FFDB source-specific reuse permission	Dated publisher discovery record; no independent scientific approval. No coordinate supplied in the visible source map.	Private	Plant	
iaea-ffdb:Infinity%20One/United%20States/Type%20One%20Energy%20Group	Infinity One		United States	36.0209	-84.15455	publisher map location; unspecified precision	Stellarators/Heliotrons	Stellarator	Planned	Type One Energy Group			https://nucleus.iaea.org/sites/fusion-portal/SitePages/FFDB.aspx?web=1	IAEA FFDB visible source catalogue	2026-10-02	IAEA FFDB source-specific reuse permission	Dated publisher discovery record; no independent scientific approval. Publisher map location; facility/device granularity and precision are unspecified.	Private	Experimental	https://typeoneenergy.com/
iaea-ffdb:Infinity%20Two/United%20States/Type%20One%20Energy%20Group	Infinity Two		United States				Stellarators/Heliotrons	Stellarator	Planned	Type One Energy Group			https://nucleus.iaea.org/sites/fusion-portal/SitePages/FFDB.aspx?web=1	IAEA FFDB visible source catalogue	2026-10-02	IAEA FFDB source-specific reuse permission	Dated publisher discovery record; no independent scientific approval. No coordinate supplied in the visible source map.	Private	Plant	
iaea-ffdb:HIDRA/United%20States/University%20of%20Illinois	HIDRA		United States	40.11185	-88.22824	publisher map location; unspecified precision	Stellarators/Heliotrons	Stellarator/Tokamak	Operating	University of Illinois			https://nucleus.iaea.org/sites/fusion-portal/SitePages/FFDB.aspx?web=1	IAEA FFDB visible source catalogue	2026-10-02	IAEA FFDB source-specific reuse permission	Dated publisher discovery record; no independent scientific approval. Publisher map location; facility/device granularity and precision are unspecified.	Public	Experimental	https://cpmi.illinois.edu/2016/04/26/hidra-hybrid-illinois-device-for-research-and-applications/
iaea-ffdb:Zebra/United%20States/University%20of%20Nevada	Zebra		United States	39.54116	-119.81406	publisher map location; unspecified precision	Innovative/Alternative Concepts	Pinch	Operating	University of Nevada			https://nucleus.iaea.org/sites/fusion-portal/SitePages/FFDB.aspx?web=1	IAEA FFDB visible source catalogue	2026-10-02	IAEA FFDB source-specific reuse permission	Dated publisher discovery record; no independent scientific approval. Publisher map location; facility/device granularity and precision are unspecified.	Public	Experimental	https://www.unr.edu/physics/zppl
iaea-ffdb:OMEGA/United%20States/University%20of%20Rochester%20Laboratory%20for%20Laser%20Energetics	OMEGA		United States	43.11301	-77.63195	publisher map location; unspecified precision	Laser/Inertial	Laser Fusion	Operating	University of Rochester Laboratory for Laser Energetics			https://nucleus.iaea.org/sites/fusion-portal/SitePages/FFDB.aspx?web=1	IAEA FFDB visible source catalogue	2026-10-02	IAEA FFDB source-specific reuse permission	Dated publisher discovery record; no independent scientific approval. Publisher map location; facility/device granularity and precision are unspecified.	Public	Experimental	http://www.lle.rochester.edu/omega_facility/
iaea-ffdb:ETOS/United%20States/University%20of%20Wisconsin-Madison	ETOS		United States	43.07551	-89.41545	publisher map location; unspecified precision	Stellarators/Heliotrons	Stellarator	Under construction	University of Wisconsin-Madison			https://nucleus.iaea.org/sites/fusion-portal/SitePages/FFDB.aspx?web=1	IAEA FFDB visible source catalogue	2026-10-02	IAEA FFDB source-specific reuse permission	Dated publisher discovery record; no independent scientific approval. Publisher map location; facility/device granularity and precision are unspecified.	Public	Experimental	https://ui.adsabs.harvard.edu/abs/2023APS..DPPGP1105G/abstract
iaea-ffdb:HSX/United%20States/University%20of%20Wisconsin-Madison	HSX		United States	43.07583	-89.41186	publisher map location; unspecified precision	Stellarators/Heliotrons	Stellarator	Operating	University of Wisconsin-Madison			https://nucleus.iaea.org/sites/fusion-portal/SitePages/FFDB.aspx?web=1	IAEA FFDB visible source catalogue	2026-10-02	IAEA FFDB source-specific reuse permission	Dated publisher discovery record; no independent scientific approval. Publisher map location; facility/device granularity and precision are unspecified.	Public	Experimental	https://hsx.wisc.edu/
iaea-ffdb:MST/United%20States/University%20of%20Wisconsin-Madison	MST		United States	43.07389	-89.40538	publisher map location; unspecified precision	Innovative/Alternative Concepts	Reversed Field Pinch	Operating	University of Wisconsin-Madison			https://nucleus.iaea.org/sites/fusion-portal/SitePages/FFDB.aspx?web=1	IAEA FFDB visible source catalogue	2026-10-02	IAEA FFDB source-specific reuse permission	Dated publisher discovery record; no independent scientific approval. Publisher map location; facility/device granularity and precision are unspecified.	Public	Experimental	http://plasma.physics.wisc.edu/viewpage.php?id=mst
iaea-ffdb:Pegasus-III/United%20States/University%20of%20Wisconsin-Madison	Pegasus-III		United States	43.07712	-89.41221	publisher map location; unspecified precision	Tokamaks	Spherical Tokamak	Operating	University of Wisconsin-Madison			https://nucleus.iaea.org/sites/fusion-portal/SitePages/FFDB.aspx?web=1	IAEA FFDB visible source catalogue	2026-10-02	IAEA FFDB source-specific reuse permission	Dated publisher discovery record; no independent scientific approval. Publisher map location; facility/device granularity and precision are unspecified.	Public	Experimental	https://pegasus.ep.wisc.edu/
iaea-ffdb:Anvil/United%20States/Xcimer%20Energy	Anvil		United States				Laser/Inertial	Laser Fusion	Planned	Xcimer Energy			https://nucleus.iaea.org/sites/fusion-portal/SitePages/FFDB.aspx?web=1	IAEA FFDB visible source catalogue	2026-10-02	IAEA FFDB source-specific reuse permission	Dated publisher discovery record; no independent scientific approval. No coordinate supplied in the visible source map.	Private	Experimental	
iaea-ffdb:Athena/United%20States/Xcimer%20Energy	Athena		United States				Laser/Inertial	Laser Fusion	Planned	Xcimer Energy			https://nucleus.iaea.org/sites/fusion-portal/SitePages/FFDB.aspx?web=1	IAEA FFDB visible source catalogue	2026-10-02	IAEA FFDB source-specific reuse permission	Dated publisher discovery record; no independent scientific approval. No coordinate supplied in the visible source map.	Private	Plant	
iaea-ffdb:Phoenix/United%20States/Xcimer%20Energy	Phoenix		United States	39.78348	-104.86827	publisher map location; unspecified precision	Laser/Inertial	Laser Fusion	Under construction	Xcimer Energy			https://nucleus.iaea.org/sites/fusion-portal/SitePages/FFDB.aspx?web=1	IAEA FFDB visible source catalogue	2026-10-02	IAEA FFDB source-specific reuse permission	Dated publisher discovery record; no independent scientific approval. Publisher map location; facility/device granularity and precision are unspecified.	Private	Experimental	https://xcimer.energy/
iaea-ffdb:Vulcan/United%20States/Xcimer%20Energy	Vulcan		United States				Laser/Inertial	Laser Fusion	Planned	Xcimer Energy			https://nucleus.iaea.org/sites/fusion-portal/SitePages/FFDB.aspx?web=1	IAEA FFDB visible source catalogue	2026-10-02	IAEA FFDB source-specific reuse permission	Dated publisher discovery record; no independent scientific approval. No coordinate supplied in the visible source map.	Private	Experimental	
iaea-ffdb:Demo/United%20States/Zap%20Energy	Demo		United States				Innovative/Alternative Concepts	Pinch	Planned	Zap Energy			https://nucleus.iaea.org/sites/fusion-portal/SitePages/FFDB.aspx?web=1	IAEA FFDB visible source catalogue	2026-10-02	IAEA FFDB source-specific reuse permission	Dated publisher discovery record; no independent scientific approval. No coordinate supplied in the visible source map.	Private	Experimental	
iaea-ffdb:FuZE-3/United%20States/Zap%20Energy	FuZE-3		United States	47.60197	-122.33171	publisher map location; unspecified precision	Innovative/Alternative Concepts	Pinch	Operating	Zap Energy			https://nucleus.iaea.org/sites/fusion-portal/SitePages/FFDB.aspx?web=1	IAEA FFDB visible source catalogue	2026-10-02	IAEA FFDB source-specific reuse permission	Dated publisher discovery record; no independent scientific approval. Publisher map location; facility/device granularity and precision are unspecified.	Private	Experimental	https://www.zapenergyinc.com/
iaea-ffdb:Millenium/United%20States/Zap%20Energy	Millenium		United States				Innovative/Alternative Concepts	Pinch	Planned	Zap Energy			https://nucleus.iaea.org/sites/fusion-portal/SitePages/FFDB.aspx?web=1	IAEA FFDB visible source catalogue	2026-10-02	IAEA FFDB source-specific reuse permission	Dated publisher discovery record; no independent scientific approval. No coordinate supplied in the visible source map.	Private	Experimental	
iaea-ffdb:Zap%20Plant/United%20States/Zap%20Energy	Zap Plant		United States				Innovative/Alternative Concepts	Pinch	Planned	Zap Energy			https://nucleus.iaea.org/sites/fusion-portal/SitePages/FFDB.aspx?web=1	IAEA FFDB visible source catalogue	2026-10-02	IAEA FFDB source-specific reuse permission	Dated publisher discovery record; no independent scientific approval. No coordinate supplied in the visible source map.	Private	Plant	
