source_id	source_name	publisher	url	role	countries	retrieved	rights_basis	use_decision	notes
sckcen_br1_70	BR1 celebrates its 70th anniversary	Belgian Nuclear Research Centre (SCK CEN)	https://www.sckcen.be/en/news/research-reactor-br1-celebrates-its-70th-anniversary	primary operator	Belgium	2026-09-28	Source copyright retained; isolated facts only	Included for BR1	Current named-reactor record; no prose, images or substantial database content copied.
vtt_fir1	Decommissioning of FiR 1 nuclear reactor	VTT Technical Research Centre of Finland	https://www.vttresearch.com/en/decommissioning-fir-1-nuclear-reactor	primary operator	Finland	2026-09-28	Source copyright retained; isolated facts only	Included for FiR 1	Exact facility chronology and technical facts only.
epfl_crocus	CROCUS Reactor	EPFL Laboratory for Reactor Physics and Systems Behaviour	https://www.epfl.ch/labs/lrs/facilities/crocus-reactor/	primary operator	Switzerland	2026-09-28	Source copyright retained; isolated facts only	Included for CROCUS	One named facility page; no source expression copied.
ijs_triga	TRIGA Mark II Research Reactor	Jožef Stefan Institute	https://ric.ijs.si/en/triga-reactor/	primary operator	Slovenia	2026-09-28	Source copyright retained; isolated facts only	Included for Slovenian TRIGA	Current facility page and exact reactor chronology.
necsa_safari	Multi-Purpose Research Reactor programme	South African Nuclear Energy Corporation	https://www.necsa.co.za/multi-purpose-research-reactor-mpr/	primary operator	South Africa	2026-09-28	Source copyright retained; isolated facts only	Included for SAFARI-1	Current programme page explicitly identifies the incumbent reactor and its specifications.
gaec_gharr1	February 2026 current-activity archive	Ghana Atomic Energy Commission	https://gaec.gov.gh/2026/02/	primary operator	Ghana	2026-09-28	Source copyright retained; isolated facts only	Included for GHARR-1	Contemporary government commission account; exact named facility facts only.
naec_nirr1	NIRR-1 clocks 20 years of safe operation	Nigeria Atomic Energy Commission	https://nigatom.gov.ng/nirr-1-clocks-20-yrs-of-safe-operation/	national commission	Nigeria	2026-09-28	Source copyright retained; isolated facts only	Included for NIRR-1	Anniversary account supports operation and uses; no date inferred from elapsed years.
ipen_argonauta	Argonauta: 60 years of contributions to nuclear science	IPEN/CNEN public science service	https://ipenfm.ipen.br/post/18829/reator-argonauta-60-anos-de-contribuicoes-para-a-ciencia-nuclear	primary public nuclear institute	Brazil	2026-09-28	Source copyright retained; isolated facts only	Included for Argonauta	Named-reactor history and current activity; no article prose copied.
anvs_hor	Hoger Onderwijs Reactor in Delft	Authority for Nuclear Safety and Radiation Protection	https://www.autoriteitnvs.nl/voorlichting/nucleaire-inrichtingen-nucleaire-veiligheid/hogeronderwijsreactor	national regulator	Netherlands	2026-09-28	CC0 1.0	Included for HOR	The regulator's copyright page applies CC0 1.0 to website text unless a specific copyright notice is shown; none is shown on this facility page. Images are not used.
jaec_jrtr	Jordan Nuclear Reactor for Research and Training	Jordan Atomic Energy Commission	https://www.jaec.gov.jo/En/Pages/Jordan_Nuclear_Reactor_for_Research_and_Training	national commission	Jordan	2026-09-28	Source copyright retained; isolated facts only	Included for JRTR	Page was updated 3 September 2026; all-rights-reserved notice preserved.
iaea_rrdb	Research Reactor Database	International Atomic Energy Agency	https://nucleus.iaea.org/RRDB/RR/ReactorSearch.aspx	authoritative comparison registry	Global	2026-09-28	No unambiguous open bulk-redistribution licence located	Excluded	Not scraped, bulk queried, copied or redistributed.
