source_id	title	url	publisher	role	license	retrieved	notes
uk-repd-landing	Renewable Energy Planning Database quarterly extract	https://www.gov.uk/government/publications/renewable-energy-planning-database-quarterly-extract	UK Department for Energy Security and Net Zero	Official publication page and July 2026 download index	Open Government Licence v3.0	2026-09-28	Tracks project progress from planning through construction and operation.
uk-repd-raw	Renewable Energy Planning Database July 2026 CSV	https://assets.publishing.service.gov.uk/media/6a6cbdc00c36759b5ccaa305/REPD_Publication_Q2_2026.csv	UK Department for Energy Security and Net Zero	Raw project identity, technology, status, capacity and grid-coordinate source	Open Government Licence v3.0	2026-09-28	Exact byte count and SHA-256 are recorded in source_snapshot_manifest.tsv.
uk-repd-catalogue	Renewable Energy Planning Database — data.gov.uk	https://ckan.publishing.service.gov.uk/dataset/repd	UK Department for Energy Security and Net Zero	Dataset-specific licence evidence	Open Government Licence v3.0	2026-09-28	Official catalogue explicitly identifies the dataset licence as OGL.
ordnance-survey-transform	A Guide to Coordinate Systems in Great Britain	https://www.ordnancesurvey.co.uk/documents/resources/guide-coordinate-systems-great-britain.pdf	Ordnance Survey	Official projection and approximate Helmert transformation method	Official public technical documentation	2026-09-28	OS describes the simple WGS84/OSGB36 Helmert method as approximately 3 m accuracy; used inversely for display coordinates.
ademe-h2-landing	Liste des sites de production et de distribution d’hydrogène financés par l’ADEME	https://data.ademe.fr/datasets/liste-des-sites-de-production-et-de-distribution-dhydrogene-finances-par-lademe	ADEME	Official dataset description, field caveats and licence	Licence Ouverte / Open Licence 2.0	2026-09-28	Defines Production/Distribution, Engagé/Opérationnel, capacity fields, and parcel-versus-commune coordinate caveat.
ademe-h2-api	ADEME hydrogen sites Data Fair API	https://data.ademe.fr/data-fair/api/v1/datasets/liste-des-sites-de-production-et-de-distribution-dhydrogene-finances-par-lademe/lines?size=1000&sort=_id	ADEME	Raw JSON facility/project rows	Licence Ouverte / Open Licence 2.0	2026-09-28	Exact byte count and SHA-256 are recorded in source_snapshot_manifest.tsv.
etalab-open-licence	Licence Ouverte / Open Licence 2.0	https://www.etalab.gouv.fr/licence-ouverte-open-licence	Etalab	French open-data reuse terms	Licence Ouverte / Open Licence 2.0	2026-09-28	Reuse and adaptation are permitted with attribution.
eea-uwwtd	Waterbase UWWTD treatment plants	https://www.eea.europa.eu/en/datahub/datahubitem-view/6ffd0af1-64eb-4cce-9970-0028e01ee64e	European Environment Agency	Gap-audit evidence	EEA standard reuse policy	2026-09-28	Public final 2022-2023 spatial treatment-plant dataset; deferred to a dedicated wastewater layer.
de-mastr	Marktstammdatenregister	https://www.bundesnetzagentur.de/DE/Fachthemen/ElektrizitaetundGas/Monitoringberichte/Marktstammdatenregister/start.html	Bundesnetzagentur	Gap-audit evidence	Datenlizenz Deutschland – Namensnennung – Version 2.0	2026-09-28	Licence is clear, but generator-unit modelling does not safely equal anaerobic-digestion facility modelling.
iea-h2	Hydrogen Production and Infrastructure Projects Database	https://www.iea.org/data-and-statistics/data-product/hydrogen-production-and-infrastructure-projects-database	International Energy Agency	Gap-audit evidence	Creative Commons Attribution 4.0	2026-09-28	Credential-free deterministic XLSX access and row-level coordinate suitability remain unresolved.
us-eia-refineries	Refinery Capacity Report	https://www.eia.gov/petroleum/refinerycapacity/	U.S. Energy Information Administration	Gap-audit evidence	U.S. federal public information	2026-09-28	Named process-unit capacities are available, but no source-coordinate field was confirmed.
us-eia-biofuels	Biofuels Plant Production Capacity Report	https://www.eia.gov/biofuels/capacity/	U.S. Energy Information Administration	Gap-audit evidence	U.S. federal public information	2026-09-28	Facility-level fuel ethanol and biofuel capacity is available, but no source-coordinate field was confirmed.
fr-ademe-seametha	SEA Métha	https://seametha.ademe.fr/	ADEME	Gap-audit evidence	Confidential facility declarations; non-identifying summaries only	2026-09-28	No public reusable coordinate-bearing facility export.
us-netl-china-gasification	China Gasification Database	https://www.netl.doe.gov/research/coal/energy-systems/gasification/gasification-plant-databases/china-gasification-database	U.S. Department of Energy NETL / West Virginia University	Gap-audit evidence	No clear dataset licence established	2026-09-28	Explicit gasifier types and products but city-only locations, 2014 vintage, and variable source accuracy.
