name	url	description	category	language	license	updated_at	archived	fork	topics	evidence_boundary	source_url	retrieved
scpn-control	https://github.com/anulum/scpn-control	Control-grade tokamak runtime with neuro-symbolic controllers, fail-closed admission, replay evidence, Python and Rust.	control / integration	Python	AGPL-3.0	2026-09-19T23:13:45Z	False	False	control-systems; digital-twin; formal-verification; fusion; fusion-energy; grad-shafranov; kuramoto; model-predictive-control; neuro-symbolic; petri-net; plasma-control; plasma-physics; pyo3; python; real-time-control; rust; safety-critical-systems; scientific-computing; spiking-neural-network; tokamak	Control, simulation and formal-contract evidence must not be promoted to hardware or reactor validation without the repository's stated gate.	https://api.github.com/repos/anulum/scpn-control	2026-09-27
scpn-mif-core	https://github.com/anulum/scpn-mif-core	Pulsed FRC kinematics, deterministic trigger logic, FPGA/RTL and formal verification for magneto-inertial fusion control.	control / integration	Python	AGPL-3.0	2026-09-19T16:13:29Z	False	False	digital-twin; field-reversed-configuration; formal-verification; fpga; fusion; fusion-energy; hardware-in-the-loop; kuramoto; lean4; magneto-inertial-fusion; plasma-control; plasma-physics; pulsed-power; pyo3; python; real-time; rtl; rust; scientific-computing; spiking-neural-network	Control, simulation and formal-contract evidence must not be promoted to hardware or reactor validation without the repository's stated gate.	https://api.github.com/repos/anulum/scpn-mif-core	2026-09-27
scpn-phase-orchestrator	https://github.com/anulum/scpn-phase-orchestrator	Evidence-first synchronization analysis and review-only control proposals for coupled rhythmic systems (Kuramoto/UPDE), with reproducible audits.	control / integration	Python	NOASSERTION	2026-09-27T15:46:17Z	False	False	coherence-control; control-systems; coupled-oscillators; digital-twin; dynamical-systems; early-warning-signals; kuramoto; kuramoto-model; network-science; phase-dynamics; phase-synchronization; python; reproducible-research; rust; scientific-computing; scpn; synchrony; upde	Control, simulation and formal-contract evidence must not be promoted to hardware or reactor validation without the repository's stated gate.	https://api.github.com/repos/anulum/scpn-phase-orchestrator	2026-09-27
scpn-quantum-control	https://github.com/anulum/scpn-quantum-control	Evidence-governed quantum simulation of coupled-oscillator synchronisation — Kuramoto–XY workloads on Superconducting Computers, raw counts + hash-bound result packs, preregistered protocols.	control / integration	Python	NOASSERTION	2026-09-27T15:14:43Z	False	False	coupled-oscillators; fusion-energy; ibm-quantum; kuramoto; nisq; physics-simulation; plasma-control; plasma-physics; pyo3; python; qiskit; quantum-circuit; quantum-computing; quantum-control; quantum-physics; quantum-simulation; rust; spiking-neural-networks; tokamak; vqe	Control, simulation and formal-contract evidence must not be promoted to hardware or reactor validation without the repository's stated gate.	https://api.github.com/repos/anulum/scpn-quantum-control	2026-09-27
scpn-beam-target-core	https://github.com/anulum/scpn-beam-target-core	SCPN Beam Target Core — governed device-family repository in the SCPN Reactor Systems Research Group.	device-family architecture	Python	AGPL-3.0	2026-09-19T22:45:52Z	False	False		Repository identity and code establish an implementation boundary, not independent reactor-performance validation.	https://api.github.com/repos/anulum/scpn-beam-target-core	2026-09-27
scpn-dense-plasma-focus-core	https://github.com/anulum/scpn-dense-plasma-focus-core	SCPN Dense Plasma Focus Core — governed device-family repository in the SCPN Reactor Systems Research Group.	device-family architecture	Python	AGPL-3.0	2026-09-19T20:08:02Z	False	False		Repository identity and code establish an implementation boundary, not independent reactor-performance validation.	https://api.github.com/repos/anulum/scpn-dense-plasma-focus-core	2026-09-27
scpn-frc-core	https://github.com/anulum/scpn-frc-core	SCPN FRC Core — governed device-family repository in the SCPN Reactor Systems Research Group.	device-family architecture	Python	AGPL-3.0	2026-09-19T20:12:26Z	False	False		Repository identity and code establish an implementation boundary, not independent reactor-performance validation.	https://api.github.com/repos/anulum/scpn-frc-core	2026-09-27
scpn-fusion-fission-hybrid-core	https://github.com/anulum/scpn-fusion-fission-hybrid-core	SCPN Fusion Fission Hybrid Core — governed device-family repository in the SCPN Reactor Systems Research Group.	device-family architecture	Python	AGPL-3.0	2026-09-19T20:15:43Z	False	False		Repository identity and code establish an implementation boundary, not independent reactor-performance validation.	https://api.github.com/repos/anulum/scpn-fusion-fission-hybrid-core	2026-09-27
scpn-icf-beam-core	https://github.com/anulum/scpn-icf-beam-core	SCPN ICF Beam Core — governed device-family repository in the SCPN Reactor Systems Research Group.	device-family architecture	Python	AGPL-3.0	2026-09-19T20:17:09Z	False	False		Repository identity and code establish an implementation boundary, not independent reactor-performance validation.	https://api.github.com/repos/anulum/scpn-icf-beam-core	2026-09-27
scpn-icf-impact-core	https://github.com/anulum/scpn-icf-impact-core	SCPN ICF Impact Core — governed device-family repository in the SCPN Reactor Systems Research Group.	device-family architecture	Python	AGPL-3.0	2026-09-19T20:18:01Z	False	False		Repository identity and code establish an implementation boundary, not independent reactor-performance validation.	https://api.github.com/repos/anulum/scpn-icf-impact-core	2026-09-27
scpn-icf-laser-core	https://github.com/anulum/scpn-icf-laser-core	SCPN ICF Laser Core — governed device-family repository in the SCPN Reactor Systems Research Group.	device-family architecture	Python	AGPL-3.0	2026-09-19T20:19:33Z	False	False		Repository identity and code establish an implementation boundary, not independent reactor-performance validation.	https://api.github.com/repos/anulum/scpn-icf-laser-core	2026-09-27
scpn-iec-core	https://github.com/anulum/scpn-iec-core	SCPN IEC Core — governed device-family repository in the SCPN Reactor Systems Research Group.	device-family architecture	Python	AGPL-3.0	2026-09-19T20:22:47Z	False	False		Repository identity and code establish an implementation boundary, not independent reactor-performance validation.	https://api.github.com/repos/anulum/scpn-iec-core	2026-09-27
scpn-lattice-fusion-core	https://github.com/anulum/scpn-lattice-fusion-core	SCPN Lattice Fusion Core — governed device-family repository in the SCPN Reactor Systems Research Group.	device-family architecture	Python	AGPL-3.0	2026-09-19T20:22:50Z	False	False		Repository identity and code establish an implementation boundary, not independent reactor-performance validation.	https://api.github.com/repos/anulum/scpn-lattice-fusion-core	2026-09-27
scpn-levitated-dipole-core	https://github.com/anulum/scpn-levitated-dipole-core	SCPN Levitated Dipole Core — governed device-family repository in the SCPN Reactor Systems Research Group.	device-family architecture	Python	AGPL-3.0	2026-09-19T20:37:54Z	False	False		Repository identity and code establish an implementation boundary, not independent reactor-performance validation.	https://api.github.com/repos/anulum/scpn-levitated-dipole-core	2026-09-27
scpn-magnetic-cusp-core	https://github.com/anulum/scpn-magnetic-cusp-core	SCPN Magnetic Cusp Core — governed device-family repository in the SCPN Reactor Systems Research Group.	device-family architecture	Python	AGPL-3.0	2026-09-19T20:38:16Z	False	False		Repository identity and code establish an implementation boundary, not independent reactor-performance validation.	https://api.github.com/repos/anulum/scpn-magnetic-cusp-core	2026-09-27
scpn-mif-liner-core	https://github.com/anulum/scpn-mif-liner-core	SCPN MIF Liner Core — governed device-family repository in the SCPN Reactor Systems Research Group.	device-family architecture	Python	AGPL-3.0	2026-09-19T20:20:30Z	False	False		Repository identity and code establish an implementation boundary, not independent reactor-performance validation.	https://api.github.com/repos/anulum/scpn-mif-liner-core	2026-09-27
scpn-mif-maglif-core	https://github.com/anulum/scpn-mif-maglif-core	SCPN MIF MagLIF Core — governed device-family repository in the SCPN Reactor Systems Research Group.	device-family architecture	Python	AGPL-3.0	2026-09-19T20:21:25Z	False	False		Repository identity and code establish an implementation boundary, not independent reactor-performance validation.	https://api.github.com/repos/anulum/scpn-mif-maglif-core	2026-09-27
scpn-mif-plasma-jet-core	https://github.com/anulum/scpn-mif-plasma-jet-core	SCPN MIF Plasma Jet Core — governed device-family repository in the SCPN Reactor Systems Research Group.	device-family architecture	Python	AGPL-3.0	2026-09-19T20:21:39Z	False	False		Repository identity and code establish an implementation boundary, not independent reactor-performance validation.	https://api.github.com/repos/anulum/scpn-mif-plasma-jet-core	2026-09-27
scpn-mirror-core	https://github.com/anulum/scpn-mirror-core	SCPN Mirror Core — governed device-family repository in the SCPN Reactor Systems Research Group.	device-family architecture	Python	AGPL-3.0	2026-09-19T20:38:50Z	False	False		Repository identity and code establish an implementation boundary, not independent reactor-performance validation.	https://api.github.com/repos/anulum/scpn-mirror-core	2026-09-27
scpn-muon-fusion-core	https://github.com/anulum/scpn-muon-fusion-core	SCPN Muon Fusion Core — governed device-family repository in the SCPN Reactor Systems Research Group.	device-family architecture	Python	AGPL-3.0	2026-09-19T20:38:53Z	False	False		Repository identity and code establish an implementation boundary, not independent reactor-performance validation.	https://api.github.com/repos/anulum/scpn-muon-fusion-core	2026-09-27
scpn-rfp-core	https://github.com/anulum/scpn-rfp-core	SCPN RFP Core — governed device-family repository in the SCPN Reactor Systems Research Group.	device-family architecture	Python	AGPL-3.0	2026-09-19T20:39:18Z	False	False		Repository identity and code establish an implementation boundary, not independent reactor-performance validation.	https://api.github.com/repos/anulum/scpn-rfp-core	2026-09-27
scpn-spheromak-core	https://github.com/anulum/scpn-spheromak-core	SCPN Spheromak Core — governed device-family repository in the SCPN Reactor Systems Research Group.	device-family architecture	Python	AGPL-3.0	2026-09-19T20:39:56Z	False	False		Repository identity and code establish an implementation boundary, not independent reactor-performance validation.	https://api.github.com/repos/anulum/scpn-spheromak-core	2026-09-27
scpn-stellarator-core	https://github.com/anulum/scpn-stellarator-core	SCPN Stellarator Core — governed device-family repository in the SCPN Reactor Systems Research Group.	device-family architecture	Python	AGPL-3.0	2026-09-19T20:40:07Z	False	False		Repository identity and code establish an implementation boundary, not independent reactor-performance validation.	https://api.github.com/repos/anulum/scpn-stellarator-core	2026-09-27
scpn-theta-pinch-core	https://github.com/anulum/scpn-theta-pinch-core	SCPN Theta Pinch Core — governed device-family repository in the SCPN Reactor Systems Research Group.	device-family architecture	Python	AGPL-3.0	2026-09-19T21:46:54Z	False	False		Repository identity and code establish an implementation boundary, not independent reactor-performance validation.	https://api.github.com/repos/anulum/scpn-theta-pinch-core	2026-09-27
scpn-tokamak-core	https://github.com/anulum/scpn-tokamak-core	SCPN Tokamak Core — device configuration and diagnostic-plan truth for tokamak reactor concepts.	device-family architecture	Python	AGPL-3.0	2026-09-19T20:22:13Z	False	False		Repository identity and code establish an implementation boundary, not independent reactor-performance validation.	https://api.github.com/repos/anulum/scpn-tokamak-core	2026-09-27
scpn-z-pinch-core	https://github.com/anulum/scpn-z-pinch-core	SCPN Z-Pinch Core — governed device-family repository in the SCPN Reactor Systems Research Group.	device-family architecture	Python	AGPL-3.0	2026-09-19T20:40:44Z	False	False		Repository identity and code establish an implementation boundary, not independent reactor-performance validation.	https://api.github.com/repos/anulum/scpn-z-pinch-core	2026-09-27
scpn-fusion-core	https://github.com/anulum/scpn-fusion-core	Evidence-bounded tokamak physics and control toolkit with differentiable free-boundary equilibrium solvers, validation campaigns, Python and Rust.	shared physics / kernels	Python	AGPL-3.0	2026-09-19T18:39:46Z	False	False	ai-surrogates; control-systems; differentiable-programming; digital-twin; fusion; fusion-energy; grad-shafranov; machine-learning; mhd; neuro-symbolic; nuclear-engineering; numpy; petri-net; plasma-physics; python; rust; scientific-computing; scipy; spiking-neural-network; tokamak	Software capability and repository tests are not evidence of physical-device or power-plant performance.	https://api.github.com/repos/anulum/scpn-fusion-core	2026-09-27
scpn-reactor-kernels	https://github.com/anulum/scpn-reactor-kernels	SCPN Reactor Kernels — shared physics and geometry kernel library of the SCPN Reactor Systems Research Group.	shared physics / kernels	Python	AGPL-3.0	2026-09-19T22:34:49Z	False	False		Software capability and repository tests are not evidence of physical-device or power-plant performance.	https://api.github.com/repos/anulum/scpn-reactor-kernels	2026-09-27
LOOP-TIMING-WITNESS	https://github.com/anulum/LOOP-TIMING-WITNESS	Open hardware timing witness for real-time control loops on PolarFire SoC	supporting hardware / compute	Python	AGPL-3.0	2026-09-24T17:44:38Z	False	False		Supporting compute or timing evidence is not a reactor result.	https://api.github.com/repos/anulum/LOOP-TIMING-WITNESS	2026-09-27
sc-neurocore	https://github.com/anulum/sc-neurocore	Universal Stochastic Computing Framework for Neuromorphic Hardware — Rust SIMD engine, Python simulation, Verilog RTL, HDC/VSA, SCPN integration	supporting hardware / compute	Python	AGPL-3.0	2026-09-25T14:24:22Z	False	False	edge-ai; fpga; hyper-dimensional-computing; neuromorphic; neuromorphic-computing; petri-nets; pyo3; quantum; rust; simd; snn; spiking-neural-networks; stochastic-computing; verilog	Supporting compute or timing evidence is not a reactor result.	https://api.github.com/repos/anulum/sc-neurocore	2026-09-27
