stage	country	records	unknown_status	unknown_or_generic_reactor_type	unknown_thermal_power_mw	unknown_operator	unknown_purpose	unknown_first_criticality	unpopulated_shutdown_date
after_round3	(unknown country)	7	7	7	7	7	7	7	7
after_round3	Algeria	3	3	3	3	3	3	3	3
after_round3	Argentina	1	1	1	1	1	1	1	1
after_round3	Australia	3	0	0	0	0	1	3	1
after_round3	Austria	2	1	1	1	1	1	1	2
after_round3	Belgium	4	2	3	4	3	3	3	3
after_round3	Brazil	1	0	0	1	0	0	0	1
after_round3	Bulgaria	1	1	1	1	1	1	1	1
after_round3	Canada	17	2	7	13	8	5	17	14
after_round3	Czech Republic	2	0	1	2	0	0	2	2
after_round3	Democratic Republic of the Congo	1	1	1	1	1	1	1	1
after_round3	Egypt	2	2	2	2	1	2	2	2
after_round3	Finland	1	0	0	0	0	0	1	0
after_round3	France	32	18	29	32	27	31	32	19
after_round3	Germany	22	17	17	22	19	21	22	17
after_round3	Ghana	1	0	0	0	0	0	1	1
after_round3	India	3	2	3	3	1	3	3	2
after_round3	Iran	2	2	2	2	0	2	2	2
after_round3	Italy	4	4	3	4	1	4	4	4
after_round3	Japan	10	6	7	7	7	7	7	8
after_round3	Jordan	1	0	0	0	0	0	1	1
after_round3	Netherlands	4	1	2	4	2	3	4	3
after_round3	Nigeria	1	0	1	1	0	0	1	1
after_round3	Pakistan	1	1	1	1	1	1	1	1
after_round3	People's Republic of China	2	2	2	2	2	2	2	2
after_round3	Philippines	1	1	1	1	1	1	1	1
after_round3	Poland	3	2	2	2	2	2	2	3
after_round3	Russia	6	6	6	6	6	6	6	6
after_round3	Russia|Soviet Union	1	0	1	1	1	1	1	0
after_round3	Slovenia	1	0	0	0	0	0	0	1
after_round3	South Africa	1	0	0	0	0	0	0	1
after_round3	South Korea	1	0	0	0	0	0	0	1
after_round3	Spain	1	1	0	1	0	1	1	1
after_round3	Sweden	4	2	4	4	4	4	4	2
after_round3	Switzerland	1	0	0	0	0	0	1	1
after_round3	Taiwan	1	0	1	1	0	1	1	0
after_round3	Turkey	1	1	1	1	1	1	1	1
after_round3	Ukraine	1	1	1	1	0	1	1	1
after_round3	United Kingdom	5	3	3	5	5	5	4	3
after_round3	United States	15	5	7	9	7	15	15	11
after_round3	Venezuela	1	1	1	1	1	1	1	1
after_round4	(unknown country)	7	7	7	7	7	7	7	7
after_round4	Algeria	3	1	3	3	1	1	3	3
after_round4	Argentina	1	0	0	0	0	0	0	1
after_round4	Australia	3	0	0	0	0	1	3	1
after_round4	Austria	2	1	1	1	1	1	1	2
after_round4	Belgium	4	2	3	4	3	3	3	3
after_round4	Brazil	1	0	0	1	0	0	0	1
after_round4	Bulgaria	1	1	1	1	1	1	1	1
after_round4	Canada	17	2	7	13	8	5	17	14
after_round4	Czech Republic	2	0	1	2	0	0	2	2
after_round4	Democratic Republic of the Congo	1	1	1	1	1	1	1	1
after_round4	Egypt	2	2	2	2	1	2	2	2
after_round4	Finland	1	0	0	0	0	0	1	0
after_round4	France	32	16	28	30	26	30	31	18
after_round4	Germany	22	16	16	21	19	20	21	17
after_round4	Ghana	1	0	0	0	0	0	1	1
after_round4	India	3	1	2	2	0	2	2	2
after_round4	Iran	2	2	2	2	0	2	2	2
after_round4	Italy	4	2	1	2	1	2	2	4
after_round4	Japan	10	6	7	7	7	7	7	8
after_round4	Jordan	1	0	0	0	0	0	1	1
after_round4	Netherlands	4	1	2	4	2	3	4	3
after_round4	Nigeria	1	0	1	1	0	0	1	1
after_round4	Pakistan	1	1	1	1	1	1	1	1
after_round4	People's Republic of China	2	2	0	0	0	0	0	2
after_round4	Philippines	1	0	1	1	0	0	0	0
after_round4	Poland	3	2	2	2	2	2	2	3
after_round4	Russia	6	6	6	6	6	6	6	6
after_round4	Russia|Soviet Union	1	0	1	1	1	1	1	0
after_round4	Slovenia	1	0	0	0	0	0	0	1
after_round4	South Africa	1	0	0	0	0	0	0	1
after_round4	South Korea	1	0	0	0	0	0	0	1
after_round4	Spain	1	1	0	1	0	1	1	1
after_round4	Sweden	4	1	2	2	2	2	4	2
after_round4	Switzerland	1	0	0	0	0	0	1	1
after_round4	Taiwan	1	0	1	1	0	1	1	0
after_round4	Turkey	1	1	1	1	1	1	1	1
after_round4	Ukraine	1	1	1	1	0	1	1	1
after_round4	United Kingdom	5	3	3	5	5	5	4	3
after_round4	United States	15	5	7	9	7	15	15	11
after_round4	Venezuela	1	1	1	1	1	1	1	1
