section	source_type	title	organization_or_author	url_or_local_path	use_and_evidence_boundary
all	local-library	Reactor Research Library — index	Local curated archive	../00_index/README.md	Scope, access policy and evidence labels
nuclear	local-library	Nuclear reactor and plasma-fusion research library	Local curated archive	../01_nuclear/README.md	Source-of-truth catalogue for fission and plasma-fusion material
chemical	local-library	Chemical and biochemical reactor library	Local curated archive	../02_chemical_biochemical/README.md	Source-of-truth catalogue for chemical/biochemical material
hybrid	local-library	Hybrid and emerging reactor library	Local curated archive	../03_hybrid_emerging/README.md	Critical source set; not endorsement of disputed claims
nuclear	external-authority	Nuclear Reactor Technology Assessment for Near Term Deployment	IAEA	https://www.iaea.org/publications/8235/nuclear-reactor-technology-assessment-for-near-term-deployment	Technology-neutral reactor assessment
nuclear	external-authority	Reactor Concepts Manual: Pressurized Water Reactor Systems	US NRC	https://www.nrc.gov/reading-rm/basic-ref/students/for-educators/04.pdf	Basic PWR systems explanation
nuclear	external-authority	Advances in Small Modular Reactor Technology Developments	IAEA	https://aris.iaea.org/Publications/SMR_booklet_2024.pdf	Vendor/design survey; not independent performance validation
fusion	external-authority	Fundamentals of Magnetic Fusion Technology	IAEA	https://www.iaea.org/publications/15796/fundamentals-of-magnetic-fusion-technology	Cross-cutting magnetic-fusion technology
fusion	external-authority	Fusion Technology Readiness Levels	IAEA	https://www.iaea.org/publications/15497/fusion-technology-readiness-levels	Distinguishes plasma results from component/system readiness
fusion	external-authority	ITER research and machine information	ITER Organization	https://www.iter.org/	Official project context; ITER is experimental, not a commercial station
fusion	external-authority	Bringing Fusion to the U.S. Grid	US DOE FESAC	https://science.osti.gov/-/media/fes/fesac/pdf/2020/FESAC_Long_Range_Plan_2020.pdf	Fusion research planning and engineering gaps
chemical	external-education	Chemical and Biological Reaction Engineering	MIT OpenCourseWare	https://ocw.mit.edu/courses/10-37-chemical-and-biological-reaction-engineering-spring-2007/	Open lecture notes for batch, CSTR, PFR, RTD and catalysis
chemical	external-authority	Fuel Cell Handbook, 7th edition	US DOE NETL	https://netl.doe.gov/sites/default/files/netl-file/FCHandbook7.pdf	Electrochemical energy conversion reference
biochemical	external-authority	Anaerobic Digester/Biogas System Operator Guidebook	US EPA AgSTAR	https://www.epa.gov/agstar/anaerobic-digesterbiogas-system-operator-guidebook	Operation, monitoring and safety orientation
hybrid	external-authority	Fusion-Fission Hybrid Research Needs Workshop Report	US DOE	https://www.osti.gov/biblio/1006398	Hybrid research questions; conceptual/research status
hybrid	external-authority	Status of Accelerator Driven Systems Research and Technology Development	IAEA	https://www.iaea.org/publications/10994/status-of-accelerator-driven-systems-research-and-technology-development	ADS system status
lenr	external-critical	Cold Fusion Research (ERAB review)	US DOE	https://www.osti.gov/biblio/5706354	Historical critical evaluation
lenr	external-critical	Revisiting the cold case of cold fusion	Google Research collaboration / Nature	https://doi.org/10.1038/s41586-019-1256-6	Multi-year investigation; did not establish claimed effect
lenr	external-critical	Project Callisto reports	Project Callisto	https://callisto.report/	Large replication campaign and null/critical evidence
lattice-fusion	external-research	A New Way of Triggering Nuclear Fusion	NASA Glenn	https://ntrs.nasa.gov/citations/20210025501	Externally driven lattice-confinement work; distinct from chemistry-only LENR claims
github	user-project	anulum profile	Miroslav Sotek / ANULUM	https://github.com/anulum	User-owned public repository ecosystem; repository presence is not independent validation
github	user-project	scpn-fusion-core	anulum	https://github.com/anulum/scpn-fusion-core	Implemented research toolkit; performance and scientific fidelity remain evidence-scoped
github	user-project	scpn-mif-core	anulum	https://github.com/anulum/scpn-mif-core	Simulator/formal timing evidence; hardware and reactor readiness not implied
github	user-project	scpn-control	anulum	https://github.com/anulum/scpn-control	Control/admission runtime with stated synthetic and mixed-fidelity boundaries
github	user-project	scpn-phase-orchestrator	anulum	https://github.com/anulum/scpn-phase-orchestrator	Review-only synchronisation assurance layer
github	user-project	scpn-reactor-kernels	anulum	https://github.com/anulum/scpn-reactor-kernels	Shared physics/geometry kernel library
github	user-project	scpn-tokamak-core	anulum	https://github.com/anulum/scpn-tokamak-core	Device configuration and diagnostic-plan repository
github	user-project	scpn-stellarator-core	anulum	https://github.com/anulum/scpn-stellarator-core	Device-family repository; maturity must come from admitted evidence
github	user-project	scpn-fusion-fission-hybrid-core	anulum	https://github.com/anulum/scpn-fusion-fission-hybrid-core	Device-family repository; not proof of an integrated hybrid
github	user-project	scpn-lattice-fusion-core	anulum	https://github.com/anulum/scpn-lattice-fusion-core	Architecture-only governed research boundary
github	user-project	scpn-muon-fusion-core	anulum	https://github.com/anulum/scpn-muon-fusion-core	Architecture-only governed research boundary
github	local-audit	SCPN Reactor Group Deep Research handoff	Local audit snapshot	../../Documents/SCPN-Reactor-Group-Deep-Research-GOTM-Handoff-2026-09-01/README.md	Used to keep implementation, configuration, evidence and readiness claims separate
facilities	open-dataset	Global Power Plant Database	World Resources Institute	https://github.com/wri/global-power-plant-database	CC BY 4.0 plant-level discovery layer; status and reactor-unit identity require verification
facilities	open-dataset	Research-reactor discovery import	Wikidata and CNSC	../05_global_reactor_map/imports/research_reactors/README.md	172 records; Wikidata entries are discovery metadata and RRDB was not redistributed
facilities	open-dataset	Fusion-device discovery import	FusionBenchmark, Wikidata and primary institutional sources	../05_global_reactor_map/imports/fusion/README.md	146 base records plus 11 new devices and 40 exact-ID enrichment rows across three passes (34 unique existing records); IAEA FusDIS is comparison context and was not redistributed
facilities	open-dataset	Power-reactor unit import	Global Energy Monitor	../05_global_reactor_map/imports/power_units/README.md	1,823 fission or unspecified-type unit records from GNPT August 2026; CC BY 4.0
facilities	open-dataset	Industrial facility and process-project discovery import	EEA, U.S. EPA, Canada NPRI, Australia NPI, UK PRTR, SwissPRTR, UK REPD, ADEME and Brazil EPE	../05_global_reactor_map/imports/industrial_facilities/README.md	10,665 records, including Brazil biofuel layers and U.S. EPA landfill-gas projects; records are not inferred reactor vessels
companies	audit	Fusion company and project evidence audit	Multiple official and independent sources	../metadata/company_audit/README.md	98 records: 51-row baseline plus 18 first-round, 15 Asian/European second-round and 14 Latin American/MENA/other third-round candidates; separates claims, independently supported bounded milestones and unsupported claims
companies	audit	Fusion catalog depth audit and three exact-name overlays	Multiple primary, government and independent sources	../metadata/company_audit/depth_round4/README.md	98-row completeness matrix plus current-source enrichments for Neo Fusion, China Fusion Energy Corporation and Stellarex; inclusion and funding do not validate performance
companies	audit	Fusion catalog high-priority gap closures	Multiple primary, government and peer-reviewed sources	../metadata/company_audit/depth_round5/README.md	Six exact-name current-source overlays for Alpha Ring, MIFTI, Electric Fusion Systems, Crossfield Fusion, Astral Systems and Deutelio; experimental output does not establish gain
companies	audit	Fusion developer fuel-cycle and device-state gap closures	Multiple primary, government and independent sources	../metadata/company_audit/depth_round6/README.md	Ten exact-name overlays separating experimental proxy/test fuels, planned power fuels and unfueled driver platforms; device construction or funding does not establish gain
companies	audit	Fusion developer fuel-cycle and status gap closures, round 7	Multiple primary, government and independent sources	../metadata/company_audit/depth_round7/README.md	Ten exact-name overlays with project-bounded fuels, dated status and explicit negative findings; first plasma, components, patents and designs do not establish gain
ecosystem	public-metadata	ANULUM reactor-repository catalog	GitHub REST API	../metadata/anulum_github/README.md	30 public reactor-related repositories; repository evidence is not physical reactor validation
taxonomy	local-audit	Reactor taxonomy audit	Local curated audit	../metadata/taxonomy_audit/coverage.md	Audited the original 123 entries; identified and corrected three misassigned references and one broken URL
taxonomy	official-report	Research Reactor Application Assessment	IAEA	https://www-pub.iaea.org/MTCD/Publications/PDF/Pub1596_web.pdf	Introductory support for research-reactor configurations; individual facilities require their own records
taxonomy	official-web	Neutrons: compact accelerator-driven D-D and D-T generators	IAEA Nuclear Science and Instrumentation	https://nucleus.iaea.org/sites/nuclear-instrumentation/Pages/neutrons.aspx	Supports the accelerator beam-target fusion neutron-generator taxonomy entry; not evidence of net energy production
